#
# There is insufficient memory for the Java Runtime Environment to continue.
# Native memory allocation (mmap) failed to map 536870912 bytes. Error detail: committing reserved memory.
# Possible reasons:
#   The system is out of physical RAM or swap space
#   This process is running with CompressedOops enabled, and the Java Heap may be blocking the growth of the native heap
# Possible solutions:
#   Reduce memory load on the system
#   Increase physical memory or swap space
#   Check if swap backing store is full
#   Decrease Java heap size (-Xmx/-Xms)
#   Decrease number of Java threads
#   Decrease Java thread stack sizes (-Xss)
#   Set larger code cache with -XX:ReservedCodeCacheSize=
#   JVM is running with Unscaled Compressed Oops mode in which the Java heap is
#     placed in the first 4GB address space. The Java Heap base address is the
#     maximum limit for the native heap growth. Please use -XX:HeapBaseMinAddress
#     to set the Java Heap base and to place the Java Heap above 4GB virtual address.
# This output file may be truncated or incomplete.
#
#  Out of Memory Error (os_linux.cpp:2834), pid=416, tid=425
#
# JRE version: OpenJDK Runtime Environment (17.0.20+8) (build 17.0.20+8-1-deb12u1-Debian)
# Java VM: OpenJDK 64-Bit Server VM (17.0.20+8-1-deb12u1-Debian, mixed mode, sharing, tiered, compressed oops, compressed class ptrs, g1 gc, linux-amd64)
# No core dump will be written. Core dumps have been disabled. To enable core dumping, try "ulimit -c unlimited" before starting Java again
#

---------------  S U M M A R Y ------------

Command Line: --add-opens=java.base/java.util=ALL-UNNAMED --add-opens=java.base/java.lang=ALL-UNNAMED --add-opens=java.base/java.lang.invoke=ALL-UNNAMED --add-opens=java.prefs/java.util.prefs=ALL-UNNAMED --add-opens=java.base/java.nio.charset=ALL-UNNAMED --add-opens=java.base/java.net=ALL-UNNAMED --add-opens=java.base/java.util.concurrent.atomic=ALL-UNNAMED -Xmx2048m -Dfile.encoding=UTF-8 -Duser.country -Duser.language=en -Duser.variant -javaagent:/root/.gradle/wrapper/dists/gradle-8.7-bin/bhs2wmbdwecv87pi65oeuq5iu/gradle-8.7/lib/agents/gradle-instrumentation-agent-8.7.jar org.gradle.launcher.daemon.bootstrap.GradleDaemon 8.7

Host: Intel(R) Xeon(R) Processor @ 2.50GHz, 2 cores, 2G, Debian GNU/Linux 12 (bookworm)
Time: Thu Sep 24 16:38:43 2026 UTC elapsed time: 271.677708 seconds (0d 0h 4m 31s)

---------------  T H R E A D  ---------------

Current thread (0x00007f44fc0d31f0):  VMThread "VM Thread" [stack: 0x00007f45009da000,0x00007f4500ada000] [id=425]

Stack: [0x00007f45009da000,0x00007f4500ada000],  sp=0x00007f4500ad7d70,  free space=1015k
Native frames: (J=compiled Java code, j=interpreted, Vv=VM code, C=native code)
V  [libjvm.so+0xf21211]  VMError::report_and_die(int, char const*, char const*, __va_list_tag*, Thread*, unsigned char*, void*, void*, char const*, int, unsigned long)+0x171
V  [libjvm.so+0xf21d7d]  VMError::report_and_die(Thread*, char const*, int, unsigned long, VMErrorType, char const*, __va_list_tag*)+0x2d
V  [libjvm.so+0x60378c]  report_vm_out_of_memory(char const*, int, unsigned long, VMErrorType, char const*, ...)+0xdc
V  [libjvm.so+0xc2a14b]  os::pd_commit_memory_or_exit(char*, unsigned long, unsigned long, bool, char const*)+0xeb
V  [libjvm.so+0xc23ffb]  os::commit_memory_or_exit(char*, unsigned long, unsigned long, bool, char const*)+0x1b
V  [libjvm.so+0x733436]  G1PageBasedVirtualSpace::commit(unsigned long, unsigned long)+0x66
V  [libjvm.so+0x7473e0]  G1RegionsLargerThanCommitSizeMapper::commit_regions(unsigned int, unsigned long, WorkGang*)+0x110
V  [libjvm.so+0x7dadc8]  HeapRegionManager::commit_regions(unsigned int, unsigned long, WorkGang*)+0x88
V  [libjvm.so+0x7dcc0b]  HeapRegionManager::expand(unsigned int, unsigned int, WorkGang*)+0x2b
V  [libjvm.so+0x7dce27]  HeapRegionManager::expand_by(unsigned int, WorkGang*)+0x77
V  [libjvm.so+0x6ebed8]  G1CollectedHeap::expand(unsigned long, WorkGang*, double*)+0xe8
V  [libjvm.so+0x6efb29]  G1CollectedHeap::do_collection_pause_at_safepoint_helper(double)+0x8a9
V  [libjvm.so+0x6efb8f]  G1CollectedHeap::do_collection_pause_at_safepoint(double)+0x2f
V  [libjvm.so+0x76b9d7]  VM_G1CollectForAllocation::doit()+0x47
V  [libjvm.so+0xf26715]  VM_Operation::evaluate()+0xe5
V  [libjvm.so+0xf28005]  VMThread::evaluate_operation(VM_Operation*)+0x105
V  [libjvm.so+0xf2857f]  VMThread::inner_execute(VM_Operation*)+0x28f
V  [libjvm.so+0xf2878f]  VMThread::run()+0xbf
V  [libjvm.so+0xea40a5]  Thread::call_run()+0xa5
V  [libjvm.so+0xc2c8f3]  thread_native_entry(Thread*)+0xe3

VM_Operation (0x00007f44d07dd000): G1CollectForAllocation, mode: safepoint, requested by thread 0x00007f44c796cfd0


---------------  P R O C E S S  ---------------

Threads class SMR info:
_java_thread_list=0x00007f4474028220, length=66, elements={
0x00007f44fc01a770, 0x00007f44fc0d72f0, 0x00007f44fc0d86d0, 0x00007f44fc0df3b0,
0x00007f44fc0e0760, 0x00007f44fc0e1b70, 0x00007f44fc0e3520, 0x00007f44fc0e4a50,
0x00007f44fc0e5ec0, 0x00007f44fc119960, 0x00007f44fc1e6560, 0x00007f44fd166470,
0x00007f44fd1c5dd0, 0x00007f44fd1f6ba0, 0x00007f44700179d0, 0x00007f447800d9d0,
0x00007f44c41911f0, 0x00007f44c419b100, 0x00007f44c41b0150, 0x00007f44c4813200,
0x00007f44c6f54930, 0x00007f4478002c50, 0x00007f4478008a00, 0x00007f44c5497870,
0x00007f44c54e9d50, 0x00007f44c5499d90, 0x00007f44c63ea5a0, 0x00007f44c613dd70,
0x00007f44c68480f0, 0x00007f44c6c8cf20, 0x00007f44c52e7660, 0x00007f44c52f38b0,
0x00007f44c52fcf10, 0x00007f44c7907750, 0x00007f44c796cfd0, 0x00007f44cc023770,
0x00007f44c7990af0, 0x00007f44c79901f0, 0x00007f44c799e900, 0x00007f44c799f4c0,
0x00007f44c79a1490, 0x00007f44c67ea810, 0x00007f44c79a4240, 0x00007f44c79a3560,
0x00007f44c79a50c0, 0x00007f44c79a5d60, 0x00007f44c79aa2e0, 0x00007f44c79ab7a0,
0x00007f44c79ac900, 0x00007f44c79a6620, 0x00007f44c79a8d40, 0x00007f44c79b0af0,
0x00007f44cc048200, 0x00007f44cc043d80, 0x00007f44c796bfe0, 0x00007f44dc0b7c60,
0x00007f44dc0ddb60, 0x00007f44dc0dfc20, 0x00007f44dc0e0e40, 0x00007f44c78e8500,
0x00007f44640630b0, 0x00007f446408c3e0, 0x00007f44640952f0, 0x00007f44640a17b0,
0x00007f44640a79c0, 0x00007f44c78ea210
}

Java Threads: ( => current thread )
  0x00007f44fc01a770 JavaThread "main" [_thread_blocked, id=419, stack(0x00007f4502471000,0x00007f4502571000)]
  0x00007f44fc0d72f0 JavaThread "Reference Handler" daemon [_thread_blocked, id=426, stack(0x00007f45008d9000,0x00007f45009d9000)]
  0x00007f44fc0d86d0 JavaThread "Finalizer" daemon [_thread_blocked, id=427, stack(0x00007f45007d8000,0x00007f45008d8000)]
  0x00007f44fc0df3b0 JavaThread "Signal Dispatcher" daemon [_thread_blocked, id=428, stack(0x00007f4500680000,0x00007f4500780000)]
  0x00007f44fc0e0760 JavaThread "Service Thread" daemon [_thread_blocked, id=429, stack(0x00007f450057f000,0x00007f450067f000)]
  0x00007f44fc0e1b70 JavaThread "Monitor Deflation Thread" daemon [_thread_blocked, id=430, stack(0x00007f450047e000,0x00007f450057e000)]
  0x00007f44fc0e3520 JavaThread "C2 CompilerThread0" daemon [_thread_in_native, id=431, stack(0x00007f450037d000,0x00007f450047d000)]
  0x00007f44fc0e4a50 JavaThread "C1 CompilerThread0" daemon [_thread_blocked, id=432, stack(0x00007f450027c000,0x00007f450037c000)]
  0x00007f44fc0e5ec0 JavaThread "Sweeper thread" daemon [_thread_blocked, id=433, stack(0x00007f450017b000,0x00007f450027b000)]
  0x00007f44fc119960 JavaThread "Common-Cleaner" daemon [_thread_blocked, id=434, stack(0x00007f450007a000,0x00007f450017a000)]
  0x00007f44fc1e6560 JavaThread "Notification Thread" daemon [_thread_blocked, id=436, stack(0x00007f44e1411000,0x00007f44e1511000)]
  0x00007f44fd166470 JavaThread "Daemon health stats" [_thread_blocked, id=442, stack(0x00007f44e0f00000,0x00007f44e1000000)]
  0x00007f44fd1c5dd0 JavaThread "Incoming local TCP Connector on port 34109" [_thread_in_native, id=443, stack(0x00007f44e0b00000,0x00007f44e0c00000)]
  0x00007f44fd1f6ba0 JavaThread "Daemon periodic checks" [_thread_blocked, id=444, stack(0x00007f44e09ff000,0x00007f44e0aff000)]
  0x00007f44700179d0 JavaThread "Daemon" [_thread_blocked, id=445, stack(0x00007f44e08fe000,0x00007f44e09fe000)]
  0x00007f447800d9d0 JavaThread "Daemon worker" [_thread_blocked, id=449, stack(0x00007f44e05fb000,0x00007f44e06fb000)]
  0x00007f44c41911f0 JavaThread "Cache worker for journal cache (/root/.gradle/caches/journal-1)" [_thread_blocked, id=456, stack(0x00007f44e01f7000,0x00007f44e02f7000)]
  0x00007f44c419b100 JavaThread "File lock request listener" [_thread_in_native, id=457, stack(0x00007f44e00f6000,0x00007f44e01f6000)]
  0x00007f44c41b0150 JavaThread "Cache worker for file hash cache (/root/.gradle/caches/8.7/fileHashes)" [_thread_blocked, id=458, stack(0x00007f44d1f00000,0x00007f44d2000000)]
  0x00007f44c4813200 JavaThread "Cache worker for file content cache (/root/.gradle/caches/8.7/fileContent)" [_thread_blocked, id=466, stack(0x00007f44d19fb000,0x00007f44d1afb000)]
  0x00007f44c6f54930 JavaThread "Memory manager" [_thread_blocked, id=705, stack(0x00007f44d01e3000,0x00007f44d02e3000)]
  0x00007f4478002c50 JavaThread "Handler for socket connection from /127.0.0.1:34109 to /127.0.0.1:54298" [_thread_in_native, id=1141, stack(0x00007f44e07fd000,0x00007f44e08fd000)]
  0x00007f4478008a00 JavaThread "Cancel handler" [_thread_blocked, id=1142, stack(0x00007f44e06fc000,0x00007f44e07fc000)]
  0x00007f44c5497870 JavaThread "Asynchronous log dispatcher for DefaultDaemonConnection: socket connection from /127.0.0.1:34109 to /127.0.0.1:54298" [_thread_blocked, id=1143, stack(0x00007f44e03f9000,0x00007f44e04f9000)]
  0x00007f44c54e9d50 JavaThread "Stdin handler" [_thread_blocked, id=1144, stack(0x00007f44e02f8000,0x00007f44e03f8000)]
  0x00007f44c5499d90 JavaThread "Daemon client event forwarder" [_thread_blocked, id=1146, stack(0x00007f44d15f7000,0x00007f44d16f7000)]
  0x00007f44c63ea5a0 JavaThread "Cache worker for file hash cache (/workspace/VoiceAssistant/.gradle/8.7/fileHashes)" [_thread_blocked, id=1148, stack(0x00007f44d12f4000,0x00007f44d13f4000)]
  0x00007f44c613dd70 JavaThread "Cache worker for checksums cache (/workspace/VoiceAssistant/.gradle/8.7/checksums)" [_thread_blocked, id=1149, stack(0x00007f44d11f3000,0x00007f44d12f3000)]
  0x00007f44c68480f0 JavaThread "Cache worker for cache directory md-supplier (/root/.gradle/caches/8.7/md-supplier)" [_thread_blocked, id=1150, stack(0x00007f44d0def000,0x00007f44d0eef000)]
  0x00007f44c6c8cf20 JavaThread "Cache worker for cache directory md-rule (/root/.gradle/caches/8.7/md-rule)" [_thread_blocked, id=1151, stack(0x00007f44d02e4000,0x00007f44d03e4000)]
  0x00007f44c52e7660 JavaThread "Cache worker for Build Output Cleanup Cache (/workspace/VoiceAssistant/.gradle/buildOutputCleanup)" [_thread_blocked, id=1152, stack(0x00007f44d09eb000,0x00007f44d0aeb000)]
  0x00007f44c52f38b0 JavaThread "Unconstrained build operations" [_thread_blocked, id=1154, stack(0x00007f44d03e5000,0x00007f44d04e5000)]
  0x00007f44c52fcf10 JavaThread "build event listener" [_thread_blocked, id=1155, stack(0x00007f44d10f2000,0x00007f44d11f2000)]
  0x00007f44c7907750 JavaThread "included builds" [_thread_blocked, id=1161, stack(0x00007f44d05e7000,0x00007f44d06e7000)]
  0x00007f44c796cfd0 JavaThread "Execution worker" [_thread_blocked, id=1162, stack(0x00007f44d06e8000,0x00007f44d07e8000)]
  0x00007f44cc023770 JavaThread "Cache worker for execution history cache (/workspace/VoiceAssistant/.gradle/8.7/executionHistory)" [_thread_blocked, id=1163, stack(0x00007f44d0ef0000,0x00007f44d0ff0000)]
  0x00007f44c7990af0 JavaThread "Unconstrained build operations Thread 2" [_thread_blocked, id=1165, stack(0x00007f44d13f5000,0x00007f44d14f5000)]
  0x00007f44c79901f0 JavaThread "Unconstrained build operations Thread 3" [_thread_blocked, id=1167, stack(0x00007f44d07e9000,0x00007f44d08e9000)]
  0x00007f44c799e900 JavaThread "Unconstrained build operations Thread 4" [_thread_blocked, id=1168, stack(0x00007f44d0ff1000,0x00007f44d10f1000)]
  0x00007f44c799f4c0 JavaThread "Unconstrained build operations Thread 5" [_thread_blocked, id=1169, stack(0x00007f44d0aec000,0x00007f44d0bec000)]
  0x00007f44c79a1490 JavaThread "Unconstrained build operations Thread 6" [_thread_blocked, id=1171, stack(0x00007f44d0bed000,0x00007f44d0ced000)]
  0x00007f44c67ea810 JavaThread "Unconstrained build operations Thread 7" [_thread_blocked, id=1173, stack(0x00007f44d04e6000,0x00007f44d05e6000)]
  0x00007f44c79a4240 JavaThread "Unconstrained build operations Thread 8" [_thread_blocked, id=1174, stack(0x00007f44d08ea000,0x00007f44d09ea000)]
  0x00007f44c79a3560 JavaThread "Unconstrained build operations Thread 9" [_thread_blocked, id=1176, stack(0x00007f44d14f6000,0x00007f44d15f6000)]
  0x00007f44c79a50c0 JavaThread "Unconstrained build operations Thread 10" [_thread_blocked, id=1178, stack(0x00007f44d0cee000,0x00007f44d0dee000)]
  0x00007f44c79a5d60 JavaThread "Unconstrained build operations Thread 11" [_thread_blocked, id=1179, stack(0x00007f44d1cfe000,0x00007f44d1dfe000)]
  0x00007f44c79aa2e0 JavaThread "Unconstrained build operations Thread 12" [_thread_blocked, id=1180, stack(0x00007f44d1dff000,0x00007f44d1eff000)]
  0x00007f44c79ab7a0 JavaThread "Unconstrained build operations Thread 13" [_thread_blocked, id=1181, stack(0x00007f44d1afc000,0x00007f44d1bfc000)]
  0x00007f44c79ac900 JavaThread "Unconstrained build operations Thread 14" [_thread_blocked, id=1183, stack(0x00007f44d16f8000,0x00007f44d17f8000)]
  0x00007f44c79a6620 JavaThread "Unconstrained build operations Thread 15" [_thread_blocked, id=1186, stack(0x00007f44d17f9000,0x00007f44d18f9000)]
  0x00007f44c79a8d40 JavaThread "Unconstrained build operations Thread 16" [_thread_blocked, id=1187, stack(0x00007f44d1bfd000,0x00007f44d1cfd000)]
  0x00007f44c79b0af0 JavaThread "Unconstrained build operations Thread 17" [_thread_blocked, id=1188, stack(0x00007f44d00e2000,0x00007f44d01e2000)]
  0x00007f44cc048200 JavaThread "Unconstrained build operations Thread 18" [_thread_blocked, id=1201, stack(0x00007f44e04fa000,0x00007f44e05fa000)]
  0x00007f44cc043d80 JavaThread "Unconstrained build operations Thread 19" [_thread_blocked, id=1204, stack(0x00007f4482f00000,0x00007f4483000000)]
  0x00007f44c796bfe0 JavaThread "Unconstrained build operations Thread 20" [_thread_blocked, id=1205, stack(0x00007f4482dff000,0x00007f4482eff000)]
  0x00007f44dc0b7c60 JavaThread "pool-4-thread-1" [_thread_blocked, id=1209, stack(0x00007f4482cfe000,0x00007f4482dfe000)]
  0x00007f44dc0ddb60 JavaThread "process reaper (pid 1210)" daemon [_thread_in_native, id=1211, stack(0x00007f450001d000,0x00007f450003f000)]
  0x00007f44dc0dfc20 JavaThread "stderr" [_thread_in_native, id=1212, stack(0x00007f4482bfd000,0x00007f4482cfd000)]
  0x00007f44dc0e0e40 JavaThread "stdout" [_thread_in_native, id=1213, stack(0x00007f4482afc000,0x00007f4482bfc000)]
  0x00007f44c78e8500 JavaThread "WorkerExecutor Queue" [_thread_blocked, id=1234, stack(0x00007f44829fb000,0x00007f4482afb000)]
  0x00007f44640630b0 JavaThread "process reaper (pid 1236)" daemon [_thread_in_native, id=1237, stack(0x00007f44e0edd000,0x00007f44e0eff000)]
  0x00007f446408c3e0 JavaThread "RMI Scheduler(0)" daemon [_thread_blocked, id=1269, stack(0x00007f44828fa000,0x00007f44829fa000)]
  0x00007f44640952f0 JavaThread "RMI GC Daemon" daemon [_thread_blocked, id=1271, stack(0x00007f44823ff000,0x00007f44824ff000)]
  0x00007f44640a17b0 JavaThread "RMI TCP Accept-0" daemon [_thread_in_native, id=1273, stack(0x00007f44822fe000,0x00007f44823fe000)]
  0x00007f44640a79c0 JavaThread "RMI Reaper" [_thread_blocked, id=1274, stack(0x00007f44821fd000,0x00007f44822fd000)]
  0x00007f44c78ea210 JavaThread "RMI TCP Connection(2)-127.0.0.1" daemon [_thread_in_native, id=1277, stack(0x00007f44820fc000,0x00007f44821fc000)]

Other Threads:
=>0x00007f44fc0d31f0 VMThread "VM Thread" [stack: 0x00007f45009da000,0x00007f4500ada000] [id=425]
  0x00007f44fc01cae0 WatcherThread [stack: 0x00007f44e1310000,0x00007f44e1410000] [id=437]
  0x00007f44fc0755f0 GCTaskThread "GC Thread#0" [stack: 0x00007f4501306000,0x00007f4501406000] [id=420]
  0x00007f447c004990 GCTaskThread "GC Thread#1" [stack: 0x00007f44e120f000,0x00007f44e130f000] [id=438]
  0x00007f44fc086bd0 ConcurrentGCThread "G1 Main Marker" [stack: 0x00007f4501205000,0x00007f4501305000] [id=421]
  0x00007f44fc087b40 ConcurrentGCThread "G1 Conc#0" [stack: 0x00007f4501104000,0x00007f4501204000] [id=422]
  0x00007f44fc0a6770 ConcurrentGCThread "G1 Refine#0" [stack: 0x00007f4500e01000,0x00007f4500f01000] [id=423]
  0x00007f44cc006ef0 ConcurrentGCThread "G1 Refine#1" [stack: 0x00007f44d18fa000,0x00007f44d19fa000] [id=468]
  0x00007f44fc0a7670 ConcurrentGCThread "G1 Service" [stack: 0x00007f4500d00000,0x00007f4500e00000] [id=424]

Threads with active compile tasks:
C2 CompilerThread0  271691 37410 %     4       com.android.tools.r8.ir.regalloc.b::a @ 1587 (1862 bytes)

VM state: at safepoint (normal execution)

VM Mutex/Monitor currently owned by a thread:  ([mutex/lock_event])
[0x00007f44fc017560] Threads_lock - owner thread: 0x00007f44fc0d31f0
[0x00007f44fc017d10] Heap_lock - owner thread: 0x00007f44c796cfd0

Heap address: 0x0000000080000000, size: 2048 MB, Compressed Oops mode: 32-bit

CDS archive(s) mapped at: [0x00007f4483000000-0x00007f4483bca000-0x00007f4483bca000), size 12361728, SharedBaseAddress: 0x00007f4483000000, ArchiveRelocationMode: 1.
Compressed class space mapped at: 0x00007f4484000000-0x00007f44c4000000, reserved size: 1073741824
Narrow klass base: 0x00007f4483000000, Narrow klass shift: 0, Narrow klass range: 0x100000000

GC Precious Log:
 CPUs: 2 total, 2 available
 Memory: 2048M
 Large Page Support: Disabled
 NUMA Support: Disabled
 Compressed Oops: Enabled (32-bit)
 Heap Region Size: 1M
 Heap Min Capacity: 8M
 Heap Initial Capacity: 32M
 Heap Max Capacity: 2G
 Pre-touch: Disabled
 Parallel Workers: 2
 Concurrent Workers: 1
 Concurrent Refinement Workers: 2
 Periodic GC: Disabled

Heap:
 garbage-first heap   total 788480K, used 263693K [0x0000000080000000, 0x0000000100000000)
  region size 1024K, 3 young (3072K), 3 survivors (3072K)
 Metaspace       used 189179K, committed 190208K, reserved 1245184K
  class space    used 24011K, committed 24512K, reserved 1048576K

Heap Regions: E=young(eden), S=young(survivor), O=old, HS=humongous(starts), HC=humongous(continues), CS=collection set, F=free, OA=open archive, CA=closed archive, TAMS=top-at-mark-start (previous, next)
|   0|0x0000000080000000, 0x0000000080100000, 0x0000000080100000|100%| O|  |TAMS 0x0000000080100000, 0x0000000080000000| Untracked 
|   1|0x0000000080100000, 0x0000000080200000, 0x0000000080200000|100%| O|  |TAMS 0x0000000080200000, 0x0000000080100000| Untracked 
|   2|0x0000000080200000, 0x0000000080300000, 0x0000000080300000|100%|HS|  |TAMS 0x0000000080300000, 0x0000000080200000| Complete 
|   3|0x0000000080300000, 0x0000000080400000, 0x0000000080400000|100%|HC|  |TAMS 0x0000000080400000, 0x0000000080300000| Complete 
|   4|0x0000000080400000, 0x0000000080500000, 0x0000000080500000|100%|HC|  |TAMS 0x0000000080500000, 0x0000000080400000| Complete 
|   5|0x0000000080500000, 0x0000000080600000, 0x0000000080600000|100%|HC|  |TAMS 0x0000000080600000, 0x0000000080500000| Complete 
|   6|0x0000000080600000, 0x0000000080700000, 0x0000000080700000|100%| O|  |TAMS 0x0000000080700000, 0x0000000080600000| Untracked 
|   7|0x0000000080700000, 0x0000000080800000, 0x0000000080800000|100%| O|  |TAMS 0x0000000080800000, 0x0000000080700000| Untracked 
|   8|0x0000000080800000, 0x0000000080900000, 0x0000000080900000|100%| O|  |TAMS 0x0000000080900000, 0x0000000080800000| Untracked 
|   9|0x0000000080900000, 0x0000000080a00000, 0x0000000080a00000|100%| O|  |TAMS 0x0000000080a00000, 0x0000000080900000| Untracked 
|  10|0x0000000080a00000, 0x0000000080b00000, 0x0000000080b00000|100%| O|  |TAMS 0x0000000080b00000, 0x0000000080a00000| Untracked 
|  11|0x0000000080b00000, 0x0000000080c00000, 0x0000000080c00000|100%| O|  |TAMS 0x0000000080c00000, 0x0000000080b00000| Untracked 
|  12|0x0000000080c00000, 0x0000000080d00000, 0x0000000080d00000|100%| O|  |TAMS 0x0000000080d00000, 0x0000000080c00000| Untracked 
|  13|0x0000000080d00000, 0x0000000080e00000, 0x0000000080e00000|100%| O|  |TAMS 0x0000000080e00000, 0x0000000080d00000| Untracked 
|  14|0x0000000080e00000, 0x0000000080f00000, 0x0000000080f00000|100%| O|  |TAMS 0x0000000080f00000, 0x0000000080e00000| Untracked 
|  15|0x0000000080f00000, 0x0000000081000000, 0x0000000081000000|100%| O|  |TAMS 0x0000000081000000, 0x0000000080f00000| Untracked 
|  16|0x0000000081000000, 0x0000000081100000, 0x0000000081100000|100%| O|  |TAMS 0x0000000081100000, 0x0000000081000000| Untracked 
|  17|0x0000000081100000, 0x0000000081200000, 0x0000000081200000|100%| O|  |TAMS 0x0000000081200000, 0x0000000081100000| Untracked 
|  18|0x0000000081200000, 0x0000000081300000, 0x0000000081300000|100%| O|  |TAMS 0x0000000081300000, 0x0000000081200000| Untracked 
|  19|0x0000000081300000, 0x0000000081400000, 0x0000000081400000|100%| O|  |TAMS 0x0000000081400000, 0x0000000081300000| Untracked 
|  20|0x0000000081400000, 0x0000000081500000, 0x0000000081500000|100%| O|  |TAMS 0x0000000081500000, 0x0000000081400000| Untracked 
|  21|0x0000000081500000, 0x0000000081600000, 0x0000000081600000|100%| O|  |TAMS 0x0000000081600000, 0x0000000081500000| Untracked 
|  22|0x0000000081600000, 0x0000000081700000, 0x0000000081700000|100%| O|  |TAMS 0x0000000081700000, 0x0000000081600000| Untracked 
|  23|0x0000000081700000, 0x0000000081800000, 0x0000000081800000|100%| O|  |TAMS 0x0000000081800000, 0x0000000081700000| Untracked 
|  24|0x0000000081800000, 0x0000000081900000, 0x0000000081900000|100%| O|  |TAMS 0x0000000081900000, 0x0000000081800000| Untracked 
|  25|0x0000000081900000, 0x0000000081a00000, 0x0000000081a00000|100%| O|  |TAMS 0x0000000081a00000, 0x0000000081900000| Untracked 
|  26|0x0000000081a00000, 0x0000000081b00000, 0x0000000081b00000|100%| O|  |TAMS 0x0000000081b00000, 0x0000000081a00000| Untracked 
|  27|0x0000000081b00000, 0x0000000081c00000, 0x0000000081c00000|100%| O|  |TAMS 0x0000000081c00000, 0x0000000081b00000| Untracked 
|  28|0x0000000081c00000, 0x0000000081d00000, 0x0000000081d00000|100%| O|  |TAMS 0x0000000081d00000, 0x0000000081c00000| Untracked 
|  29|0x0000000081d00000, 0x0000000081e00000, 0x0000000081e00000|100%| O|  |TAMS 0x0000000081e00000, 0x0000000081d00000| Untracked 
|  30|0x0000000081e00000, 0x0000000081f00000, 0x0000000081f00000|100%| O|  |TAMS 0x0000000081f00000, 0x0000000081e00000| Untracked 
|  31|0x0000000081f00000, 0x0000000082000000, 0x0000000082000000|100%| O|  |TAMS 0x0000000082000000, 0x0000000081f00000| Untracked 
|  32|0x0000000082000000, 0x0000000082100000, 0x0000000082100000|100%| O|  |TAMS 0x0000000082100000, 0x0000000082000000| Untracked 
|  33|0x0000000082100000, 0x0000000082100000, 0x0000000082200000|  0%| F|  |TAMS 0x0000000082100000, 0x0000000082100000| Untracked 
|  34|0x0000000082200000, 0x0000000082300000, 0x0000000082300000|100%| O|  |TAMS 0x0000000082300000, 0x0000000082200000| Untracked 
|  35|0x0000000082300000, 0x0000000082400000, 0x0000000082400000|100%| O|  |TAMS 0x0000000082400000, 0x0000000082300000| Untracked 
|  36|0x0000000082400000, 0x0000000082500000, 0x0000000082500000|100%| O|  |TAMS 0x0000000082500000, 0x0000000082400000| Untracked 
|  37|0x0000000082500000, 0x0000000082600000, 0x0000000082600000|100%| O|  |TAMS 0x0000000082600000, 0x0000000082500000| Untracked 
|  38|0x0000000082600000, 0x0000000082700000, 0x0000000082700000|100%| O|  |TAMS 0x0000000082700000, 0x0000000082600000| Untracked 
|  39|0x0000000082700000, 0x0000000082800000, 0x0000000082800000|100%| O|  |TAMS 0x0000000082800000, 0x0000000082700000| Untracked 
|  40|0x0000000082800000, 0x0000000082900000, 0x0000000082900000|100%| O|  |TAMS 0x0000000082900000, 0x0000000082800000| Untracked 
|  41|0x0000000082900000, 0x0000000082a00000, 0x0000000082a00000|100%| O|  |TAMS 0x0000000082a00000, 0x0000000082900000| Untracked 
|  42|0x0000000082a00000, 0x0000000082b00000, 0x0000000082b00000|100%| O|  |TAMS 0x0000000082b00000, 0x0000000082a00000| Untracked 
|  43|0x0000000082b00000, 0x0000000082c00000, 0x0000000082c00000|100%| O|  |TAMS 0x0000000082c00000, 0x0000000082b00000| Untracked 
|  44|0x0000000082c00000, 0x0000000082d00000, 0x0000000082d00000|100%| O|  |TAMS 0x0000000082d00000, 0x0000000082c00000| Untracked 
|  45|0x0000000082d00000, 0x0000000082e00000, 0x0000000082e00000|100%| O|  |TAMS 0x0000000082e00000, 0x0000000082d00000| Untracked 
|  46|0x0000000082e00000, 0x0000000082f00000, 0x0000000082f00000|100%| O|  |TAMS 0x0000000082f00000, 0x0000000082e00000| Untracked 
|  47|0x0000000082f00000, 0x0000000083000000, 0x0000000083000000|100%| O|  |TAMS 0x0000000083000000, 0x0000000082f00000| Untracked 
|  48|0x0000000083000000, 0x0000000083100000, 0x0000000083100000|100%| O|  |TAMS 0x0000000083100000, 0x0000000083000000| Untracked 
|  49|0x0000000083100000, 0x0000000083100000, 0x0000000083200000|  0%| F|  |TAMS 0x0000000083100000, 0x0000000083100000| Untracked 
|  50|0x0000000083200000, 0x0000000083300000, 0x0000000083300000|100%| O|  |TAMS 0x0000000083300000, 0x0000000083200000| Untracked 
|  51|0x0000000083300000, 0x0000000083400000, 0x0000000083400000|100%| O|  |TAMS 0x0000000083400000, 0x0000000083300000| Untracked 
|  52|0x0000000083400000, 0x0000000083500000, 0x0000000083500000|100%| O|  |TAMS 0x0000000083500000, 0x0000000083400000| Untracked 
|  53|0x0000000083500000, 0x0000000083600000, 0x0000000083600000|100%| O|  |TAMS 0x0000000083600000, 0x0000000083500000| Untracked 
|  54|0x0000000083600000, 0x0000000083700000, 0x0000000083700000|100%| O|  |TAMS 0x0000000083700000, 0x0000000083600000| Untracked 
|  55|0x0000000083700000, 0x0000000083800000, 0x0000000083800000|100%| O|  |TAMS 0x0000000083800000, 0x0000000083700000| Untracked 
|  56|0x0000000083800000, 0x0000000083900000, 0x0000000083900000|100%| O|  |TAMS 0x0000000083900000, 0x0000000083800000| Untracked 
|  57|0x0000000083900000, 0x0000000083a00000, 0x0000000083a00000|100%| O|  |TAMS 0x0000000083a00000, 0x0000000083900000| Untracked 
|  58|0x0000000083a00000, 0x0000000083b00000, 0x0000000083b00000|100%| O|  |TAMS 0x0000000083b00000, 0x0000000083a00000| Untracked 
|  59|0x0000000083b00000, 0x0000000083c00000, 0x0000000083c00000|100%| O|  |TAMS 0x0000000083c00000, 0x0000000083b00000| Untracked 
|  60|0x0000000083c00000, 0x0000000083d00000, 0x0000000083d00000|100%| O|  |TAMS 0x0000000083d00000, 0x0000000083c00000| Untracked 
|  61|0x0000000083d00000, 0x0000000083e00000, 0x0000000083e00000|100%| O|  |TAMS 0x0000000083e00000, 0x0000000083d00000| Untracked 
|  62|0x0000000083e00000, 0x0000000083f00000, 0x0000000083f00000|100%| O|  |TAMS 0x0000000083f00000, 0x0000000083e00000| Untracked 
|  63|0x0000000083f00000, 0x0000000084000000, 0x0000000084000000|100%| O|  |TAMS 0x0000000084000000, 0x0000000083f00000| Untracked 
|  64|0x0000000084000000, 0x0000000084100000, 0x0000000084100000|100%| O|  |TAMS 0x0000000084100000, 0x0000000084000000| Untracked 
|  65|0x0000000084100000, 0x0000000084200000, 0x0000000084200000|100%| O|  |TAMS 0x0000000084200000, 0x0000000084100000| Untracked 
|  66|0x0000000084200000, 0x0000000084300000, 0x0000000084300000|100%| O|  |TAMS 0x0000000084300000, 0x0000000084200000| Untracked 
|  67|0x0000000084300000, 0x0000000084400000, 0x0000000084400000|100%| O|  |TAMS 0x0000000084400000, 0x0000000084300000| Untracked 
|  68|0x0000000084400000, 0x0000000084500000, 0x0000000084500000|100%| O|  |TAMS 0x0000000084400000, 0x0000000084400000| Untracked 
|  69|0x0000000084500000, 0x0000000084600000, 0x0000000084600000|100%| O|  |TAMS 0x0000000084600000, 0x0000000084500000| Untracked 
|  70|0x0000000084600000, 0x0000000084700000, 0x0000000084700000|100%| O|  |TAMS 0x0000000084700000, 0x0000000084600000| Untracked 
|  71|0x0000000084700000, 0x0000000084800000, 0x0000000084800000|100%| O|  |TAMS 0x0000000084800000, 0x0000000084700000| Untracked 
|  72|0x0000000084800000, 0x0000000084900000, 0x0000000084900000|100%| O|  |TAMS 0x0000000084900000, 0x0000000084800000| Untracked 
|  73|0x0000000084900000, 0x0000000084a00000, 0x0000000084a00000|100%| O|  |TAMS 0x0000000084a00000, 0x0000000084900000| Untracked 
|  74|0x0000000084a00000, 0x0000000084b00000, 0x0000000084b00000|100%| O|  |TAMS 0x0000000084b00000, 0x0000000084a00000| Untracked 
|  75|0x0000000084b00000, 0x0000000084c00000, 0x0000000084c00000|100%| O|  |TAMS 0x0000000084c00000, 0x0000000084b00000| Untracked 
|  76|0x0000000084c00000, 0x0000000084d00000, 0x0000000084d00000|100%| O|  |TAMS 0x0000000084d00000, 0x0000000084c00000| Untracked 
|  77|0x0000000084d00000, 0x0000000084d00000, 0x0000000084e00000|  0%| F|  |TAMS 0x0000000084d00000, 0x0000000084d00000| Untracked 
|  78|0x0000000084e00000, 0x0000000084e00000, 0x0000000084f00000|  0%| F|  |TAMS 0x0000000084e00000, 0x0000000084e00000| Untracked 
|  79|0x0000000084f00000, 0x0000000085000000, 0x0000000085000000|100%| O|  |TAMS 0x0000000085000000, 0x0000000084f00000| Untracked 
|  80|0x0000000085000000, 0x0000000085000000, 0x0000000085100000|  0%| F|  |TAMS 0x0000000085000000, 0x0000000085000000| Untracked 
|  81|0x0000000085100000, 0x0000000085200000, 0x0000000085200000|100%| O|  |TAMS 0x0000000085200000, 0x0000000085100000| Untracked 
|  82|0x0000000085200000, 0x0000000085300000, 0x0000000085300000|100%| O|  |TAMS 0x0000000085300000, 0x0000000085200000| Untracked 
|  83|0x0000000085300000, 0x0000000085300000, 0x0000000085400000|  0%| F|  |TAMS 0x0000000085300000, 0x0000000085300000| Untracked 
|  84|0x0000000085400000, 0x0000000085500000, 0x0000000085500000|100%| O|  |TAMS 0x0000000085500000, 0x0000000085400000| Untracked 
|  85|0x0000000085500000, 0x0000000085600000, 0x0000000085600000|100%|HS|  |TAMS 0x0000000085600000, 0x0000000085500000| Complete 
|  86|0x0000000085600000, 0x0000000085700000, 0x0000000085700000|100%|HS|  |TAMS 0x0000000085700000, 0x0000000085600000| Complete 
|  87|0x0000000085700000, 0x0000000085800000, 0x0000000085800000|100%|HS|  |TAMS 0x0000000085800000, 0x0000000085700000| Complete 
|  88|0x0000000085800000, 0x0000000085900000, 0x0000000085900000|100%| O|  |TAMS 0x0000000085900000, 0x0000000085800000| Untracked 
|  89|0x0000000085900000, 0x0000000085a00000, 0x0000000085a00000|100%| O|  |TAMS 0x0000000085a00000, 0x0000000085900000| Untracked 
|  90|0x0000000085a00000, 0x0000000085b00000, 0x0000000085b00000|100%| O|  |TAMS 0x0000000085b00000, 0x0000000085a00000| Untracked 
|  91|0x0000000085b00000, 0x0000000085c00000, 0x0000000085c00000|100%| O|  |TAMS 0x0000000085c00000, 0x0000000085b00000| Untracked 
|  92|0x0000000085c00000, 0x0000000085d00000, 0x0000000085d00000|100%| O|  |TAMS 0x0000000085c00000, 0x0000000085c00000| Untracked 
|  93|0x0000000085d00000, 0x0000000085e00000, 0x0000000085e00000|100%| O|  |TAMS 0x0000000085e00000, 0x0000000085d00000| Untracked 
|  94|0x0000000085e00000, 0x0000000085f00000, 0x0000000085f00000|100%| O|  |TAMS 0x0000000085f00000, 0x0000000085e00000| Untracked 
|  95|0x0000000085f00000, 0x0000000086000000, 0x0000000086000000|100%| O|  |TAMS 0x0000000086000000, 0x0000000085f00000| Untracked 
|  96|0x0000000086000000, 0x0000000086100000, 0x0000000086100000|100%| O|  |TAMS 0x0000000086100000, 0x0000000086000000| Untracked 
|  97|0x0000000086100000, 0x0000000086200000, 0x0000000086200000|100%| O|  |TAMS 0x0000000086200000, 0x0000000086100000| Untracked 
|  98|0x0000000086200000, 0x0000000086300000, 0x0000000086300000|100%| O|  |TAMS 0x0000000086300000, 0x0000000086200000| Untracked 
|  99|0x0000000086300000, 0x0000000086400000, 0x0000000086400000|100%| O|  |TAMS 0x0000000086300000, 0x0000000086300000| Untracked 
| 100|0x0000000086400000, 0x0000000086500000, 0x0000000086500000|100%|HS|  |TAMS 0x0000000086500000, 0x0000000086400000| Complete 
| 101|0x0000000086500000, 0x0000000086600000, 0x0000000086600000|100%|HC|  |TAMS 0x0000000086600000, 0x0000000086500000| Complete 
| 102|0x0000000086600000, 0x0000000086700000, 0x0000000086700000|100%|HS|  |TAMS 0x0000000086700000, 0x0000000086600000| Complete 
| 103|0x0000000086700000, 0x0000000086800000, 0x0000000086800000|100%|HC|  |TAMS 0x0000000086800000, 0x0000000086700000| Complete 
| 104|0x0000000086800000, 0x0000000086900000, 0x0000000086900000|100%|HS|  |TAMS 0x0000000086900000, 0x0000000086800000| Complete 
| 105|0x0000000086900000, 0x0000000086a00000, 0x0000000086a00000|100%|HC|  |TAMS 0x0000000086a00000, 0x0000000086900000| Complete 
| 106|0x0000000086a00000, 0x0000000086b00000, 0x0000000086b00000|100%|HC|  |TAMS 0x0000000086b00000, 0x0000000086a00000| Complete 
| 107|0x0000000086b00000, 0x0000000086c00000, 0x0000000086c00000|100%|HC|  |TAMS 0x0000000086c00000, 0x0000000086b00000| Complete 
| 108|0x0000000086c00000, 0x0000000086d00000, 0x0000000086d00000|100%|HS|  |TAMS 0x0000000086d00000, 0x0000000086c00000| Complete 
| 109|0x0000000086d00000, 0x0000000086e00000, 0x0000000086e00000|100%| O|  |TAMS 0x0000000086e00000, 0x0000000086d00000| Untracked 
| 110|0x0000000086e00000, 0x0000000086f00000, 0x0000000086f00000|100%|HS|  |TAMS 0x0000000086f00000, 0x0000000086e00000| Complete 
| 111|0x0000000086f00000, 0x0000000087000000, 0x0000000087000000|100%|HS|  |TAMS 0x0000000087000000, 0x0000000086f00000| Complete 
| 112|0x0000000087000000, 0x0000000087100000, 0x0000000087100000|100%|HS|  |TAMS 0x0000000087100000, 0x0000000087000000| Complete 
| 113|0x0000000087100000, 0x0000000087200000, 0x0000000087200000|100%|HC|  |TAMS 0x0000000087200000, 0x0000000087100000| Complete 
| 114|0x0000000087200000, 0x0000000087300000, 0x0000000087300000|100%|HC|  |TAMS 0x0000000087300000, 0x0000000087200000| Complete 
| 115|0x0000000087300000, 0x0000000087400000, 0x0000000087400000|100%|HC|  |TAMS 0x0000000087400000, 0x0000000087300000| Complete 
| 116|0x0000000087400000, 0x0000000087500000, 0x0000000087500000|100%| O|  |TAMS 0x0000000087500000, 0x0000000087400000| Untracked 
| 117|0x0000000087500000, 0x0000000087600000, 0x0000000087600000|100%|HS|  |TAMS 0x0000000087600000, 0x0000000087500000| Complete 
| 118|0x0000000087600000, 0x0000000087700000, 0x0000000087700000|100%| O|  |TAMS 0x0000000087700000, 0x0000000087600000| Untracked 
| 119|0x0000000087700000, 0x0000000087800000, 0x0000000087800000|100%| O|  |TAMS 0x0000000087800000, 0x0000000087700000| Untracked 
| 120|0x0000000087800000, 0x0000000087900000, 0x0000000087900000|100%| O|  |TAMS 0x0000000087900000, 0x0000000087800000| Untracked 
| 121|0x0000000087900000, 0x0000000087a00000, 0x0000000087a00000|100%| O|  |TAMS 0x0000000087a00000, 0x0000000087900000| Untracked 
| 122|0x0000000087a00000, 0x0000000087b00000, 0x0000000087b00000|100%| O|  |TAMS 0x0000000087b00000, 0x0000000087a00000| Untracked 
| 123|0x0000000087b00000, 0x0000000087c00000, 0x0000000087c00000|100%| O|  |TAMS 0x0000000087c00000, 0x0000000087b00000| Untracked 
| 124|0x0000000087c00000, 0x0000000087d00000, 0x0000000087d00000|100%| O|  |TAMS 0x0000000087d00000, 0x0000000087c00000| Untracked 
| 125|0x0000000087d00000, 0x0000000087e00000, 0x0000000087e00000|100%| O|  |TAMS 0x0000000087e00000, 0x0000000087d00000| Untracked 
| 126|0x0000000087e00000, 0x0000000087f00000, 0x0000000087f00000|100%| O|  |TAMS 0x0000000087f00000, 0x0000000087e00000| Untracked 
| 127|0x0000000087f00000, 0x0000000088000000, 0x0000000088000000|100%| O|  |TAMS 0x0000000088000000, 0x0000000087f00000| Untracked 
| 128|0x0000000088000000, 0x0000000088100000, 0x0000000088100000|100%| O|  |TAMS 0x0000000088100000, 0x0000000088000000| Untracked 
| 129|0x0000000088100000, 0x0000000088200000, 0x0000000088200000|100%| O|  |TAMS 0x0000000088200000, 0x0000000088100000| Untracked 
| 130|0x0000000088200000, 0x0000000088300000, 0x0000000088300000|100%| O|  |TAMS 0x0000000088300000, 0x0000000088200000| Untracked 
| 131|0x0000000088300000, 0x0000000088400000, 0x0000000088400000|100%| O|  |TAMS 0x0000000088400000, 0x0000000088300000| Untracked 
| 132|0x0000000088400000, 0x0000000088500000, 0x0000000088500000|100%| O|  |TAMS 0x0000000088500000, 0x0000000088400000| Untracked 
| 133|0x0000000088500000, 0x0000000088600000, 0x0000000088600000|100%| O|  |TAMS 0x0000000088600000, 0x0000000088500000| Untracked 
| 134|0x0000000088600000, 0x0000000088700000, 0x0000000088700000|100%| O|  |TAMS 0x0000000088700000, 0x0000000088600000| Untracked 
| 135|0x0000000088700000, 0x0000000088800000, 0x0000000088800000|100%| O|  |TAMS 0x0000000088800000, 0x0000000088700000| Untracked 
| 136|0x0000000088800000, 0x0000000088900000, 0x0000000088900000|100%| O|  |TAMS 0x0000000088900000, 0x0000000088800000| Untracked 
| 137|0x0000000088900000, 0x0000000088a00000, 0x0000000088a00000|100%| O|  |TAMS 0x0000000088a00000, 0x0000000088900000| Untracked 
| 138|0x0000000088a00000, 0x0000000088b00000, 0x0000000088b00000|100%| O|  |TAMS 0x0000000088b00000, 0x0000000088a00000| Untracked 
| 139|0x0000000088b00000, 0x0000000088c00000, 0x0000000088c00000|100%| O|  |TAMS 0x0000000088c00000, 0x0000000088b00000| Untracked 
| 140|0x0000000088c00000, 0x0000000088d00000, 0x0000000088d00000|100%| O|  |TAMS 0x0000000088d00000, 0x0000000088c00000| Untracked 
| 141|0x0000000088d00000, 0x0000000088e00000, 0x0000000088e00000|100%| O|  |TAMS 0x0000000088e00000, 0x0000000088d00000| Untracked 
| 142|0x0000000088e00000, 0x0000000088f00000, 0x0000000088f00000|100%| O|  |TAMS 0x0000000088f00000, 0x0000000088e00000| Untracked 
| 143|0x0000000088f00000, 0x0000000089000000, 0x0000000089000000|100%| O|  |TAMS 0x0000000089000000, 0x0000000088f00000| Untracked 
| 144|0x0000000089000000, 0x0000000089100000, 0x0000000089100000|100%| O|  |TAMS 0x0000000089100000, 0x0000000089000000| Untracked 
| 145|0x0000000089100000, 0x0000000089200000, 0x0000000089200000|100%| O|  |TAMS 0x0000000089200000, 0x0000000089100000| Untracked 
| 146|0x0000000089200000, 0x0000000089300000, 0x0000000089300000|100%| O|  |TAMS 0x0000000089300000, 0x0000000089200000| Untracked 
| 147|0x0000000089300000, 0x0000000089400000, 0x0000000089400000|100%| O|  |TAMS 0x0000000089400000, 0x0000000089300000| Untracked 
| 148|0x0000000089400000, 0x0000000089500000, 0x0000000089500000|100%| O|  |TAMS 0x0000000089500000, 0x0000000089400000| Untracked 
| 149|0x0000000089500000, 0x0000000089600000, 0x0000000089600000|100%| O|  |TAMS 0x0000000089600000, 0x0000000089500000| Untracked 
| 150|0x0000000089600000, 0x0000000089700000, 0x0000000089700000|100%| O|  |TAMS 0x0000000089700000, 0x0000000089600000| Untracked 
| 151|0x0000000089700000, 0x0000000089800000, 0x0000000089800000|100%| O|  |TAMS 0x0000000089800000, 0x0000000089700000| Untracked 
| 152|0x0000000089800000, 0x0000000089900000, 0x0000000089900000|100%| O|  |TAMS 0x0000000089900000, 0x0000000089800000| Untracked 
| 153|0x0000000089900000, 0x0000000089a00000, 0x0000000089a00000|100%| O|  |TAMS 0x0000000089a00000, 0x0000000089900000| Untracked 
| 154|0x0000000089a00000, 0x0000000089b00000, 0x0000000089b00000|100%| O|  |TAMS 0x0000000089b00000, 0x0000000089a00000| Untracked 
| 155|0x0000000089b00000, 0x0000000089c00000, 0x0000000089c00000|100%| O|  |TAMS 0x0000000089c00000, 0x0000000089b00000| Untracked 
| 156|0x0000000089c00000, 0x0000000089d00000, 0x0000000089d00000|100%| O|  |TAMS 0x0000000089d00000, 0x0000000089c00000| Untracked 
| 157|0x0000000089d00000, 0x0000000089e00000, 0x0000000089e00000|100%| O|  |TAMS 0x0000000089e00000, 0x0000000089d00000| Untracked 
| 158|0x0000000089e00000, 0x0000000089f00000, 0x0000000089f00000|100%| O|  |TAMS 0x0000000089f00000, 0x0000000089e00000| Untracked 
| 159|0x0000000089f00000, 0x000000008a000000, 0x000000008a000000|100%| O|  |TAMS 0x000000008a000000, 0x0000000089f00000| Untracked 
| 160|0x000000008a000000, 0x000000008a100000, 0x000000008a100000|100%| O|  |TAMS 0x000000008a100000, 0x000000008a000000| Untracked 
| 161|0x000000008a100000, 0x000000008a200000, 0x000000008a200000|100%| O|  |TAMS 0x000000008a200000, 0x000000008a100000| Untracked 
| 162|0x000000008a200000, 0x000000008a300000, 0x000000008a300000|100%| O|  |TAMS 0x000000008a300000, 0x000000008a200000| Untracked 
| 163|0x000000008a300000, 0x000000008a400000, 0x000000008a400000|100%| O|  |TAMS 0x000000008a400000, 0x000000008a300000| Untracked 
| 164|0x000000008a400000, 0x000000008a500000, 0x000000008a500000|100%| O|  |TAMS 0x000000008a500000, 0x000000008a400000| Untracked 
| 165|0x000000008a500000, 0x000000008a600000, 0x000000008a600000|100%| O|  |TAMS 0x000000008a600000, 0x000000008a500000| Untracked 
| 166|0x000000008a600000, 0x000000008a700000, 0x000000008a700000|100%| O|  |TAMS 0x000000008a700000, 0x000000008a600000| Untracked 
| 167|0x000000008a700000, 0x000000008a800000, 0x000000008a800000|100%| O|  |TAMS 0x000000008a800000, 0x000000008a700000| Untracked 
| 168|0x000000008a800000, 0x000000008a900000, 0x000000008a900000|100%| O|  |TAMS 0x000000008a900000, 0x000000008a800000| Untracked 
| 169|0x000000008a900000, 0x000000008aa00000, 0x000000008aa00000|100%| O|  |TAMS 0x000000008aa00000, 0x000000008a900000| Untracked 
| 170|0x000000008aa00000, 0x000000008ab00000, 0x000000008ab00000|100%| O|  |TAMS 0x000000008ab00000, 0x000000008aa00000| Untracked 
| 171|0x000000008ab00000, 0x000000008ac00000, 0x000000008ac00000|100%| O|  |TAMS 0x000000008ac00000, 0x000000008ab00000| Untracked 
| 172|0x000000008ac00000, 0x000000008ad00000, 0x000000008ad00000|100%| O|  |TAMS 0x000000008ad00000, 0x000000008ac00000| Untracked 
| 173|0x000000008ad00000, 0x000000008ae00000, 0x000000008ae00000|100%| O|  |TAMS 0x000000008ae00000, 0x000000008ad00000| Untracked 
| 174|0x000000008ae00000, 0x000000008af00000, 0x000000008af00000|100%| O|  |TAMS 0x000000008af00000, 0x000000008ae00000| Untracked 
| 175|0x000000008af00000, 0x000000008b000000, 0x000000008b000000|100%| O|  |TAMS 0x000000008b000000, 0x000000008af00000| Untracked 
| 176|0x000000008b000000, 0x000000008b100000, 0x000000008b100000|100%| O|  |TAMS 0x000000008b100000, 0x000000008b000000| Untracked 
| 177|0x000000008b100000, 0x000000008b200000, 0x000000008b200000|100%| O|  |TAMS 0x000000008b200000, 0x000000008b100000| Untracked 
| 178|0x000000008b200000, 0x000000008b300000, 0x000000008b300000|100%| O|  |TAMS 0x000000008b300000, 0x000000008b200000| Untracked 
| 179|0x000000008b300000, 0x000000008b400000, 0x000000008b400000|100%| O|  |TAMS 0x000000008b400000, 0x000000008b300000| Untracked 
| 180|0x000000008b400000, 0x000000008b500000, 0x000000008b500000|100%| O|  |TAMS 0x000000008b500000, 0x000000008b400000| Untracked 
| 181|0x000000008b500000, 0x000000008b600000, 0x000000008b600000|100%| O|  |TAMS 0x000000008b600000, 0x000000008b500000| Untracked 
| 182|0x000000008b600000, 0x000000008b700000, 0x000000008b700000|100%| O|  |TAMS 0x000000008b700000, 0x000000008b600000| Untracked 
| 183|0x000000008b700000, 0x000000008b800000, 0x000000008b800000|100%| O|  |TAMS 0x000000008b800000, 0x000000008b700000| Untracked 
| 184|0x000000008b800000, 0x000000008b900000, 0x000000008b900000|100%| O|  |TAMS 0x000000008b900000, 0x000000008b800000| Untracked 
| 185|0x000000008b900000, 0x000000008ba00000, 0x000000008ba00000|100%| O|  |TAMS 0x000000008ba00000, 0x000000008b900000| Untracked 
| 186|0x000000008ba00000, 0x000000008bb00000, 0x000000008bb00000|100%| O|  |TAMS 0x000000008bb00000, 0x000000008ba00000| Untracked 
| 187|0x000000008bb00000, 0x000000008bc00000, 0x000000008bc00000|100%| O|  |TAMS 0x000000008bc00000, 0x000000008bb00000| Untracked 
| 188|0x000000008bc00000, 0x000000008bd00000, 0x000000008bd00000|100%| O|  |TAMS 0x000000008bc00000, 0x000000008bc00000| Untracked 
| 189|0x000000008bd00000, 0x000000008be00000, 0x000000008be00000|100%| O|  |TAMS 0x000000008be00000, 0x000000008bd00000| Untracked 
| 190|0x000000008be00000, 0x000000008bf00000, 0x000000008bf00000|100%| O|  |TAMS 0x000000008bf00000, 0x000000008be00000| Untracked 
| 191|0x000000008bf00000, 0x000000008c000000, 0x000000008c000000|100%| O|  |TAMS 0x000000008c000000, 0x000000008bf00000| Untracked 
| 192|0x000000008c000000, 0x000000008c100000, 0x000000008c100000|100%| O|  |TAMS 0x000000008c100000, 0x000000008c000000| Untracked 
| 193|0x000000008c100000, 0x000000008c200000, 0x000000008c200000|100%| O|  |TAMS 0x000000008c200000, 0x000000008c100000| Untracked 
| 194|0x000000008c200000, 0x000000008c300000, 0x000000008c300000|100%| O|  |TAMS 0x000000008c300000, 0x000000008c200000| Untracked 
| 195|0x000000008c300000, 0x000000008c400000, 0x000000008c400000|100%| O|  |TAMS 0x000000008c400000, 0x000000008c300000| Untracked 
| 196|0x000000008c400000, 0x000000008c500000, 0x000000008c500000|100%| O|  |TAMS 0x000000008c500000, 0x000000008c400000| Untracked 
| 197|0x000000008c500000, 0x000000008c600000, 0x000000008c600000|100%| O|  |TAMS 0x000000008c600000, 0x000000008c500000| Untracked 
| 198|0x000000008c600000, 0x000000008c700000, 0x000000008c700000|100%| O|  |TAMS 0x000000008c700000, 0x000000008c600000| Untracked 
| 199|0x000000008c700000, 0x000000008c800000, 0x000000008c800000|100%| O|  |TAMS 0x000000008c800000, 0x000000008c700000| Untracked 
| 200|0x000000008c800000, 0x000000008c900000, 0x000000008c900000|100%| O|  |TAMS 0x000000008c900000, 0x000000008c800000| Untracked 
| 201|0x000000008c900000, 0x000000008ca00000, 0x000000008ca00000|100%| O|  |TAMS 0x000000008ca00000, 0x000000008c900000| Untracked 
| 202|0x000000008ca00000, 0x000000008cb00000, 0x000000008cb00000|100%| O|  |TAMS 0x000000008cb00000, 0x000000008ca00000| Untracked 
| 203|0x000000008cb00000, 0x000000008cc00000, 0x000000008cc00000|100%| O|  |TAMS 0x000000008cc00000, 0x000000008cb00000| Untracked 
| 204|0x000000008cc00000, 0x000000008cd00000, 0x000000008cd00000|100%| O|  |TAMS 0x000000008cd00000, 0x000000008cc00000| Untracked 
| 205|0x000000008cd00000, 0x000000008ce00000, 0x000000008ce00000|100%| O|  |TAMS 0x000000008ce00000, 0x000000008cd00000| Untracked 
| 206|0x000000008ce00000, 0x000000008ce00000, 0x000000008cf00000|  0%| F|  |TAMS 0x000000008ce00000, 0x000000008ce00000| Untracked 
| 207|0x000000008cf00000, 0x000000008d000000, 0x000000008d000000|100%| O|  |TAMS 0x000000008cf00000, 0x000000008cf00000| Untracked 
| 208|0x000000008d000000, 0x000000008d100000, 0x000000008d100000|100%| O|  |TAMS 0x000000008d000000, 0x000000008d000000| Untracked 
| 209|0x000000008d100000, 0x000000008d200000, 0x000000008d200000|100%| O|  |TAMS 0x000000008d100000, 0x000000008d100000| Untracked 
| 210|0x000000008d200000, 0x000000008d200000, 0x000000008d300000|  0%| F|  |TAMS 0x000000008d200000, 0x000000008d200000| Untracked 
| 211|0x000000008d300000, 0x000000008d400000, 0x000000008d400000|100%| O|  |TAMS 0x000000008d400000, 0x000000008d300000| Untracked 
| 212|0x000000008d400000, 0x000000008d400000, 0x000000008d500000|  0%| F|  |TAMS 0x000000008d400000, 0x000000008d400000| Untracked 
| 213|0x000000008d500000, 0x000000008d600000, 0x000000008d600000|100%| O|  |TAMS 0x000000008d600000, 0x000000008d500000| Untracked 
| 214|0x000000008d600000, 0x000000008d700000, 0x000000008d700000|100%| O|  |TAMS 0x000000008d700000, 0x000000008d600000| Untracked 
| 215|0x000000008d700000, 0x000000008d800000, 0x000000008d800000|100%| O|  |TAMS 0x000000008d800000, 0x000000008d700000| Untracked 
| 216|0x000000008d800000, 0x000000008d900000, 0x000000008d900000|100%| O|  |TAMS 0x000000008d900000, 0x000000008d800000| Untracked 
| 217|0x000000008d900000, 0x000000008da00000, 0x000000008da00000|100%| O|  |TAMS 0x000000008da00000, 0x000000008d900000| Untracked 
| 218|0x000000008da00000, 0x000000008db00000, 0x000000008db00000|100%| O|  |TAMS 0x000000008db00000, 0x000000008da00000| Untracked 
| 219|0x000000008db00000, 0x000000008dc00000, 0x000000008dc00000|100%| O|  |TAMS 0x000000008dc00000, 0x000000008db00000| Untracked 
| 220|0x000000008dc00000, 0x000000008dd00000, 0x000000008dd00000|100%| O|  |TAMS 0x000000008dd00000, 0x000000008dc00000| Untracked 
| 221|0x000000008dd00000, 0x000000008de00000, 0x000000008de00000|100%| O|  |TAMS 0x000000008de00000, 0x000000008dd00000| Untracked 
| 222|0x000000008de00000, 0x000000008df00000, 0x000000008df00000|100%| O|  |TAMS 0x000000008deef400, 0x000000008de00000| Untracked 
| 223|0x000000008df00000, 0x000000008e000000, 0x000000008e000000|100%| O|  |TAMS 0x000000008df00000, 0x000000008df00000| Untracked 
| 224|0x000000008e000000, 0x000000008e100000, 0x000000008e100000|100%| O|  |TAMS 0x000000008e000000, 0x000000008e000000| Untracked 
| 225|0x000000008e100000, 0x000000008e200000, 0x000000008e200000|100%| O|  |TAMS 0x000000008e200000, 0x000000008e100000| Untracked 
| 226|0x000000008e200000, 0x000000008e300000, 0x000000008e300000|100%| O|  |TAMS 0x000000008e200000, 0x000000008e200000| Untracked 
| 227|0x000000008e300000, 0x000000008e400000, 0x000000008e400000|100%| O|  |TAMS 0x000000008e400000, 0x000000008e300000| Untracked 
| 228|0x000000008e400000, 0x000000008e500000, 0x000000008e500000|100%| O|  |TAMS 0x000000008e500000, 0x000000008e400000| Untracked 
| 229|0x000000008e500000, 0x000000008e600000, 0x000000008e600000|100%| O|  |TAMS 0x000000008e600000, 0x000000008e500000| Untracked 
| 230|0x000000008e600000, 0x000000008e700000, 0x000000008e700000|100%| O|  |TAMS 0x000000008e600000, 0x000000008e600000| Untracked 
| 231|0x000000008e700000, 0x000000008e800000, 0x000000008e800000|100%| O|  |TAMS 0x000000008e800000, 0x000000008e700000| Untracked 
| 232|0x000000008e800000, 0x000000008e900000, 0x000000008e900000|100%| O|  |TAMS 0x000000008e800000, 0x000000008e800000| Untracked 
| 233|0x000000008e900000, 0x000000008ea00000, 0x000000008ea00000|100%| O|  |TAMS 0x000000008e900000, 0x000000008e900000| Untracked 
| 234|0x000000008ea00000, 0x000000008eb00000, 0x000000008eb00000|100%| O|  |TAMS 0x000000008ea00000, 0x000000008ea00000| Untracked 
| 235|0x000000008eb00000, 0x000000008ec00000, 0x000000008ec00000|100%| O|  |TAMS 0x000000008eb00000, 0x000000008eb00000| Untracked 
| 236|0x000000008ec00000, 0x000000008ed00000, 0x000000008ed00000|100%| O|  |TAMS 0x000000008ec00000, 0x000000008ec00000| Untracked 
| 237|0x000000008ed00000, 0x000000008ee00000, 0x000000008ee00000|100%| O|  |TAMS 0x000000008ee00000, 0x000000008ed00000| Untracked 
| 238|0x000000008ee00000, 0x000000008ef00000, 0x000000008ef00000|100%| O|  |TAMS 0x000000008ef00000, 0x000000008ee00000| Untracked 
| 239|0x000000008ef00000, 0x000000008f000000, 0x000000008f000000|100%| O|  |TAMS 0x000000008f000000, 0x000000008ef00000| Untracked 
| 240|0x000000008f000000, 0x000000008f100000, 0x000000008f100000|100%| O|  |TAMS 0x000000008f100000, 0x000000008f000000| Untracked 
| 241|0x000000008f100000, 0x000000008f200000, 0x000000008f200000|100%| O|  |TAMS 0x000000008f200000, 0x000000008f100000| Untracked 
| 242|0x000000008f200000, 0x000000008f300000, 0x000000008f300000|100%| O|  |TAMS 0x000000008f300000, 0x000000008f200000| Untracked 
| 243|0x000000008f300000, 0x000000008f400000, 0x000000008f400000|100%| O|  |TAMS 0x000000008f400000, 0x000000008f300000| Untracked 
| 244|0x000000008f400000, 0x000000008f500000, 0x000000008f500000|100%| O|  |TAMS 0x000000008f500000, 0x000000008f400000| Untracked 
| 245|0x000000008f500000, 0x000000008f600000, 0x000000008f600000|100%| O|  |TAMS 0x000000008f600000, 0x000000008f500000| Untracked 
| 246|0x000000008f600000, 0x000000008f700000, 0x000000008f700000|100%| O|  |TAMS 0x000000008f700000, 0x000000008f600000| Untracked 
| 247|0x000000008f700000, 0x000000008f800000, 0x000000008f800000|100%| O|  |TAMS 0x000000008f700000, 0x000000008f700000| Untracked 
| 248|0x000000008f800000, 0x000000008f900000, 0x000000008f900000|100%| O|  |TAMS 0x000000008f800000, 0x000000008f800000| Untracked 
| 249|0x000000008f900000, 0x000000008fa00000, 0x000000008fa00000|100%| O|  |TAMS 0x000000008f900000, 0x000000008f900000| Untracked 
| 250|0x000000008fa00000, 0x000000008fb00000, 0x000000008fb00000|100%| O|  |TAMS 0x000000008fa00000, 0x000000008fa00000| Untracked 
| 251|0x000000008fb00000, 0x000000008fc00000, 0x000000008fc00000|100%| O|  |TAMS 0x000000008fb00000, 0x000000008fb00000| Untracked 
| 252|0x000000008fc00000, 0x000000008fd00000, 0x000000008fd00000|100%| O|  |TAMS 0x000000008fc00000, 0x000000008fc00000| Untracked 
| 253|0x000000008fd00000, 0x000000008fe00000, 0x000000008fe00000|100%| O|  |TAMS 0x000000008fd00000, 0x000000008fd00000| Untracked 
| 254|0x000000008fe00000, 0x000000008ff00000, 0x000000008ff00000|100%| O|  |TAMS 0x000000008fe00000, 0x000000008fe00000| Untracked 
| 255|0x000000008ff00000, 0x0000000090000000, 0x0000000090000000|100%| O|  |TAMS 0x000000008ff00000, 0x000000008ff00000| Untracked 
| 256|0x0000000090000000, 0x0000000090100000, 0x0000000090100000|100%| O|  |TAMS 0x0000000090000000, 0x0000000090000000| Untracked 
| 257|0x0000000090100000, 0x0000000090200000, 0x0000000090200000|100%| O|  |TAMS 0x0000000090100000, 0x0000000090100000| Untracked 
| 258|0x0000000090200000, 0x0000000090300000, 0x0000000090300000|100%| O|  |TAMS 0x0000000090200000, 0x0000000090200000| Untracked 
| 259|0x0000000090300000, 0x0000000090400000, 0x0000000090400000|100%| O|  |TAMS 0x0000000090300000, 0x0000000090300000| Untracked 
| 260|0x0000000090400000, 0x0000000090500000, 0x0000000090500000|100%| O|  |TAMS 0x0000000090400000, 0x0000000090400000| Untracked 
| 261|0x0000000090500000, 0x0000000090600000, 0x0000000090600000|100%| O|  |TAMS 0x0000000090500000, 0x0000000090500000| Untracked 
| 262|0x0000000090600000, 0x0000000090696400, 0x0000000090700000| 58%| O|  |TAMS 0x0000000090600000, 0x0000000090600000| Untracked 
| 263|0x0000000090700000, 0x0000000090700000, 0x0000000090800000|  0%| F|  |TAMS 0x0000000090700000, 0x0000000090700000| Untracked 
| 264|0x0000000090800000, 0x0000000090800000, 0x0000000090900000|  0%| F|  |TAMS 0x0000000090800000, 0x0000000090800000| Untracked 
| 265|0x0000000090900000, 0x0000000090900000, 0x0000000090a00000|  0%| F|  |TAMS 0x0000000090900000, 0x0000000090900000| Untracked 
| 266|0x0000000090a00000, 0x0000000090a00000, 0x0000000090b00000|  0%| F|  |TAMS 0x0000000090a00000, 0x0000000090a00000| Untracked 
| 267|0x0000000090b00000, 0x0000000090b00000, 0x0000000090c00000|  0%| F|  |TAMS 0x0000000090b00000, 0x0000000090b00000| Untracked 
| 268|0x0000000090c00000, 0x0000000090c00000, 0x0000000090d00000|  0%| F|  |TAMS 0x0000000090c00000, 0x0000000090c00000| Untracked 
| 269|0x0000000090d00000, 0x0000000090d00000, 0x0000000090e00000|  0%| F|  |TAMS 0x0000000090d00000, 0x0000000090d00000| Untracked 
| 270|0x0000000090e00000, 0x0000000090e00000, 0x0000000090f00000|  0%| F|  |TAMS 0x0000000090e00000, 0x0000000090e00000| Untracked 
| 271|0x0000000090f00000, 0x0000000090f00000, 0x0000000091000000|  0%| F|  |TAMS 0x0000000090f00000, 0x0000000090f00000| Untracked 
| 272|0x0000000091000000, 0x0000000091000000, 0x0000000091100000|  0%| F|  |TAMS 0x0000000091000000, 0x0000000091000000| Untracked 
| 273|0x0000000091100000, 0x0000000091100000, 0x0000000091200000|  0%| F|  |TAMS 0x0000000091100000, 0x0000000091100000| Untracked 
| 274|0x0000000091200000, 0x0000000091200000, 0x0000000091300000|  0%| F|  |TAMS 0x0000000091200000, 0x0000000091200000| Untracked 
| 275|0x0000000091300000, 0x0000000091300000, 0x0000000091400000|  0%| F|  |TAMS 0x0000000091300000, 0x0000000091300000| Untracked 
| 276|0x0000000091400000, 0x0000000091400000, 0x0000000091500000|  0%| F|  |TAMS 0x0000000091400000, 0x0000000091400000| Untracked 
| 277|0x0000000091500000, 0x0000000091500000, 0x0000000091600000|  0%| F|  |TAMS 0x0000000091500000, 0x0000000091500000| Untracked 
| 278|0x0000000091600000, 0x0000000091600000, 0x0000000091700000|  0%| F|  |TAMS 0x0000000091600000, 0x0000000091600000| Untracked 
| 279|0x0000000091700000, 0x0000000091700000, 0x0000000091800000|  0%| F|  |TAMS 0x0000000091700000, 0x0000000091700000| Untracked 
| 280|0x0000000091800000, 0x0000000091800000, 0x0000000091900000|  0%| F|  |TAMS 0x0000000091800000, 0x0000000091800000| Untracked 
| 281|0x0000000091900000, 0x0000000091900000, 0x0000000091a00000|  0%| F|  |TAMS 0x0000000091900000, 0x0000000091900000| Untracked 
| 282|0x0000000091a00000, 0x0000000091a00000, 0x0000000091b00000|  0%| F|  |TAMS 0x0000000091a00000, 0x0000000091a00000| Untracked 
| 283|0x0000000091b00000, 0x0000000091b00000, 0x0000000091c00000|  0%| F|  |TAMS 0x0000000091b00000, 0x0000000091b00000| Untracked 
| 284|0x0000000091c00000, 0x0000000091c00000, 0x0000000091d00000|  0%| F|  |TAMS 0x0000000091c00000, 0x0000000091c00000| Untracked 
| 285|0x0000000091d00000, 0x0000000091d00000, 0x0000000091e00000|  0%| F|  |TAMS 0x0000000091d00000, 0x0000000091d00000| Untracked 
| 286|0x0000000091e00000, 0x0000000091e00000, 0x0000000091f00000|  0%| F|  |TAMS 0x0000000091e00000, 0x0000000091e00000| Untracked 
| 287|0x0000000091f00000, 0x0000000091f00000, 0x0000000092000000|  0%| F|  |TAMS 0x0000000091f00000, 0x0000000091f00000| Untracked 
| 288|0x0000000092000000, 0x0000000092000000, 0x0000000092100000|  0%| F|  |TAMS 0x0000000092000000, 0x0000000092000000| Untracked 
| 289|0x0000000092100000, 0x0000000092100000, 0x0000000092200000|  0%| F|  |TAMS 0x0000000092100000, 0x0000000092100000| Untracked 
| 290|0x0000000092200000, 0x0000000092200000, 0x0000000092300000|  0%| F|  |TAMS 0x0000000092200000, 0x0000000092200000| Untracked 
| 291|0x0000000092300000, 0x0000000092300000, 0x0000000092400000|  0%| F|  |TAMS 0x0000000092300000, 0x0000000092300000| Untracked 
| 292|0x0000000092400000, 0x0000000092400000, 0x0000000092500000|  0%| F|  |TAMS 0x0000000092400000, 0x0000000092400000| Untracked 
| 293|0x0000000092500000, 0x0000000092500000, 0x0000000092600000|  0%| F|  |TAMS 0x0000000092500000, 0x0000000092500000| Untracked 
| 294|0x0000000092600000, 0x0000000092600000, 0x0000000092700000|  0%| F|  |TAMS 0x0000000092600000, 0x0000000092600000| Untracked 
| 295|0x0000000092700000, 0x0000000092700000, 0x0000000092800000|  0%| F|  |TAMS 0x0000000092700000, 0x0000000092700000| Untracked 
| 296|0x0000000092800000, 0x0000000092800000, 0x0000000092900000|  0%| F|  |TAMS 0x0000000092800000, 0x0000000092800000| Untracked 
| 297|0x0000000092900000, 0x0000000092900000, 0x0000000092a00000|  0%| F|  |TAMS 0x0000000092900000, 0x0000000092900000| Untracked 
| 298|0x0000000092a00000, 0x0000000092a00000, 0x0000000092b00000|  0%| F|  |TAMS 0x0000000092a00000, 0x0000000092a00000| Untracked 
| 299|0x0000000092b00000, 0x0000000092b00000, 0x0000000092c00000|  0%| F|  |TAMS 0x0000000092b00000, 0x0000000092b00000| Untracked 
| 300|0x0000000092c00000, 0x0000000092c00000, 0x0000000092d00000|  0%| F|  |TAMS 0x0000000092c00000, 0x0000000092c00000| Untracked 
| 301|0x0000000092d00000, 0x0000000092d00000, 0x0000000092e00000|  0%| F|  |TAMS 0x0000000092d00000, 0x0000000092d00000| Untracked 
| 302|0x0000000092e00000, 0x0000000092e00000, 0x0000000092f00000|  0%| F|  |TAMS 0x0000000092e00000, 0x0000000092e00000| Untracked 
| 303|0x0000000092f00000, 0x0000000092f00000, 0x0000000093000000|  0%| F|  |TAMS 0x0000000092f00000, 0x0000000092f00000| Untracked 
| 304|0x0000000093000000, 0x0000000093000000, 0x0000000093100000|  0%| F|  |TAMS 0x0000000093000000, 0x0000000093000000| Untracked 
| 305|0x0000000093100000, 0x0000000093100000, 0x0000000093200000|  0%| F|  |TAMS 0x0000000093100000, 0x0000000093100000| Untracked 
| 306|0x0000000093200000, 0x0000000093200000, 0x0000000093300000|  0%| F|  |TAMS 0x0000000093200000, 0x0000000093200000| Untracked 
| 307|0x0000000093300000, 0x0000000093300000, 0x0000000093400000|  0%| F|  |TAMS 0x0000000093300000, 0x0000000093300000| Untracked 
| 308|0x0000000093400000, 0x0000000093400000, 0x0000000093500000|  0%| F|  |TAMS 0x0000000093400000, 0x0000000093400000| Untracked 
| 309|0x0000000093500000, 0x0000000093500000, 0x0000000093600000|  0%| F|  |TAMS 0x0000000093500000, 0x0000000093500000| Untracked 
| 310|0x0000000093600000, 0x0000000093600000, 0x0000000093700000|  0%| F|  |TAMS 0x0000000093600000, 0x0000000093600000| Untracked 
| 311|0x0000000093700000, 0x0000000093700000, 0x0000000093800000|  0%| F|  |TAMS 0x0000000093700000, 0x0000000093700000| Untracked 
| 312|0x0000000093800000, 0x0000000093800000, 0x0000000093900000|  0%| F|  |TAMS 0x0000000093800000, 0x0000000093800000| Untracked 
| 313|0x0000000093900000, 0x0000000093900000, 0x0000000093a00000|  0%| F|  |TAMS 0x0000000093900000, 0x0000000093900000| Untracked 
| 314|0x0000000093a00000, 0x0000000093a00000, 0x0000000093b00000|  0%| F|  |TAMS 0x0000000093a00000, 0x0000000093a00000| Untracked 
| 315|0x0000000093b00000, 0x0000000093b00000, 0x0000000093c00000|  0%| F|  |TAMS 0x0000000093b00000, 0x0000000093b00000| Untracked 
| 316|0x0000000093c00000, 0x0000000093c00000, 0x0000000093d00000|  0%| F|  |TAMS 0x0000000093c00000, 0x0000000093c00000| Untracked 
| 317|0x0000000093d00000, 0x0000000093d00000, 0x0000000093e00000|  0%| F|  |TAMS 0x0000000093d00000, 0x0000000093d00000| Untracked 
| 318|0x0000000093e00000, 0x0000000093e00000, 0x0000000093f00000|  0%| F|  |TAMS 0x0000000093e00000, 0x0000000093e00000| Untracked 
| 319|0x0000000093f00000, 0x0000000093f00000, 0x0000000094000000|  0%| F|  |TAMS 0x0000000093f00000, 0x0000000093f00000| Untracked 
| 320|0x0000000094000000, 0x0000000094000000, 0x0000000094100000|  0%| F|  |TAMS 0x0000000094000000, 0x0000000094000000| Untracked 
| 321|0x0000000094100000, 0x0000000094100000, 0x0000000094200000|  0%| F|  |TAMS 0x0000000094100000, 0x0000000094100000| Untracked 
| 322|0x0000000094200000, 0x0000000094200000, 0x0000000094300000|  0%| F|  |TAMS 0x0000000094200000, 0x0000000094200000| Untracked 
| 323|0x0000000094300000, 0x0000000094300000, 0x0000000094400000|  0%| F|  |TAMS 0x0000000094300000, 0x0000000094300000| Untracked 
| 324|0x0000000094400000, 0x0000000094400000, 0x0000000094500000|  0%| F|  |TAMS 0x0000000094400000, 0x0000000094400000| Untracked 
| 325|0x0000000094500000, 0x0000000094500000, 0x0000000094600000|  0%| F|  |TAMS 0x0000000094500000, 0x0000000094500000| Untracked 
| 326|0x0000000094600000, 0x0000000094600000, 0x0000000094700000|  0%| F|  |TAMS 0x0000000094600000, 0x0000000094600000| Untracked 
| 327|0x0000000094700000, 0x0000000094700000, 0x0000000094800000|  0%| F|  |TAMS 0x0000000094700000, 0x0000000094700000| Untracked 
| 328|0x0000000094800000, 0x0000000094800000, 0x0000000094900000|  0%| F|  |TAMS 0x0000000094800000, 0x0000000094800000| Untracked 
| 329|0x0000000094900000, 0x0000000094900000, 0x0000000094a00000|  0%| F|  |TAMS 0x0000000094900000, 0x0000000094900000| Untracked 
| 330|0x0000000094a00000, 0x0000000094a00000, 0x0000000094b00000|  0%| F|  |TAMS 0x0000000094a00000, 0x0000000094a00000| Untracked 
| 331|0x0000000094b00000, 0x0000000094b00000, 0x0000000094c00000|  0%| F|  |TAMS 0x0000000094b00000, 0x0000000094b00000| Untracked 
| 332|0x0000000094c00000, 0x0000000094c00000, 0x0000000094d00000|  0%| F|  |TAMS 0x0000000094c00000, 0x0000000094c00000| Untracked 
| 333|0x0000000094d00000, 0x0000000094d00000, 0x0000000094e00000|  0%| F|  |TAMS 0x0000000094d00000, 0x0000000094d00000| Untracked 
| 334|0x0000000094e00000, 0x0000000094e00000, 0x0000000094f00000|  0%| F|  |TAMS 0x0000000094e00000, 0x0000000094e00000| Untracked 
| 335|0x0000000094f00000, 0x0000000094f00000, 0x0000000095000000|  0%| F|  |TAMS 0x0000000094f00000, 0x0000000094f00000| Untracked 
| 336|0x0000000095000000, 0x0000000095000000, 0x0000000095100000|  0%| F|  |TAMS 0x0000000095000000, 0x0000000095000000| Untracked 
| 337|0x0000000095100000, 0x0000000095100000, 0x0000000095200000|  0%| F|  |TAMS 0x0000000095100000, 0x0000000095100000| Untracked 
| 338|0x0000000095200000, 0x0000000095200000, 0x0000000095300000|  0%| F|  |TAMS 0x0000000095200000, 0x0000000095200000| Untracked 
| 339|0x0000000095300000, 0x0000000095300000, 0x0000000095400000|  0%| F|  |TAMS 0x0000000095300000, 0x0000000095300000| Untracked 
| 340|0x0000000095400000, 0x0000000095400000, 0x0000000095500000|  0%| F|  |TAMS 0x0000000095400000, 0x0000000095400000| Untracked 
| 341|0x0000000095500000, 0x0000000095500000, 0x0000000095600000|  0%| F|  |TAMS 0x0000000095500000, 0x0000000095500000| Untracked 
| 342|0x0000000095600000, 0x0000000095600000, 0x0000000095700000|  0%| F|  |TAMS 0x0000000095600000, 0x0000000095600000| Untracked 
| 343|0x0000000095700000, 0x0000000095700000, 0x0000000095800000|  0%| F|  |TAMS 0x0000000095700000, 0x0000000095700000| Untracked 
| 344|0x0000000095800000, 0x0000000095800000, 0x0000000095900000|  0%| F|  |TAMS 0x0000000095800000, 0x0000000095800000| Untracked 
| 345|0x0000000095900000, 0x0000000095900000, 0x0000000095a00000|  0%| F|  |TAMS 0x0000000095900000, 0x0000000095900000| Untracked 
| 346|0x0000000095a00000, 0x0000000095a00000, 0x0000000095b00000|  0%| F|  |TAMS 0x0000000095a00000, 0x0000000095a00000| Untracked 
| 347|0x0000000095b00000, 0x0000000095b00000, 0x0000000095c00000|  0%| F|  |TAMS 0x0000000095b00000, 0x0000000095b00000| Untracked 
| 348|0x0000000095c00000, 0x0000000095c00000, 0x0000000095d00000|  0%| F|  |TAMS 0x0000000095c00000, 0x0000000095c00000| Untracked 
| 349|0x0000000095d00000, 0x0000000095d00000, 0x0000000095e00000|  0%| F|  |TAMS 0x0000000095d00000, 0x0000000095d00000| Untracked 
| 350|0x0000000095e00000, 0x0000000095e00000, 0x0000000095f00000|  0%| F|  |TAMS 0x0000000095e00000, 0x0000000095e00000| Untracked 
| 351|0x0000000095f00000, 0x0000000095f00000, 0x0000000096000000|  0%| F|  |TAMS 0x0000000095f00000, 0x0000000095f00000| Untracked 
| 352|0x0000000096000000, 0x0000000096000000, 0x0000000096100000|  0%| F|  |TAMS 0x0000000096000000, 0x0000000096000000| Untracked 
| 353|0x0000000096100000, 0x0000000096100000, 0x0000000096200000|  0%| F|  |TAMS 0x0000000096100000, 0x0000000096100000| Untracked 
| 354|0x0000000096200000, 0x0000000096200000, 0x0000000096300000|  0%| F|  |TAMS 0x0000000096200000, 0x0000000096200000| Untracked 
| 355|0x0000000096300000, 0x0000000096300000, 0x0000000096400000|  0%| F|  |TAMS 0x0000000096300000, 0x0000000096300000| Untracked 
| 356|0x0000000096400000, 0x0000000096400000, 0x0000000096500000|  0%| F|  |TAMS 0x0000000096400000, 0x0000000096400000| Untracked 
| 357|0x0000000096500000, 0x0000000096500000, 0x0000000096600000|  0%| F|  |TAMS 0x0000000096500000, 0x0000000096500000| Untracked 
| 358|0x0000000096600000, 0x0000000096600000, 0x0000000096700000|  0%| F|  |TAMS 0x0000000096600000, 0x0000000096600000| Untracked 
| 359|0x0000000096700000, 0x0000000096700000, 0x0000000096800000|  0%| F|  |TAMS 0x0000000096700000, 0x0000000096700000| Untracked 
| 360|0x0000000096800000, 0x0000000096800000, 0x0000000096900000|  0%| F|  |TAMS 0x0000000096800000, 0x0000000096800000| Untracked 
| 361|0x0000000096900000, 0x0000000096900000, 0x0000000096a00000|  0%| F|  |TAMS 0x0000000096900000, 0x0000000096900000| Untracked 
| 362|0x0000000096a00000, 0x0000000096a00000, 0x0000000096b00000|  0%| F|  |TAMS 0x0000000096a00000, 0x0000000096a00000| Untracked 
| 363|0x0000000096b00000, 0x0000000096b00000, 0x0000000096c00000|  0%| F|  |TAMS 0x0000000096b00000, 0x0000000096b00000| Untracked 
| 364|0x0000000096c00000, 0x0000000096c00000, 0x0000000096d00000|  0%| F|  |TAMS 0x0000000096c00000, 0x0000000096c00000| Untracked 
| 365|0x0000000096d00000, 0x0000000096d00000, 0x0000000096e00000|  0%| F|  |TAMS 0x0000000096d00000, 0x0000000096d00000| Untracked 
| 366|0x0000000096e00000, 0x0000000096e00000, 0x0000000096f00000|  0%| F|  |TAMS 0x0000000096e00000, 0x0000000096e00000| Untracked 
| 367|0x0000000096f00000, 0x0000000096f00000, 0x0000000097000000|  0%| F|  |TAMS 0x0000000096f00000, 0x0000000096f00000| Untracked 
| 368|0x0000000097000000, 0x0000000097000000, 0x0000000097100000|  0%| F|  |TAMS 0x0000000097000000, 0x0000000097000000| Untracked 
| 369|0x0000000097100000, 0x0000000097100000, 0x0000000097200000|  0%| F|  |TAMS 0x0000000097100000, 0x0000000097100000| Untracked 
| 370|0x0000000097200000, 0x0000000097200000, 0x0000000097300000|  0%| F|  |TAMS 0x0000000097200000, 0x0000000097200000| Untracked 
| 371|0x0000000097300000, 0x0000000097400000, 0x0000000097400000|100%| S|CS|TAMS 0x0000000097300000, 0x0000000097300000| Complete 
| 372|0x0000000097400000, 0x0000000097500000, 0x0000000097500000|100%| S|CS|TAMS 0x0000000097400000, 0x0000000097400000| Complete 
| 373|0x0000000097500000, 0x0000000097600000, 0x0000000097600000|100%| S|CS|TAMS 0x0000000097500000, 0x0000000097500000| Complete 
| 374|0x0000000097600000, 0x0000000097600000, 0x0000000097700000|  0%| F|  |TAMS 0x0000000097600000, 0x0000000097600000| Untracked 
| 375|0x0000000097700000, 0x0000000097700000, 0x0000000097800000|  0%| F|  |TAMS 0x0000000097700000, 0x0000000097700000| Untracked 
| 376|0x0000000097800000, 0x0000000097800000, 0x0000000097900000|  0%| F|  |TAMS 0x0000000097800000, 0x0000000097800000| Untracked 
| 377|0x0000000097900000, 0x0000000097900000, 0x0000000097a00000|  0%| F|  |TAMS 0x0000000097900000, 0x0000000097900000| Untracked 
| 378|0x0000000097a00000, 0x0000000097a00000, 0x0000000097b00000|  0%| F|  |TAMS 0x0000000097a00000, 0x0000000097a00000| Untracked 
| 379|0x0000000097b00000, 0x0000000097b00000, 0x0000000097c00000|  0%| F|  |TAMS 0x0000000097b00000, 0x0000000097b00000| Untracked 
| 380|0x0000000097c00000, 0x0000000097c00000, 0x0000000097d00000|  0%| F|  |TAMS 0x0000000097c00000, 0x0000000097c00000| Untracked 
| 381|0x0000000097d00000, 0x0000000097d00000, 0x0000000097e00000|  0%| F|  |TAMS 0x0000000097d00000, 0x0000000097d00000| Untracked 
| 382|0x0000000097e00000, 0x0000000097e00000, 0x0000000097f00000|  0%| F|  |TAMS 0x0000000097e00000, 0x0000000097e00000| Untracked 
| 383|0x0000000097f00000, 0x0000000097f00000, 0x0000000098000000|  0%| F|  |TAMS 0x0000000097f00000, 0x0000000097f00000| Untracked 
| 384|0x0000000098000000, 0x0000000098000000, 0x0000000098100000|  0%| F|  |TAMS 0x0000000098000000, 0x0000000098000000| Untracked 
| 385|0x0000000098100000, 0x0000000098100000, 0x0000000098200000|  0%| F|  |TAMS 0x0000000098100000, 0x0000000098100000| Untracked 
| 386|0x0000000098200000, 0x0000000098200000, 0x0000000098300000|  0%| F|  |TAMS 0x0000000098200000, 0x0000000098200000| Untracked 
| 387|0x0000000098300000, 0x0000000098300000, 0x0000000098400000|  0%| F|  |TAMS 0x0000000098300000, 0x0000000098300000| Untracked 
| 388|0x0000000098400000, 0x0000000098400000, 0x0000000098500000|  0%| F|  |TAMS 0x0000000098400000, 0x0000000098400000| Untracked 
| 389|0x0000000098500000, 0x0000000098500000, 0x0000000098600000|  0%| F|  |TAMS 0x0000000098500000, 0x0000000098500000| Untracked 
| 390|0x0000000098600000, 0x0000000098600000, 0x0000000098700000|  0%| F|  |TAMS 0x0000000098600000, 0x0000000098600000| Untracked 
| 391|0x0000000098700000, 0x0000000098700000, 0x0000000098800000|  0%| F|  |TAMS 0x0000000098700000, 0x0000000098700000| Untracked 
| 392|0x0000000098800000, 0x0000000098800000, 0x0000000098900000|  0%| F|  |TAMS 0x0000000098800000, 0x0000000098800000| Untracked 
| 393|0x0000000098900000, 0x0000000098900000, 0x0000000098a00000|  0%| F|  |TAMS 0x0000000098900000, 0x0000000098900000| Untracked 
| 394|0x0000000098a00000, 0x0000000098a00000, 0x0000000098b00000|  0%| F|  |TAMS 0x0000000098a00000, 0x0000000098a00000| Untracked 
| 395|0x0000000098b00000, 0x0000000098b00000, 0x0000000098c00000|  0%| F|  |TAMS 0x0000000098b00000, 0x0000000098b00000| Untracked 
| 396|0x0000000098c00000, 0x0000000098c00000, 0x0000000098d00000|  0%| F|  |TAMS 0x0000000098c00000, 0x0000000098c00000| Untracked 
| 397|0x0000000098d00000, 0x0000000098d00000, 0x0000000098e00000|  0%| F|  |TAMS 0x0000000098d00000, 0x0000000098d00000| Untracked 
| 398|0x0000000098e00000, 0x0000000098e00000, 0x0000000098f00000|  0%| F|  |TAMS 0x0000000098e00000, 0x0000000098e00000| Untracked 
| 399|0x0000000098f00000, 0x0000000098f00000, 0x0000000099000000|  0%| F|  |TAMS 0x0000000098f00000, 0x0000000098f00000| Untracked 
| 400|0x0000000099000000, 0x0000000099000000, 0x0000000099100000|  0%| F|  |TAMS 0x0000000099000000, 0x0000000099000000| Untracked 
| 401|0x0000000099100000, 0x0000000099100000, 0x0000000099200000|  0%| F|  |TAMS 0x0000000099100000, 0x0000000099100000| Untracked 
| 402|0x0000000099200000, 0x0000000099200000, 0x0000000099300000|  0%| F|  |TAMS 0x0000000099200000, 0x0000000099200000| Untracked 
| 403|0x0000000099300000, 0x0000000099300000, 0x0000000099400000|  0%| F|  |TAMS 0x0000000099300000, 0x0000000099300000| Untracked 
| 404|0x0000000099400000, 0x0000000099400000, 0x0000000099500000|  0%| F|  |TAMS 0x0000000099400000, 0x0000000099400000| Untracked 
| 405|0x0000000099500000, 0x0000000099500000, 0x0000000099600000|  0%| F|  |TAMS 0x0000000099500000, 0x0000000099500000| Untracked 
| 406|0x0000000099600000, 0x0000000099600000, 0x0000000099700000|  0%| F|  |TAMS 0x0000000099600000, 0x0000000099600000| Untracked 
| 407|0x0000000099700000, 0x0000000099700000, 0x0000000099800000|  0%| F|  |TAMS 0x0000000099700000, 0x0000000099700000| Untracked 
| 408|0x0000000099800000, 0x0000000099800000, 0x0000000099900000|  0%| F|  |TAMS 0x0000000099800000, 0x0000000099800000| Untracked 
| 409|0x0000000099900000, 0x0000000099900000, 0x0000000099a00000|  0%| F|  |TAMS 0x0000000099900000, 0x0000000099900000| Untracked 
| 410|0x0000000099a00000, 0x0000000099a00000, 0x0000000099b00000|  0%| F|  |TAMS 0x0000000099a00000, 0x0000000099a00000| Untracked 
| 411|0x0000000099b00000, 0x0000000099b00000, 0x0000000099c00000|  0%| F|  |TAMS 0x0000000099b00000, 0x0000000099b00000| Untracked 
| 412|0x0000000099c00000, 0x0000000099c00000, 0x0000000099d00000|  0%| F|  |TAMS 0x0000000099c00000, 0x0000000099c00000| Untracked 
| 413|0x0000000099d00000, 0x0000000099d00000, 0x0000000099e00000|  0%| F|  |TAMS 0x0000000099d00000, 0x0000000099d00000| Untracked 
| 414|0x0000000099e00000, 0x0000000099e00000, 0x0000000099f00000|  0%| F|  |TAMS 0x0000000099e00000, 0x0000000099e00000| Untracked 
| 415|0x0000000099f00000, 0x0000000099f00000, 0x000000009a000000|  0%| F|  |TAMS 0x0000000099f00000, 0x0000000099f00000| Untracked 
| 416|0x000000009a000000, 0x000000009a000000, 0x000000009a100000|  0%| F|  |TAMS 0x000000009a000000, 0x000000009a000000| Untracked 
| 417|0x000000009a100000, 0x000000009a100000, 0x000000009a200000|  0%| F|  |TAMS 0x000000009a100000, 0x000000009a100000| Untracked 
| 418|0x000000009a200000, 0x000000009a200000, 0x000000009a300000|  0%| F|  |TAMS 0x000000009a200000, 0x000000009a200000| Untracked 
| 419|0x000000009a300000, 0x000000009a300000, 0x000000009a400000|  0%| F|  |TAMS 0x000000009a300000, 0x000000009a300000| Untracked 
| 420|0x000000009a400000, 0x000000009a400000, 0x000000009a500000|  0%| F|  |TAMS 0x000000009a400000, 0x000000009a400000| Untracked 
| 421|0x000000009a500000, 0x000000009a500000, 0x000000009a600000|  0%| F|  |TAMS 0x000000009a500000, 0x000000009a500000| Untracked 
| 422|0x000000009a600000, 0x000000009a600000, 0x000000009a700000|  0%| F|  |TAMS 0x000000009a600000, 0x000000009a600000| Untracked 
| 423|0x000000009a700000, 0x000000009a700000, 0x000000009a800000|  0%| F|  |TAMS 0x000000009a700000, 0x000000009a700000| Untracked 
| 424|0x000000009a800000, 0x000000009a800000, 0x000000009a900000|  0%| F|  |TAMS 0x000000009a800000, 0x000000009a800000| Untracked 
| 425|0x000000009a900000, 0x000000009a900000, 0x000000009aa00000|  0%| F|  |TAMS 0x000000009a900000, 0x000000009a900000| Untracked 
| 426|0x000000009aa00000, 0x000000009aa00000, 0x000000009ab00000|  0%| F|  |TAMS 0x000000009aa00000, 0x000000009aa00000| Untracked 
| 427|0x000000009ab00000, 0x000000009ab00000, 0x000000009ac00000|  0%| F|  |TAMS 0x000000009ab00000, 0x000000009ab00000| Untracked 
| 428|0x000000009ac00000, 0x000000009ac00000, 0x000000009ad00000|  0%| F|  |TAMS 0x000000009ac00000, 0x000000009ac00000| Untracked 
| 429|0x000000009ad00000, 0x000000009ad00000, 0x000000009ae00000|  0%| F|  |TAMS 0x000000009ad00000, 0x000000009ad00000| Untracked 
| 430|0x000000009ae00000, 0x000000009ae00000, 0x000000009af00000|  0%| F|  |TAMS 0x000000009ae00000, 0x000000009ae00000| Untracked 
| 431|0x000000009af00000, 0x000000009af00000, 0x000000009b000000|  0%| F|  |TAMS 0x000000009af00000, 0x000000009af00000| Untracked 
| 432|0x000000009b000000, 0x000000009b000000, 0x000000009b100000|  0%| F|  |TAMS 0x000000009b000000, 0x000000009b000000| Untracked 
| 433|0x000000009b100000, 0x000000009b100000, 0x000000009b200000|  0%| F|  |TAMS 0x000000009b100000, 0x000000009b100000| Untracked 
| 434|0x000000009b200000, 0x000000009b200000, 0x000000009b300000|  0%| F|  |TAMS 0x000000009b200000, 0x000000009b200000| Untracked 
| 435|0x000000009b300000, 0x000000009b300000, 0x000000009b400000|  0%| F|  |TAMS 0x000000009b300000, 0x000000009b300000| Untracked 
| 436|0x000000009b400000, 0x000000009b400000, 0x000000009b500000|  0%| F|  |TAMS 0x000000009b400000, 0x000000009b400000| Untracked 
| 437|0x000000009b500000, 0x000000009b500000, 0x000000009b600000|  0%| F|  |TAMS 0x000000009b500000, 0x000000009b500000| Untracked 
| 438|0x000000009b600000, 0x000000009b600000, 0x000000009b700000|  0%| F|  |TAMS 0x000000009b600000, 0x000000009b600000| Untracked 
| 439|0x000000009b700000, 0x000000009b700000, 0x000000009b800000|  0%| F|  |TAMS 0x000000009b700000, 0x000000009b700000| Untracked 
| 440|0x000000009b800000, 0x000000009b800000, 0x000000009b900000|  0%| F|  |TAMS 0x000000009b800000, 0x000000009b800000| Untracked 
| 441|0x000000009b900000, 0x000000009b900000, 0x000000009ba00000|  0%| F|  |TAMS 0x000000009b900000, 0x000000009b900000| Untracked 
| 442|0x000000009ba00000, 0x000000009ba00000, 0x000000009bb00000|  0%| F|  |TAMS 0x000000009ba00000, 0x000000009ba00000| Untracked 
| 443|0x000000009bb00000, 0x000000009bb00000, 0x000000009bc00000|  0%| F|  |TAMS 0x000000009bb00000, 0x000000009bb00000| Untracked 
| 444|0x000000009bc00000, 0x000000009bc00000, 0x000000009bd00000|  0%| F|  |TAMS 0x000000009bc00000, 0x000000009bc00000| Untracked 
| 445|0x000000009bd00000, 0x000000009bd00000, 0x000000009be00000|  0%| F|  |TAMS 0x000000009bd00000, 0x000000009bd00000| Untracked 
| 446|0x000000009be00000, 0x000000009be00000, 0x000000009bf00000|  0%| F|  |TAMS 0x000000009be00000, 0x000000009be00000| Untracked 
| 447|0x000000009bf00000, 0x000000009bf00000, 0x000000009c000000|  0%| F|  |TAMS 0x000000009bf00000, 0x000000009bf00000| Untracked 
| 448|0x000000009c000000, 0x000000009c000000, 0x000000009c100000|  0%| F|  |TAMS 0x000000009c000000, 0x000000009c000000| Untracked 
| 449|0x000000009c100000, 0x000000009c100000, 0x000000009c200000|  0%| F|  |TAMS 0x000000009c100000, 0x000000009c100000| Untracked 
| 450|0x000000009c200000, 0x000000009c200000, 0x000000009c300000|  0%| F|  |TAMS 0x000000009c200000, 0x000000009c200000| Untracked 
| 451|0x000000009c300000, 0x000000009c300000, 0x000000009c400000|  0%| F|  |TAMS 0x000000009c300000, 0x000000009c300000| Untracked 
| 452|0x000000009c400000, 0x000000009c400000, 0x000000009c500000|  0%| F|  |TAMS 0x000000009c400000, 0x000000009c400000| Untracked 
| 453|0x000000009c500000, 0x000000009c500000, 0x000000009c600000|  0%| F|  |TAMS 0x000000009c500000, 0x000000009c500000| Untracked 
| 454|0x000000009c600000, 0x000000009c600000, 0x000000009c700000|  0%| F|  |TAMS 0x000000009c600000, 0x000000009c600000| Untracked 
| 455|0x000000009c700000, 0x000000009c700000, 0x000000009c800000|  0%| F|  |TAMS 0x000000009c700000, 0x000000009c700000| Untracked 
| 456|0x000000009c800000, 0x000000009c800000, 0x000000009c900000|  0%| F|  |TAMS 0x000000009c800000, 0x000000009c800000| Untracked 
| 457|0x000000009c900000, 0x000000009c900000, 0x000000009ca00000|  0%| F|  |TAMS 0x000000009c900000, 0x000000009c900000| Untracked 
| 458|0x000000009ca00000, 0x000000009ca00000, 0x000000009cb00000|  0%| F|  |TAMS 0x000000009ca00000, 0x000000009ca00000| Untracked 
| 459|0x000000009cb00000, 0x000000009cb00000, 0x000000009cc00000|  0%| F|  |TAMS 0x000000009cb00000, 0x000000009cb00000| Untracked 
| 460|0x000000009cc00000, 0x000000009cc00000, 0x000000009cd00000|  0%| F|  |TAMS 0x000000009cc00000, 0x000000009cc00000| Untracked 
| 461|0x000000009cd00000, 0x000000009cd00000, 0x000000009ce00000|  0%| F|  |TAMS 0x000000009cd00000, 0x000000009cd00000| Untracked 
| 462|0x000000009ce00000, 0x000000009ce00000, 0x000000009cf00000|  0%| F|  |TAMS 0x000000009ce00000, 0x000000009ce00000| Untracked 
| 463|0x000000009cf00000, 0x000000009cf00000, 0x000000009d000000|  0%| F|  |TAMS 0x000000009cf00000, 0x000000009cf00000| Untracked 
| 464|0x000000009d000000, 0x000000009d000000, 0x000000009d100000|  0%| F|  |TAMS 0x000000009d000000, 0x000000009d000000| Untracked 
| 465|0x000000009d100000, 0x000000009d100000, 0x000000009d200000|  0%| F|  |TAMS 0x000000009d100000, 0x000000009d100000| Untracked 
| 466|0x000000009d200000, 0x000000009d200000, 0x000000009d300000|  0%| F|  |TAMS 0x000000009d200000, 0x000000009d200000| Untracked 
| 467|0x000000009d300000, 0x000000009d300000, 0x000000009d400000|  0%| F|  |TAMS 0x000000009d300000, 0x000000009d300000| Untracked 
| 468|0x000000009d400000, 0x000000009d400000, 0x000000009d500000|  0%| F|  |TAMS 0x000000009d400000, 0x000000009d400000| Untracked 
| 469|0x000000009d500000, 0x000000009d500000, 0x000000009d600000|  0%| F|  |TAMS 0x000000009d500000, 0x000000009d500000| Untracked 
| 470|0x000000009d600000, 0x000000009d600000, 0x000000009d700000|  0%| F|  |TAMS 0x000000009d600000, 0x000000009d600000| Untracked 
| 471|0x000000009d700000, 0x000000009d700000, 0x000000009d800000|  0%| F|  |TAMS 0x000000009d700000, 0x000000009d700000| Untracked 
| 472|0x000000009d800000, 0x000000009d800000, 0x000000009d900000|  0%| F|  |TAMS 0x000000009d800000, 0x000000009d800000| Untracked 
| 473|0x000000009d900000, 0x000000009d900000, 0x000000009da00000|  0%| F|  |TAMS 0x000000009d900000, 0x000000009d900000| Untracked 
| 474|0x000000009da00000, 0x000000009da00000, 0x000000009db00000|  0%| F|  |TAMS 0x000000009da00000, 0x000000009da00000| Untracked 
| 475|0x000000009db00000, 0x000000009db00000, 0x000000009dc00000|  0%| F|  |TAMS 0x000000009db00000, 0x000000009db00000| Untracked 
| 476|0x000000009dc00000, 0x000000009dc00000, 0x000000009dd00000|  0%| F|  |TAMS 0x000000009dc00000, 0x000000009dc00000| Untracked 
| 477|0x000000009dd00000, 0x000000009dd00000, 0x000000009de00000|  0%| F|  |TAMS 0x000000009dd00000, 0x000000009dd00000| Untracked 
| 478|0x000000009de00000, 0x000000009de00000, 0x000000009df00000|  0%| F|  |TAMS 0x000000009de00000, 0x000000009de00000| Untracked 
| 479|0x000000009df00000, 0x000000009df00000, 0x000000009e000000|  0%| F|  |TAMS 0x000000009df00000, 0x000000009df00000| Untracked 
| 480|0x000000009e000000, 0x000000009e000000, 0x000000009e100000|  0%| F|  |TAMS 0x000000009e000000, 0x000000009e000000| Untracked 
| 481|0x000000009e100000, 0x000000009e100000, 0x000000009e200000|  0%| F|  |TAMS 0x000000009e100000, 0x000000009e100000| Untracked 
| 482|0x000000009e200000, 0x000000009e200000, 0x000000009e300000|  0%| F|  |TAMS 0x000000009e200000, 0x000000009e200000| Untracked 
| 483|0x000000009e300000, 0x000000009e300000, 0x000000009e400000|  0%| F|  |TAMS 0x000000009e300000, 0x000000009e300000| Untracked 
| 484|0x000000009e400000, 0x000000009e400000, 0x000000009e500000|  0%| F|  |TAMS 0x000000009e400000, 0x000000009e400000| Untracked 
| 485|0x000000009e500000, 0x000000009e500000, 0x000000009e600000|  0%| F|  |TAMS 0x000000009e500000, 0x000000009e500000| Untracked 
| 486|0x000000009e600000, 0x000000009e600000, 0x000000009e700000|  0%| F|  |TAMS 0x000000009e600000, 0x000000009e600000| Untracked 
| 487|0x000000009e700000, 0x000000009e700000, 0x000000009e800000|  0%| F|  |TAMS 0x000000009e700000, 0x000000009e700000| Untracked 
| 488|0x000000009e800000, 0x000000009e800000, 0x000000009e900000|  0%| F|  |TAMS 0x000000009e800000, 0x000000009e800000| Untracked 
| 489|0x000000009e900000, 0x000000009e900000, 0x000000009ea00000|  0%| F|  |TAMS 0x000000009e900000, 0x000000009e900000| Untracked 
| 490|0x000000009ea00000, 0x000000009ea00000, 0x000000009eb00000|  0%| F|  |TAMS 0x000000009ea00000, 0x000000009ea00000| Untracked 
| 491|0x000000009eb00000, 0x000000009eb00000, 0x000000009ec00000|  0%| F|  |TAMS 0x000000009eb00000, 0x000000009eb00000| Untracked 
| 492|0x000000009ec00000, 0x000000009ec00000, 0x000000009ed00000|  0%| F|  |TAMS 0x000000009ec00000, 0x000000009ec00000| Untracked 
| 493|0x000000009ed00000, 0x000000009ed00000, 0x000000009ee00000|  0%| F|  |TAMS 0x000000009ed00000, 0x000000009ed00000| Untracked 
| 494|0x000000009ee00000, 0x000000009ee00000, 0x000000009ef00000|  0%| F|  |TAMS 0x000000009ee00000, 0x000000009ee00000| Untracked 
| 495|0x000000009ef00000, 0x000000009ef00000, 0x000000009f000000|  0%| F|  |TAMS 0x000000009ef00000, 0x000000009ef00000| Untracked 
| 496|0x000000009f000000, 0x000000009f000000, 0x000000009f100000|  0%| F|  |TAMS 0x000000009f000000, 0x000000009f000000| Untracked 
| 497|0x000000009f100000, 0x000000009f100000, 0x000000009f200000|  0%| F|  |TAMS 0x000000009f100000, 0x000000009f100000| Untracked 
| 498|0x000000009f200000, 0x000000009f200000, 0x000000009f300000|  0%| F|  |TAMS 0x000000009f200000, 0x000000009f200000| Untracked 
| 499|0x000000009f300000, 0x000000009f300000, 0x000000009f400000|  0%| F|  |TAMS 0x000000009f300000, 0x000000009f300000| Untracked 
| 500|0x000000009f400000, 0x000000009f400000, 0x000000009f500000|  0%| F|  |TAMS 0x000000009f400000, 0x000000009f400000| Untracked 
| 501|0x000000009f500000, 0x000000009f500000, 0x000000009f600000|  0%| F|  |TAMS 0x000000009f500000, 0x000000009f500000| Untracked 
| 502|0x000000009f600000, 0x000000009f600000, 0x000000009f700000|  0%| F|  |TAMS 0x000000009f600000, 0x000000009f600000| Untracked 
| 503|0x000000009f700000, 0x000000009f700000, 0x000000009f800000|  0%| F|  |TAMS 0x000000009f700000, 0x000000009f700000| Untracked 
| 504|0x000000009f800000, 0x000000009f800000, 0x000000009f900000|  0%| F|  |TAMS 0x000000009f800000, 0x000000009f800000| Untracked 
| 505|0x000000009f900000, 0x000000009f900000, 0x000000009fa00000|  0%| F|  |TAMS 0x000000009f900000, 0x000000009f900000| Untracked 
| 506|0x000000009fa00000, 0x000000009fa00000, 0x000000009fb00000|  0%| F|  |TAMS 0x000000009fa00000, 0x000000009fa00000| Untracked 
| 507|0x000000009fb00000, 0x000000009fb00000, 0x000000009fc00000|  0%| F|  |TAMS 0x000000009fb00000, 0x000000009fb00000| Untracked 
| 508|0x000000009fc00000, 0x000000009fc00000, 0x000000009fd00000|  0%| F|  |TAMS 0x000000009fc00000, 0x000000009fc00000| Untracked 
| 509|0x000000009fd00000, 0x000000009fd00000, 0x000000009fe00000|  0%| F|  |TAMS 0x000000009fd00000, 0x000000009fd00000| Untracked 
| 510|0x000000009fe00000, 0x000000009fe00000, 0x000000009ff00000|  0%| F|  |TAMS 0x000000009fe00000, 0x000000009fe00000| Untracked 
| 511|0x000000009ff00000, 0x000000009ff00000, 0x00000000a0000000|  0%| F|  |TAMS 0x000000009ff00000, 0x000000009ff00000| Untracked 
| 512|0x00000000a0000000, 0x00000000a0000000, 0x00000000a0100000|  0%| F|  |TAMS 0x00000000a0000000, 0x00000000a0000000| Untracked 
| 513|0x00000000a0100000, 0x00000000a0100000, 0x00000000a0200000|  0%| F|  |TAMS 0x00000000a0100000, 0x00000000a0100000| Untracked 
| 514|0x00000000a0200000, 0x00000000a0200000, 0x00000000a0300000|  0%| F|  |TAMS 0x00000000a0200000, 0x00000000a0200000| Untracked 
| 515|0x00000000a0300000, 0x00000000a0300000, 0x00000000a0400000|  0%| F|  |TAMS 0x00000000a0300000, 0x00000000a0300000| Untracked 
| 516|0x00000000a0400000, 0x00000000a0400000, 0x00000000a0500000|  0%| F|  |TAMS 0x00000000a0400000, 0x00000000a0400000| Untracked 
| 517|0x00000000a0500000, 0x00000000a0500000, 0x00000000a0600000|  0%| F|  |TAMS 0x00000000a0500000, 0x00000000a0500000| Untracked 
| 518|0x00000000a0600000, 0x00000000a0600000, 0x00000000a0700000|  0%| F|  |TAMS 0x00000000a0600000, 0x00000000a0600000| Untracked 
| 519|0x00000000a0700000, 0x00000000a0700000, 0x00000000a0800000|  0%| F|  |TAMS 0x00000000a0700000, 0x00000000a0700000| Untracked 
| 520|0x00000000a0800000, 0x00000000a0800000, 0x00000000a0900000|  0%| F|  |TAMS 0x00000000a0800000, 0x00000000a0800000| Untracked 
| 521|0x00000000a0900000, 0x00000000a0900000, 0x00000000a0a00000|  0%| F|  |TAMS 0x00000000a0900000, 0x00000000a0900000| Untracked 
| 522|0x00000000a0a00000, 0x00000000a0a00000, 0x00000000a0b00000|  0%| F|  |TAMS 0x00000000a0a00000, 0x00000000a0a00000| Untracked 
| 523|0x00000000a0b00000, 0x00000000a0b00000, 0x00000000a0c00000|  0%| F|  |TAMS 0x00000000a0b00000, 0x00000000a0b00000| Untracked 
| 524|0x00000000a0c00000, 0x00000000a0c00000, 0x00000000a0d00000|  0%| F|  |TAMS 0x00000000a0c00000, 0x00000000a0c00000| Untracked 
| 525|0x00000000a0d00000, 0x00000000a0d00000, 0x00000000a0e00000|  0%| F|  |TAMS 0x00000000a0d00000, 0x00000000a0d00000| Untracked 
| 526|0x00000000a0e00000, 0x00000000a0e00000, 0x00000000a0f00000|  0%| F|  |TAMS 0x00000000a0e00000, 0x00000000a0e00000| Untracked 
| 527|0x00000000a0f00000, 0x00000000a0f00000, 0x00000000a1000000|  0%| F|  |TAMS 0x00000000a0f00000, 0x00000000a0f00000| Untracked 
| 528|0x00000000a1000000, 0x00000000a1000000, 0x00000000a1100000|  0%| F|  |TAMS 0x00000000a1000000, 0x00000000a1000000| Untracked 
| 529|0x00000000a1100000, 0x00000000a1100000, 0x00000000a1200000|  0%| F|  |TAMS 0x00000000a1100000, 0x00000000a1100000| Untracked 
| 530|0x00000000a1200000, 0x00000000a1200000, 0x00000000a1300000|  0%| F|  |TAMS 0x00000000a1200000, 0x00000000a1200000| Untracked 
| 531|0x00000000a1300000, 0x00000000a1300000, 0x00000000a1400000|  0%| F|  |TAMS 0x00000000a1300000, 0x00000000a1300000| Untracked 
| 532|0x00000000a1400000, 0x00000000a1400000, 0x00000000a1500000|  0%| F|  |TAMS 0x00000000a1400000, 0x00000000a1400000| Untracked 
| 533|0x00000000a1500000, 0x00000000a1500000, 0x00000000a1600000|  0%| F|  |TAMS 0x00000000a1500000, 0x00000000a1500000| Untracked 
| 534|0x00000000a1600000, 0x00000000a1600000, 0x00000000a1700000|  0%| F|  |TAMS 0x00000000a1600000, 0x00000000a1600000| Untracked 
| 535|0x00000000a1700000, 0x00000000a1700000, 0x00000000a1800000|  0%| F|  |TAMS 0x00000000a1700000, 0x00000000a1700000| Untracked 
| 536|0x00000000a1800000, 0x00000000a1800000, 0x00000000a1900000|  0%| F|  |TAMS 0x00000000a1800000, 0x00000000a1800000| Untracked 
| 537|0x00000000a1900000, 0x00000000a1900000, 0x00000000a1a00000|  0%| F|  |TAMS 0x00000000a1900000, 0x00000000a1900000| Untracked 
| 538|0x00000000a1a00000, 0x00000000a1a00000, 0x00000000a1b00000|  0%| F|  |TAMS 0x00000000a1a00000, 0x00000000a1a00000| Untracked 
| 539|0x00000000a1b00000, 0x00000000a1b00000, 0x00000000a1c00000|  0%| F|  |TAMS 0x00000000a1b00000, 0x00000000a1b00000| Untracked 
| 540|0x00000000a1c00000, 0x00000000a1c00000, 0x00000000a1d00000|  0%| F|  |TAMS 0x00000000a1c00000, 0x00000000a1c00000| Untracked 
| 541|0x00000000a1d00000, 0x00000000a1d00000, 0x00000000a1e00000|  0%| F|  |TAMS 0x00000000a1d00000, 0x00000000a1d00000| Untracked 
| 542|0x00000000a1e00000, 0x00000000a1e00000, 0x00000000a1f00000|  0%| F|  |TAMS 0x00000000a1e00000, 0x00000000a1e00000| Untracked 
| 543|0x00000000a1f00000, 0x00000000a1f00000, 0x00000000a2000000|  0%| F|  |TAMS 0x00000000a1f00000, 0x00000000a1f00000| Untracked 
| 544|0x00000000a2000000, 0x00000000a2000000, 0x00000000a2100000|  0%| F|  |TAMS 0x00000000a2000000, 0x00000000a2000000| Untracked 
| 545|0x00000000a2100000, 0x00000000a2100000, 0x00000000a2200000|  0%| F|  |TAMS 0x00000000a2100000, 0x00000000a2100000| Untracked 
| 546|0x00000000a2200000, 0x00000000a2200000, 0x00000000a2300000|  0%| F|  |TAMS 0x00000000a2200000, 0x00000000a2200000| Untracked 
| 547|0x00000000a2300000, 0x00000000a2300000, 0x00000000a2400000|  0%| F|  |TAMS 0x00000000a2300000, 0x00000000a2300000| Untracked 
| 548|0x00000000a2400000, 0x00000000a2400000, 0x00000000a2500000|  0%| F|  |TAMS 0x00000000a2400000, 0x00000000a2400000| Untracked 
| 549|0x00000000a2500000, 0x00000000a2500000, 0x00000000a2600000|  0%| F|  |TAMS 0x00000000a2500000, 0x00000000a2500000| Untracked 
| 550|0x00000000a2600000, 0x00000000a2600000, 0x00000000a2700000|  0%| F|  |TAMS 0x00000000a2600000, 0x00000000a2600000| Untracked 
| 551|0x00000000a2700000, 0x00000000a2700000, 0x00000000a2800000|  0%| F|  |TAMS 0x00000000a2700000, 0x00000000a2700000| Untracked 
| 552|0x00000000a2800000, 0x00000000a2800000, 0x00000000a2900000|  0%| F|  |TAMS 0x00000000a2800000, 0x00000000a2800000| Untracked 
| 553|0x00000000a2900000, 0x00000000a2900000, 0x00000000a2a00000|  0%| F|  |TAMS 0x00000000a2900000, 0x00000000a2900000| Untracked 
| 554|0x00000000a2a00000, 0x00000000a2a00000, 0x00000000a2b00000|  0%| F|  |TAMS 0x00000000a2a00000, 0x00000000a2a00000| Untracked 
| 555|0x00000000a2b00000, 0x00000000a2b00000, 0x00000000a2c00000|  0%| F|  |TAMS 0x00000000a2b00000, 0x00000000a2b00000| Untracked 
| 556|0x00000000a2c00000, 0x00000000a2c00000, 0x00000000a2d00000|  0%| F|  |TAMS 0x00000000a2c00000, 0x00000000a2c00000| Untracked 
| 557|0x00000000a2d00000, 0x00000000a2d00000, 0x00000000a2e00000|  0%| F|  |TAMS 0x00000000a2d00000, 0x00000000a2d00000| Untracked 
| 558|0x00000000a2e00000, 0x00000000a2e00000, 0x00000000a2f00000|  0%| F|  |TAMS 0x00000000a2e00000, 0x00000000a2e00000| Untracked 
| 559|0x00000000a2f00000, 0x00000000a2f00000, 0x00000000a3000000|  0%| F|  |TAMS 0x00000000a2f00000, 0x00000000a2f00000| Untracked 
| 560|0x00000000a3000000, 0x00000000a3000000, 0x00000000a3100000|  0%| F|  |TAMS 0x00000000a3000000, 0x00000000a3000000| Untracked 
| 561|0x00000000a3100000, 0x00000000a3100000, 0x00000000a3200000|  0%| F|  |TAMS 0x00000000a3100000, 0x00000000a3100000| Untracked 
| 562|0x00000000a3200000, 0x00000000a3200000, 0x00000000a3300000|  0%| F|  |TAMS 0x00000000a3200000, 0x00000000a3200000| Untracked 
| 563|0x00000000a3300000, 0x00000000a3300000, 0x00000000a3400000|  0%| F|  |TAMS 0x00000000a3300000, 0x00000000a3300000| Untracked 
| 564|0x00000000a3400000, 0x00000000a3400000, 0x00000000a3500000|  0%| F|  |TAMS 0x00000000a3400000, 0x00000000a3400000| Untracked 
| 565|0x00000000a3500000, 0x00000000a3500000, 0x00000000a3600000|  0%| F|  |TAMS 0x00000000a3500000, 0x00000000a3500000| Untracked 
| 566|0x00000000a3600000, 0x00000000a3600000, 0x00000000a3700000|  0%| F|  |TAMS 0x00000000a3600000, 0x00000000a3600000| Untracked 
| 567|0x00000000a3700000, 0x00000000a3700000, 0x00000000a3800000|  0%| F|  |TAMS 0x00000000a3700000, 0x00000000a3700000| Untracked 
| 568|0x00000000a3800000, 0x00000000a3800000, 0x00000000a3900000|  0%| F|  |TAMS 0x00000000a3800000, 0x00000000a3800000| Untracked 
| 569|0x00000000a3900000, 0x00000000a3900000, 0x00000000a3a00000|  0%| F|  |TAMS 0x00000000a3900000, 0x00000000a3900000| Untracked 
| 570|0x00000000a3a00000, 0x00000000a3a00000, 0x00000000a3b00000|  0%| F|  |TAMS 0x00000000a3a00000, 0x00000000a3a00000| Untracked 
| 571|0x00000000a3b00000, 0x00000000a3b00000, 0x00000000a3c00000|  0%| F|  |TAMS 0x00000000a3b00000, 0x00000000a3b00000| Untracked 
| 572|0x00000000a3c00000, 0x00000000a3c00000, 0x00000000a3d00000|  0%| F|  |TAMS 0x00000000a3c00000, 0x00000000a3c00000| Untracked 
| 573|0x00000000a3d00000, 0x00000000a3d00000, 0x00000000a3e00000|  0%| F|  |TAMS 0x00000000a3d00000, 0x00000000a3d00000| Untracked 
| 574|0x00000000a3e00000, 0x00000000a3e00000, 0x00000000a3f00000|  0%| F|  |TAMS 0x00000000a3e00000, 0x00000000a3e00000| Untracked 
| 575|0x00000000a3f00000, 0x00000000a3f00000, 0x00000000a4000000|  0%| F|  |TAMS 0x00000000a3f00000, 0x00000000a3f00000| Untracked 
| 576|0x00000000a4000000, 0x00000000a4000000, 0x00000000a4100000|  0%| F|  |TAMS 0x00000000a4000000, 0x00000000a4000000| Untracked 
| 577|0x00000000a4100000, 0x00000000a4100000, 0x00000000a4200000|  0%| F|  |TAMS 0x00000000a4100000, 0x00000000a4100000| Untracked 
| 578|0x00000000a4200000, 0x00000000a4200000, 0x00000000a4300000|  0%| F|  |TAMS 0x00000000a4200000, 0x00000000a4200000| Untracked 
| 579|0x00000000a4300000, 0x00000000a4300000, 0x00000000a4400000|  0%| F|  |TAMS 0x00000000a4300000, 0x00000000a4300000| Untracked 
| 580|0x00000000a4400000, 0x00000000a4400000, 0x00000000a4500000|  0%| F|  |TAMS 0x00000000a4400000, 0x00000000a4400000| Untracked 
| 581|0x00000000a4500000, 0x00000000a4500000, 0x00000000a4600000|  0%| F|  |TAMS 0x00000000a4500000, 0x00000000a4500000| Untracked 
| 582|0x00000000a4600000, 0x00000000a4600000, 0x00000000a4700000|  0%| F|  |TAMS 0x00000000a4600000, 0x00000000a4600000| Untracked 
| 583|0x00000000a4700000, 0x00000000a4700000, 0x00000000a4800000|  0%| F|  |TAMS 0x00000000a4700000, 0x00000000a4700000| Untracked 
| 584|0x00000000a4800000, 0x00000000a4800000, 0x00000000a4900000|  0%| F|  |TAMS 0x00000000a4800000, 0x00000000a4800000| Untracked 
| 585|0x00000000a4900000, 0x00000000a4900000, 0x00000000a4a00000|  0%| F|  |TAMS 0x00000000a4900000, 0x00000000a4900000| Untracked 
| 586|0x00000000a4a00000, 0x00000000a4a00000, 0x00000000a4b00000|  0%| F|  |TAMS 0x00000000a4a00000, 0x00000000a4a00000| Untracked 
| 587|0x00000000a4b00000, 0x00000000a4b00000, 0x00000000a4c00000|  0%| F|  |TAMS 0x00000000a4b00000, 0x00000000a4b00000| Untracked 
| 588|0x00000000a4c00000, 0x00000000a4c00000, 0x00000000a4d00000|  0%| F|  |TAMS 0x00000000a4c00000, 0x00000000a4c00000| Untracked 
| 589|0x00000000a4d00000, 0x00000000a4d00000, 0x00000000a4e00000|  0%| F|  |TAMS 0x00000000a4d00000, 0x00000000a4d00000| Untracked 
| 590|0x00000000a4e00000, 0x00000000a4e00000, 0x00000000a4f00000|  0%| F|  |TAMS 0x00000000a4e00000, 0x00000000a4e00000| Untracked 
| 591|0x00000000a4f00000, 0x00000000a4f00000, 0x00000000a5000000|  0%| F|  |TAMS 0x00000000a4f00000, 0x00000000a4f00000| Untracked 
| 592|0x00000000a5000000, 0x00000000a5000000, 0x00000000a5100000|  0%| F|  |TAMS 0x00000000a5000000, 0x00000000a5000000| Untracked 
| 593|0x00000000a5100000, 0x00000000a5100000, 0x00000000a5200000|  0%| F|  |TAMS 0x00000000a5100000, 0x00000000a5100000| Untracked 
| 594|0x00000000a5200000, 0x00000000a5200000, 0x00000000a5300000|  0%| F|  |TAMS 0x00000000a5200000, 0x00000000a5200000| Untracked 
| 595|0x00000000a5300000, 0x00000000a5300000, 0x00000000a5400000|  0%| F|  |TAMS 0x00000000a5300000, 0x00000000a5300000| Untracked 
| 596|0x00000000a5400000, 0x00000000a5400000, 0x00000000a5500000|  0%| F|  |TAMS 0x00000000a5400000, 0x00000000a5400000| Untracked 
| 597|0x00000000a5500000, 0x00000000a5500000, 0x00000000a5600000|  0%| F|  |TAMS 0x00000000a5500000, 0x00000000a5500000| Untracked 
| 598|0x00000000a5600000, 0x00000000a5600000, 0x00000000a5700000|  0%| F|  |TAMS 0x00000000a5600000, 0x00000000a5600000| Untracked 
| 599|0x00000000a5700000, 0x00000000a5700000, 0x00000000a5800000|  0%| F|  |TAMS 0x00000000a5700000, 0x00000000a5700000| Untracked 
| 600|0x00000000a5800000, 0x00000000a5800000, 0x00000000a5900000|  0%| F|  |TAMS 0x00000000a5800000, 0x00000000a5800000| Untracked 
| 601|0x00000000a5900000, 0x00000000a5900000, 0x00000000a5a00000|  0%| F|  |TAMS 0x00000000a5900000, 0x00000000a5900000| Untracked 
| 602|0x00000000a5a00000, 0x00000000a5a00000, 0x00000000a5b00000|  0%| F|  |TAMS 0x00000000a5a00000, 0x00000000a5a00000| Untracked 
| 603|0x00000000a5b00000, 0x00000000a5b00000, 0x00000000a5c00000|  0%| F|  |TAMS 0x00000000a5b00000, 0x00000000a5b00000| Untracked 
| 604|0x00000000a5c00000, 0x00000000a5c00000, 0x00000000a5d00000|  0%| F|  |TAMS 0x00000000a5c00000, 0x00000000a5c00000| Untracked 
| 605|0x00000000a5d00000, 0x00000000a5d00000, 0x00000000a5e00000|  0%| F|  |TAMS 0x00000000a5d00000, 0x00000000a5d00000| Untracked 
| 606|0x00000000a5e00000, 0x00000000a5e00000, 0x00000000a5f00000|  0%| F|  |TAMS 0x00000000a5e00000, 0x00000000a5e00000| Untracked 
| 607|0x00000000a5f00000, 0x00000000a5f00000, 0x00000000a6000000|  0%| F|  |TAMS 0x00000000a5f00000, 0x00000000a5f00000| Untracked 
| 608|0x00000000a6000000, 0x00000000a6000000, 0x00000000a6100000|  0%| F|  |TAMS 0x00000000a6000000, 0x00000000a6000000| Untracked 
| 609|0x00000000a6100000, 0x00000000a6100000, 0x00000000a6200000|  0%| F|  |TAMS 0x00000000a6100000, 0x00000000a6100000| Untracked 
| 610|0x00000000a6200000, 0x00000000a6200000, 0x00000000a6300000|  0%| F|  |TAMS 0x00000000a6200000, 0x00000000a6200000| Untracked 
| 611|0x00000000a6300000, 0x00000000a6300000, 0x00000000a6400000|  0%| F|  |TAMS 0x00000000a6300000, 0x00000000a6300000| Untracked 
| 612|0x00000000a6400000, 0x00000000a6400000, 0x00000000a6500000|  0%| F|  |TAMS 0x00000000a6400000, 0x00000000a6400000| Untracked 
| 613|0x00000000a6500000, 0x00000000a6500000, 0x00000000a6600000|  0%| F|  |TAMS 0x00000000a6500000, 0x00000000a6500000| Untracked 
| 614|0x00000000a6600000, 0x00000000a6600000, 0x00000000a6700000|  0%| F|  |TAMS 0x00000000a6600000, 0x00000000a6600000| Untracked 
| 615|0x00000000a6700000, 0x00000000a6700000, 0x00000000a6800000|  0%| F|  |TAMS 0x00000000a6700000, 0x00000000a6700000| Untracked 
| 616|0x00000000a6800000, 0x00000000a6800000, 0x00000000a6900000|  0%| F|  |TAMS 0x00000000a6800000, 0x00000000a6800000| Untracked 
| 617|0x00000000a6900000, 0x00000000a6900000, 0x00000000a6a00000|  0%| F|  |TAMS 0x00000000a6900000, 0x00000000a6900000| Untracked 
| 618|0x00000000a6a00000, 0x00000000a6a00000, 0x00000000a6b00000|  0%| F|  |TAMS 0x00000000a6a00000, 0x00000000a6a00000| Untracked 
| 619|0x00000000a6b00000, 0x00000000a6b00000, 0x00000000a6c00000|  0%| F|  |TAMS 0x00000000a6b00000, 0x00000000a6b00000| Untracked 
| 620|0x00000000a6c00000, 0x00000000a6c00000, 0x00000000a6d00000|  0%| F|  |TAMS 0x00000000a6c00000, 0x00000000a6c00000| Untracked 
| 621|0x00000000a6d00000, 0x00000000a6d00000, 0x00000000a6e00000|  0%| F|  |TAMS 0x00000000a6d00000, 0x00000000a6d00000| Untracked 
| 622|0x00000000a6e00000, 0x00000000a6e00000, 0x00000000a6f00000|  0%| F|  |TAMS 0x00000000a6e00000, 0x00000000a6e00000| Untracked 
| 623|0x00000000a6f00000, 0x00000000a6f00000, 0x00000000a7000000|  0%| F|  |TAMS 0x00000000a6f00000, 0x00000000a6f00000| Untracked 
| 624|0x00000000a7000000, 0x00000000a7000000, 0x00000000a7100000|  0%| F|  |TAMS 0x00000000a7000000, 0x00000000a7000000| Untracked 
| 625|0x00000000a7100000, 0x00000000a7100000, 0x00000000a7200000|  0%| F|  |TAMS 0x00000000a7100000, 0x00000000a7100000| Untracked 
| 626|0x00000000a7200000, 0x00000000a7200000, 0x00000000a7300000|  0%| F|  |TAMS 0x00000000a7200000, 0x00000000a7200000| Untracked 
| 627|0x00000000a7300000, 0x00000000a7300000, 0x00000000a7400000|  0%| F|  |TAMS 0x00000000a7300000, 0x00000000a7300000| Untracked 
| 628|0x00000000a7400000, 0x00000000a7400000, 0x00000000a7500000|  0%| F|  |TAMS 0x00000000a7400000, 0x00000000a7400000| Untracked 
| 629|0x00000000a7500000, 0x00000000a7500000, 0x00000000a7600000|  0%| F|  |TAMS 0x00000000a7500000, 0x00000000a7500000| Untracked 
| 630|0x00000000a7600000, 0x00000000a7600000, 0x00000000a7700000|  0%| F|  |TAMS 0x00000000a7600000, 0x00000000a7600000| Untracked 
| 631|0x00000000a7700000, 0x00000000a7700000, 0x00000000a7800000|  0%| F|  |TAMS 0x00000000a7700000, 0x00000000a7700000| Untracked 
| 632|0x00000000a7800000, 0x00000000a7800000, 0x00000000a7900000|  0%| F|  |TAMS 0x00000000a7800000, 0x00000000a7800000| Untracked 
| 633|0x00000000a7900000, 0x00000000a7900000, 0x00000000a7a00000|  0%| F|  |TAMS 0x00000000a7900000, 0x00000000a7900000| Untracked 
| 634|0x00000000a7a00000, 0x00000000a7a00000, 0x00000000a7b00000|  0%| F|  |TAMS 0x00000000a7a00000, 0x00000000a7a00000| Untracked 
| 635|0x00000000a7b00000, 0x00000000a7b00000, 0x00000000a7c00000|  0%| F|  |TAMS 0x00000000a7b00000, 0x00000000a7b00000| Untracked 
| 636|0x00000000a7c00000, 0x00000000a7c00000, 0x00000000a7d00000|  0%| F|  |TAMS 0x00000000a7c00000, 0x00000000a7c00000| Untracked 
| 637|0x00000000a7d00000, 0x00000000a7d00000, 0x00000000a7e00000|  0%| F|  |TAMS 0x00000000a7d00000, 0x00000000a7d00000| Untracked 
| 638|0x00000000a7e00000, 0x00000000a7e00000, 0x00000000a7f00000|  0%| F|  |TAMS 0x00000000a7e00000, 0x00000000a7e00000| Untracked 
| 639|0x00000000a7f00000, 0x00000000a7f00000, 0x00000000a8000000|  0%| F|  |TAMS 0x00000000a7f00000, 0x00000000a7f00000| Untracked 
| 640|0x00000000a8000000, 0x00000000a8000000, 0x00000000a8100000|  0%| F|  |TAMS 0x00000000a8000000, 0x00000000a8000000| Untracked 
| 641|0x00000000a8100000, 0x00000000a8100000, 0x00000000a8200000|  0%| F|  |TAMS 0x00000000a8100000, 0x00000000a8100000| Untracked 
| 642|0x00000000a8200000, 0x00000000a8200000, 0x00000000a8300000|  0%| F|  |TAMS 0x00000000a8200000, 0x00000000a8200000| Untracked 
| 643|0x00000000a8300000, 0x00000000a8300000, 0x00000000a8400000|  0%| F|  |TAMS 0x00000000a8300000, 0x00000000a8300000| Untracked 
| 644|0x00000000a8400000, 0x00000000a8400000, 0x00000000a8500000|  0%| F|  |TAMS 0x00000000a8400000, 0x00000000a8400000| Untracked 
| 645|0x00000000a8500000, 0x00000000a8500000, 0x00000000a8600000|  0%| F|  |TAMS 0x00000000a8500000, 0x00000000a8500000| Untracked 
| 646|0x00000000a8600000, 0x00000000a8600000, 0x00000000a8700000|  0%| F|  |TAMS 0x00000000a8600000, 0x00000000a8600000| Untracked 
| 647|0x00000000a8700000, 0x00000000a8700000, 0x00000000a8800000|  0%| F|  |TAMS 0x00000000a8700000, 0x00000000a8700000| Untracked 
| 648|0x00000000a8800000, 0x00000000a8800000, 0x00000000a8900000|  0%| F|  |TAMS 0x00000000a8800000, 0x00000000a8800000| Untracked 
| 649|0x00000000a8900000, 0x00000000a8900000, 0x00000000a8a00000|  0%| F|  |TAMS 0x00000000a8900000, 0x00000000a8900000| Untracked 
| 650|0x00000000a8a00000, 0x00000000a8a00000, 0x00000000a8b00000|  0%| F|  |TAMS 0x00000000a8a00000, 0x00000000a8a00000| Untracked 
| 651|0x00000000a8b00000, 0x00000000a8b00000, 0x00000000a8c00000|  0%| F|  |TAMS 0x00000000a8b00000, 0x00000000a8b00000| Untracked 
| 652|0x00000000a8c00000, 0x00000000a8c00000, 0x00000000a8d00000|  0%| F|  |TAMS 0x00000000a8c00000, 0x00000000a8c00000| Untracked 
| 653|0x00000000a8d00000, 0x00000000a8d00000, 0x00000000a8e00000|  0%| F|  |TAMS 0x00000000a8d00000, 0x00000000a8d00000| Untracked 
| 654|0x00000000a8e00000, 0x00000000a8e00000, 0x00000000a8f00000|  0%| F|  |TAMS 0x00000000a8e00000, 0x00000000a8e00000| Untracked 
| 655|0x00000000a8f00000, 0x00000000a8f00000, 0x00000000a9000000|  0%| F|  |TAMS 0x00000000a8f00000, 0x00000000a8f00000| Untracked 
| 656|0x00000000a9000000, 0x00000000a9000000, 0x00000000a9100000|  0%| F|  |TAMS 0x00000000a9000000, 0x00000000a9000000| Untracked 
| 657|0x00000000a9100000, 0x00000000a9100000, 0x00000000a9200000|  0%| F|  |TAMS 0x00000000a9100000, 0x00000000a9100000| Untracked 
| 658|0x00000000a9200000, 0x00000000a9200000, 0x00000000a9300000|  0%| F|  |TAMS 0x00000000a9200000, 0x00000000a9200000| Untracked 
| 659|0x00000000a9300000, 0x00000000a9300000, 0x00000000a9400000|  0%| F|  |TAMS 0x00000000a9300000, 0x00000000a9300000| Untracked 
| 660|0x00000000a9400000, 0x00000000a9400000, 0x00000000a9500000|  0%| F|  |TAMS 0x00000000a9400000, 0x00000000a9400000| Untracked 
| 661|0x00000000a9500000, 0x00000000a9500000, 0x00000000a9600000|  0%| F|  |TAMS 0x00000000a9500000, 0x00000000a9500000| Untracked 
| 662|0x00000000a9600000, 0x00000000a9600000, 0x00000000a9700000|  0%| F|  |TAMS 0x00000000a9600000, 0x00000000a9600000| Untracked 
| 663|0x00000000a9700000, 0x00000000a9700000, 0x00000000a9800000|  0%| F|  |TAMS 0x00000000a9700000, 0x00000000a9700000| Untracked 
| 664|0x00000000a9800000, 0x00000000a9800000, 0x00000000a9900000|  0%| F|  |TAMS 0x00000000a9800000, 0x00000000a9800000| Untracked 
| 665|0x00000000a9900000, 0x00000000a9900000, 0x00000000a9a00000|  0%| F|  |TAMS 0x00000000a9900000, 0x00000000a9900000| Untracked 
| 666|0x00000000a9a00000, 0x00000000a9a00000, 0x00000000a9b00000|  0%| F|  |TAMS 0x00000000a9a00000, 0x00000000a9a00000| Untracked 
| 667|0x00000000a9b00000, 0x00000000a9b00000, 0x00000000a9c00000|  0%| F|  |TAMS 0x00000000a9b00000, 0x00000000a9b00000| Untracked 
| 668|0x00000000a9c00000, 0x00000000a9c00000, 0x00000000a9d00000|  0%| F|  |TAMS 0x00000000a9c00000, 0x00000000a9c00000| Untracked 
| 669|0x00000000a9d00000, 0x00000000a9d00000, 0x00000000a9e00000|  0%| F|  |TAMS 0x00000000a9d00000, 0x00000000a9d00000| Untracked 
| 670|0x00000000a9e00000, 0x00000000a9e00000, 0x00000000a9f00000|  0%| F|  |TAMS 0x00000000a9e00000, 0x00000000a9e00000| Untracked 
| 671|0x00000000a9f00000, 0x00000000a9f00000, 0x00000000aa000000|  0%| F|  |TAMS 0x00000000a9f00000, 0x00000000a9f00000| Untracked 
| 672|0x00000000aa000000, 0x00000000aa000000, 0x00000000aa100000|  0%| F|  |TAMS 0x00000000aa000000, 0x00000000aa000000| Untracked 
| 673|0x00000000aa100000, 0x00000000aa100000, 0x00000000aa200000|  0%| F|  |TAMS 0x00000000aa100000, 0x00000000aa100000| Untracked 
| 674|0x00000000aa200000, 0x00000000aa200000, 0x00000000aa300000|  0%| F|  |TAMS 0x00000000aa200000, 0x00000000aa200000| Untracked 
| 675|0x00000000aa300000, 0x00000000aa300000, 0x00000000aa400000|  0%| F|  |TAMS 0x00000000aa300000, 0x00000000aa300000| Untracked 
| 676|0x00000000aa400000, 0x00000000aa400000, 0x00000000aa500000|  0%| F|  |TAMS 0x00000000aa400000, 0x00000000aa400000| Untracked 
| 677|0x00000000aa500000, 0x00000000aa500000, 0x00000000aa600000|  0%| F|  |TAMS 0x00000000aa500000, 0x00000000aa500000| Untracked 
| 678|0x00000000aa600000, 0x00000000aa600000, 0x00000000aa700000|  0%| F|  |TAMS 0x00000000aa600000, 0x00000000aa600000| Untracked 
| 679|0x00000000aa700000, 0x00000000aa700000, 0x00000000aa800000|  0%| F|  |TAMS 0x00000000aa700000, 0x00000000aa700000| Untracked 
| 680|0x00000000aa800000, 0x00000000aa800000, 0x00000000aa900000|  0%| F|  |TAMS 0x00000000aa800000, 0x00000000aa800000| Untracked 
| 681|0x00000000aa900000, 0x00000000aa900000, 0x00000000aaa00000|  0%| F|  |TAMS 0x00000000aa900000, 0x00000000aa900000| Untracked 
| 682|0x00000000aaa00000, 0x00000000aaa00000, 0x00000000aab00000|  0%| F|  |TAMS 0x00000000aaa00000, 0x00000000aaa00000| Untracked 
| 683|0x00000000aab00000, 0x00000000aab00000, 0x00000000aac00000|  0%| F|  |TAMS 0x00000000aab00000, 0x00000000aab00000| Untracked 
| 684|0x00000000aac00000, 0x00000000aac00000, 0x00000000aad00000|  0%| F|  |TAMS 0x00000000aac00000, 0x00000000aac00000| Untracked 
| 685|0x00000000aad00000, 0x00000000aad00000, 0x00000000aae00000|  0%| F|  |TAMS 0x00000000aad00000, 0x00000000aad00000| Untracked 
| 686|0x00000000aae00000, 0x00000000aae00000, 0x00000000aaf00000|  0%| F|  |TAMS 0x00000000aae00000, 0x00000000aae00000| Untracked 
| 687|0x00000000aaf00000, 0x00000000aaf00000, 0x00000000ab000000|  0%| F|  |TAMS 0x00000000aaf00000, 0x00000000aaf00000| Untracked 
| 688|0x00000000ab000000, 0x00000000ab000000, 0x00000000ab100000|  0%| F|  |TAMS 0x00000000ab000000, 0x00000000ab000000| Untracked 
| 689|0x00000000ab100000, 0x00000000ab100000, 0x00000000ab200000|  0%| F|  |TAMS 0x00000000ab100000, 0x00000000ab100000| Untracked 
| 690|0x00000000ab200000, 0x00000000ab200000, 0x00000000ab300000|  0%| F|  |TAMS 0x00000000ab200000, 0x00000000ab200000| Untracked 
| 691|0x00000000ab300000, 0x00000000ab300000, 0x00000000ab400000|  0%| F|  |TAMS 0x00000000ab300000, 0x00000000ab300000| Untracked 
| 692|0x00000000ab400000, 0x00000000ab400000, 0x00000000ab500000|  0%| F|  |TAMS 0x00000000ab400000, 0x00000000ab400000| Untracked 
| 693|0x00000000ab500000, 0x00000000ab500000, 0x00000000ab600000|  0%| F|  |TAMS 0x00000000ab500000, 0x00000000ab500000| Untracked 
| 694|0x00000000ab600000, 0x00000000ab600000, 0x00000000ab700000|  0%| F|  |TAMS 0x00000000ab600000, 0x00000000ab600000| Untracked 
| 695|0x00000000ab700000, 0x00000000ab700000, 0x00000000ab800000|  0%| F|  |TAMS 0x00000000ab700000, 0x00000000ab700000| Untracked 
| 696|0x00000000ab800000, 0x00000000ab800000, 0x00000000ab900000|  0%| F|  |TAMS 0x00000000ab800000, 0x00000000ab800000| Untracked 
| 697|0x00000000ab900000, 0x00000000ab900000, 0x00000000aba00000|  0%| F|  |TAMS 0x00000000ab900000, 0x00000000ab900000| Untracked 
| 698|0x00000000aba00000, 0x00000000aba00000, 0x00000000abb00000|  0%| F|  |TAMS 0x00000000aba00000, 0x00000000aba00000| Untracked 
| 699|0x00000000abb00000, 0x00000000abb00000, 0x00000000abc00000|  0%| F|  |TAMS 0x00000000abb00000, 0x00000000abb00000| Untracked 
| 700|0x00000000abc00000, 0x00000000abc00000, 0x00000000abd00000|  0%| F|  |TAMS 0x00000000abc00000, 0x00000000abc00000| Untracked 
| 701|0x00000000abd00000, 0x00000000abd00000, 0x00000000abe00000|  0%| F|  |TAMS 0x00000000abd00000, 0x00000000abd00000| Untracked 
| 702|0x00000000abe00000, 0x00000000abe00000, 0x00000000abf00000|  0%| F|  |TAMS 0x00000000abe00000, 0x00000000abe00000| Untracked 
| 703|0x00000000abf00000, 0x00000000abf00000, 0x00000000ac000000|  0%| F|  |TAMS 0x00000000abf00000, 0x00000000abf00000| Untracked 
| 704|0x00000000ac000000, 0x00000000ac000000, 0x00000000ac100000|  0%| F|  |TAMS 0x00000000ac000000, 0x00000000ac000000| Untracked 
| 705|0x00000000ac100000, 0x00000000ac100000, 0x00000000ac200000|  0%| F|  |TAMS 0x00000000ac100000, 0x00000000ac100000| Untracked 
| 706|0x00000000ac200000, 0x00000000ac200000, 0x00000000ac300000|  0%| F|  |TAMS 0x00000000ac200000, 0x00000000ac200000| Untracked 
| 707|0x00000000ac300000, 0x00000000ac300000, 0x00000000ac400000|  0%| F|  |TAMS 0x00000000ac300000, 0x00000000ac300000| Untracked 
| 708|0x00000000ac400000, 0x00000000ac400000, 0x00000000ac500000|  0%| F|  |TAMS 0x00000000ac400000, 0x00000000ac400000| Untracked 
| 709|0x00000000ac500000, 0x00000000ac500000, 0x00000000ac600000|  0%| F|  |TAMS 0x00000000ac500000, 0x00000000ac500000| Untracked 
| 710|0x00000000ac600000, 0x00000000ac600000, 0x00000000ac700000|  0%| F|  |TAMS 0x00000000ac600000, 0x00000000ac600000| Untracked 
| 711|0x00000000ac700000, 0x00000000ac700000, 0x00000000ac800000|  0%| F|  |TAMS 0x00000000ac700000, 0x00000000ac700000| Untracked 
| 712|0x00000000ac800000, 0x00000000ac800000, 0x00000000ac900000|  0%| F|  |TAMS 0x00000000ac800000, 0x00000000ac800000| Untracked 
| 713|0x00000000ac900000, 0x00000000ac900000, 0x00000000aca00000|  0%| F|  |TAMS 0x00000000ac900000, 0x00000000ac900000| Untracked 
| 714|0x00000000aca00000, 0x00000000aca00000, 0x00000000acb00000|  0%| F|  |TAMS 0x00000000aca00000, 0x00000000aca00000| Untracked 
| 715|0x00000000acb00000, 0x00000000acb00000, 0x00000000acc00000|  0%| F|  |TAMS 0x00000000acb00000, 0x00000000acb00000| Untracked 
| 716|0x00000000acc00000, 0x00000000acc00000, 0x00000000acd00000|  0%| F|  |TAMS 0x00000000acc00000, 0x00000000acc00000| Untracked 
| 717|0x00000000acd00000, 0x00000000acd00000, 0x00000000ace00000|  0%| F|  |TAMS 0x00000000acd00000, 0x00000000acd00000| Untracked 
| 718|0x00000000ace00000, 0x00000000ace00000, 0x00000000acf00000|  0%| F|  |TAMS 0x00000000ace00000, 0x00000000ace00000| Untracked 
| 719|0x00000000acf00000, 0x00000000acf00000, 0x00000000ad000000|  0%| F|  |TAMS 0x00000000acf00000, 0x00000000acf00000| Untracked 
| 720|0x00000000ad000000, 0x00000000ad000000, 0x00000000ad100000|  0%| F|  |TAMS 0x00000000ad000000, 0x00000000ad000000| Untracked 
| 721|0x00000000ad100000, 0x00000000ad100000, 0x00000000ad200000|  0%| F|  |TAMS 0x00000000ad100000, 0x00000000ad100000| Untracked 
| 722|0x00000000ad200000, 0x00000000ad200000, 0x00000000ad300000|  0%| F|  |TAMS 0x00000000ad200000, 0x00000000ad200000| Untracked 
| 723|0x00000000ad300000, 0x00000000ad300000, 0x00000000ad400000|  0%| F|  |TAMS 0x00000000ad300000, 0x00000000ad300000| Untracked 
| 724|0x00000000ad400000, 0x00000000ad400000, 0x00000000ad500000|  0%| F|  |TAMS 0x00000000ad400000, 0x00000000ad400000| Untracked 
| 725|0x00000000ad500000, 0x00000000ad500000, 0x00000000ad600000|  0%| F|  |TAMS 0x00000000ad500000, 0x00000000ad500000| Untracked 
| 726|0x00000000ad600000, 0x00000000ad600000, 0x00000000ad700000|  0%| F|  |TAMS 0x00000000ad600000, 0x00000000ad600000| Untracked 
| 727|0x00000000ad700000, 0x00000000ad700000, 0x00000000ad800000|  0%| F|  |TAMS 0x00000000ad700000, 0x00000000ad700000| Untracked 
| 728|0x00000000ad800000, 0x00000000ad800000, 0x00000000ad900000|  0%| F|  |TAMS 0x00000000ad800000, 0x00000000ad800000| Untracked 
| 729|0x00000000ad900000, 0x00000000ad900000, 0x00000000ada00000|  0%| F|  |TAMS 0x00000000ad900000, 0x00000000ad900000| Untracked 
| 730|0x00000000ada00000, 0x00000000ada00000, 0x00000000adb00000|  0%| F|  |TAMS 0x00000000ada00000, 0x00000000ada00000| Untracked 
| 731|0x00000000adb00000, 0x00000000adb00000, 0x00000000adc00000|  0%| F|  |TAMS 0x00000000adb00000, 0x00000000adb00000| Untracked 
| 732|0x00000000adc00000, 0x00000000adc00000, 0x00000000add00000|  0%| F|  |TAMS 0x00000000adc00000, 0x00000000adc00000| Untracked 
| 733|0x00000000add00000, 0x00000000add00000, 0x00000000ade00000|  0%| F|  |TAMS 0x00000000add00000, 0x00000000add00000| Untracked 
| 734|0x00000000ade00000, 0x00000000ade00000, 0x00000000adf00000|  0%| F|  |TAMS 0x00000000ade00000, 0x00000000ade00000| Untracked 
| 735|0x00000000adf00000, 0x00000000adf00000, 0x00000000ae000000|  0%| F|  |TAMS 0x00000000adf00000, 0x00000000adf00000| Untracked 
| 736|0x00000000ae000000, 0x00000000ae000000, 0x00000000ae100000|  0%| F|  |TAMS 0x00000000ae000000, 0x00000000ae000000| Untracked 
| 737|0x00000000ae100000, 0x00000000ae100000, 0x00000000ae200000|  0%| F|  |TAMS 0x00000000ae100000, 0x00000000ae100000| Untracked 
| 738|0x00000000ae200000, 0x00000000ae200000, 0x00000000ae300000|  0%| F|  |TAMS 0x00000000ae200000, 0x00000000ae200000| Untracked 
| 739|0x00000000ae300000, 0x00000000ae300000, 0x00000000ae400000|  0%| F|  |TAMS 0x00000000ae300000, 0x00000000ae300000| Untracked 
| 740|0x00000000ae400000, 0x00000000ae400000, 0x00000000ae500000|  0%| F|  |TAMS 0x00000000ae400000, 0x00000000ae400000| Untracked 
| 741|0x00000000ae500000, 0x00000000ae500000, 0x00000000ae600000|  0%| F|  |TAMS 0x00000000ae500000, 0x00000000ae500000| Untracked 
| 742|0x00000000ae600000, 0x00000000ae600000, 0x00000000ae700000|  0%| F|  |TAMS 0x00000000ae600000, 0x00000000ae600000| Untracked 
| 743|0x00000000ae700000, 0x00000000ae700000, 0x00000000ae800000|  0%| F|  |TAMS 0x00000000ae700000, 0x00000000ae700000| Untracked 
| 744|0x00000000ae800000, 0x00000000ae800000, 0x00000000ae900000|  0%| F|  |TAMS 0x00000000ae800000, 0x00000000ae800000| Untracked 
| 745|0x00000000ae900000, 0x00000000ae900000, 0x00000000aea00000|  0%| F|  |TAMS 0x00000000ae900000, 0x00000000ae900000| Untracked 
| 746|0x00000000aea00000, 0x00000000aea00000, 0x00000000aeb00000|  0%| F|  |TAMS 0x00000000aea00000, 0x00000000aea00000| Untracked 
| 747|0x00000000aeb00000, 0x00000000aeb00000, 0x00000000aec00000|  0%| F|  |TAMS 0x00000000aeb00000, 0x00000000aeb00000| Untracked 
| 748|0x00000000aec00000, 0x00000000aec00000, 0x00000000aed00000|  0%| F|  |TAMS 0x00000000aec00000, 0x00000000aec00000| Untracked 
| 749|0x00000000aed00000, 0x00000000aed00000, 0x00000000aee00000|  0%| F|  |TAMS 0x00000000aed00000, 0x00000000aed00000| Untracked 
| 750|0x00000000aee00000, 0x00000000aee00000, 0x00000000aef00000|  0%| F|  |TAMS 0x00000000aee00000, 0x00000000aee00000| Untracked 
| 751|0x00000000aef00000, 0x00000000aef00000, 0x00000000af000000|  0%| F|  |TAMS 0x00000000aef00000, 0x00000000aef00000| Untracked 
| 752|0x00000000af000000, 0x00000000af000000, 0x00000000af100000|  0%| F|  |TAMS 0x00000000af000000, 0x00000000af000000| Untracked 
| 753|0x00000000af100000, 0x00000000af100000, 0x00000000af200000|  0%| F|  |TAMS 0x00000000af100000, 0x00000000af100000| Untracked 
| 754|0x00000000af200000, 0x00000000af200000, 0x00000000af300000|  0%| F|  |TAMS 0x00000000af200000, 0x00000000af200000| Untracked 
| 755|0x00000000af300000, 0x00000000af300000, 0x00000000af400000|  0%| F|  |TAMS 0x00000000af300000, 0x00000000af300000| Untracked 
| 756|0x00000000af400000, 0x00000000af400000, 0x00000000af500000|  0%| F|  |TAMS 0x00000000af400000, 0x00000000af400000| Untracked 
| 757|0x00000000af500000, 0x00000000af500000, 0x00000000af600000|  0%| F|  |TAMS 0x00000000af500000, 0x00000000af500000| Untracked 
| 758|0x00000000af600000, 0x00000000af600000, 0x00000000af700000|  0%| F|  |TAMS 0x00000000af600000, 0x00000000af600000| Untracked 
| 759|0x00000000af700000, 0x00000000af700000, 0x00000000af800000|  0%| F|  |TAMS 0x00000000af700000, 0x00000000af700000| Untracked 
| 760|0x00000000af800000, 0x00000000af800000, 0x00000000af900000|  0%| F|  |TAMS 0x00000000af800000, 0x00000000af800000| Untracked 
| 761|0x00000000af900000, 0x00000000af900000, 0x00000000afa00000|  0%| F|  |TAMS 0x00000000af900000, 0x00000000af900000| Untracked 
| 762|0x00000000afa00000, 0x00000000afa00000, 0x00000000afb00000|  0%| F|  |TAMS 0x00000000afa00000, 0x00000000afa00000| Untracked 
| 763|0x00000000afb00000, 0x00000000afb00000, 0x00000000afc00000|  0%| F|  |TAMS 0x00000000afb00000, 0x00000000afb00000| Untracked 
| 764|0x00000000afc00000, 0x00000000afc00000, 0x00000000afd00000|  0%| F|  |TAMS 0x00000000afc00000, 0x00000000afc00000| Untracked 
| 765|0x00000000afd00000, 0x00000000afd00000, 0x00000000afe00000|  0%| F|  |TAMS 0x00000000afd00000, 0x00000000afd00000| Untracked 
| 766|0x00000000afe00000, 0x00000000afe00000, 0x00000000aff00000|  0%| F|  |TAMS 0x00000000afe00000, 0x00000000afe00000| Untracked 
| 767|0x00000000aff00000, 0x00000000aff00000, 0x00000000b0000000|  0%| F|  |TAMS 0x00000000aff00000, 0x00000000aff00000| Untracked 
|2046|0x00000000ffe00000, 0x00000000ffe75000, 0x00000000fff00000| 45%|OA|  |TAMS 0x00000000ffe75000, 0x00000000ffe00000| Untracked 
|2047|0x00000000fff00000, 0x00000000fff78000, 0x0000000100000000| 46%|CA|  |TAMS 0x00000000fff78000, 0x00000000fff00000| Untracked 

Card table byte_map: [0x00007f450184b000,0x00007f4501c4b000] _byte_map_base: 0x00007f450144b000

Marking Bits (Prev, Next): (CMBitMap*) 0x00007f44fc076080, (CMBitMap*) 0x00007f44fc0760c0
 Prev Bits: [0x00007f44e3511000, 0x00007f44e5511000)
 Next Bits: [0x00007f44e1511000, 0x00007f44e3511000)

Polling page: 0x00007f4503e0e000

Metaspace:

Usage:
  Non-class:    161.30 MB used.
      Class:     23.45 MB used.
       Both:    184.75 MB used.

Virtual space:
  Non-class space:      192.00 MB reserved,     161.81 MB ( 84%) committed,  3 nodes.
      Class space:        1.00 GB reserved,      23.94 MB (  2%) committed,  1 nodes.
             Both:        1.19 GB reserved,     185.75 MB ( 15%) committed. 

Chunk freelists:
   Non-Class:  13.48 MB
       Class:  7.88 MB
        Both:  21.36 MB

MaxMetaspaceSize: unlimited
CompressedClassSpaceSize: 1.00 GB
Initial GC threshold: 21.00 MB
Current GC threshold: 309.31 MB
CDS: on
MetaspaceReclaimPolicy: balanced
 - commit_granule_bytes: 65536.
 - commit_granule_words: 8192.
 - virtual_space_node_default_size: 8388608.
 - enlarge_chunks_in_place: 1.
 - new_chunks_are_fully_committed: 0.
 - uncommit_free_chunks: 1.
 - use_allocation_guard: 0.
 - handle_deallocations: 1.


Internal statistics:

num_allocs_failed_limit: 24.
num_arena_births: 1704.
num_arena_deaths: 0.
num_vsnodes_births: 4.
num_vsnodes_deaths: 0.
num_space_committed: 2970.
num_space_uncommitted: 0.
num_chunks_returned_to_freelist: 24.
num_chunks_taken_from_freelist: 8955.
num_chunk_merges: 24.
num_chunk_splits: 6498.
num_chunks_enlarged: 4901.
num_inconsistent_stats: 0.

CodeHeap 'non-profiled nmethods': size=120036Kb used=17340Kb max_used=17340Kb free=102696Kb
 bounds [0x00007f44ecfd8000, 0x00007f44ee0c8000, 0x00007f44f4511000]
CodeHeap 'profiled nmethods': size=120032Kb used=59151Kb max_used=60435Kb free=60880Kb
 bounds [0x00007f44e5511000, 0x00007f44e9031000, 0x00007f44eca49000]
CodeHeap 'non-nmethods': size=5692Kb used=1973Kb max_used=2093Kb free=3718Kb
 bounds [0x00007f44eca49000, 0x00007f44eccb9000, 0x00007f44ecfd8000]
 total_blobs=27980 nmethods=26878 adapters=1011
 compilation: enabled
              stopped_count=0, restarted_count=0
 full_count=0

Compilation events (20 events):
Event: 271.005 Thread 0x00007f44fc0e4a50 37873       2       com.android.tools.r8.internal.IQ::a (190 bytes)
Event: 271.005 Thread 0x00007f44fc0e4a50 nmethod 37873 0x00007f44e8691e90 code [0x00007f44e8692100, 0x00007f44e8692650]
Event: 271.005 Thread 0x00007f44fc0e4a50 37874       1       com.android.tools.r8.internal.rd::Q (5 bytes)
Event: 271.005 Thread 0x00007f44fc0e4a50 nmethod 37874 0x00007f44edea6310 code [0x00007f44edea64a0, 0x00007f44edea6570]
Event: 271.073 Thread 0x00007f44fc0e4a50 37875       2       com.android.tools.r8.internal.zx::a (71 bytes)
Event: 271.073 Thread 0x00007f44fc0e4a50 nmethod 37875 0x00007f44e8691810 code [0x00007f44e86919e0, 0x00007f44e8691cb0]
Event: 271.109 Thread 0x00007f44fc0e4a50 37877       2       java.util.IdentityHashMap$KeySet::size (8 bytes)
Event: 271.109 Thread 0x00007f44fc0e4a50 nmethod 37877 0x00007f44e896b310 code [0x00007f44e896b4a0, 0x00007f44e896b5b0]
Event: 271.287 Thread 0x00007f44fc0e4a50 37880       1       com.android.tools.r8.internal.xQ::H2 (3 bytes)
Event: 271.287 Thread 0x00007f44fc0e4a50 nmethod 37880 0x00007f44edea6010 code [0x00007f44edea61a0, 0x00007f44edea6270]
Event: 271.309 Thread 0x00007f44fc0e4a50 37881       2       com.android.tools.r8.internal.zx::b (171 bytes)
Event: 271.310 Thread 0x00007f44fc0e4a50 nmethod 37881 0x00007f44e8f27110 code [0x00007f44e8f27320, 0x00007f44e8f27710]
Event: 271.385 Thread 0x00007f44fc0e4a50 37882       2       com.android.tools.r8.internal.b30::d (29 bytes)
Event: 271.385 Thread 0x00007f44fc0e4a50 nmethod 37882 0x00007f44e8f26c10 code [0x00007f44e8f26dc0, 0x00007f44e8f26fb0]
Event: 271.581 Thread 0x00007f44fc0e4a50 37885       1       com.android.tools.r8.internal.GQ::i (2 bytes)
Event: 271.581 Thread 0x00007f44fc0e4a50 nmethod 37885 0x00007f44ee0c6d10 code [0x00007f44ee0c6ea0, 0x00007f44ee0c6f70]
Event: 271.594 Thread 0x00007f44fc0e4a50 37886       2       com.android.tools.r8.internal.b30::b (147 bytes)
Event: 271.594 Thread 0x00007f44fc0e4a50 nmethod 37886 0x00007f44e8f25f10 code [0x00007f44e8f26100, 0x00007f44e8f26870]
Event: 271.594 Thread 0x00007f44fc0e4a50 37887       2       com.android.tools.r8.internal.b30::b (37 bytes)
Event: 271.595 Thread 0x00007f44fc0e4a50 nmethod 37887 0x00007f44e8f25990 code [0x00007f44e8f25b40, 0x00007f44e8f25d70]

GC Heap History (20 events):
Event: 254.268 GC heap after
{Heap after GC invocations=125 (full 0):
 garbage-first heap   total 552960K, used 236914K [0x0000000080000000, 0x0000000100000000)
  region size 1024K, 1 young (1024K), 1 survivors (1024K)
 Metaspace       used 186893K, committed 187904K, reserved 1245184K
  class space    used 23691K, committed 24192K, reserved 1048576K
}
Event: 256.559 GC heap before
{Heap before GC invocations=125 (full 0):
 garbage-first heap   total 552960K, used 465266K [0x0000000080000000, 0x0000000100000000)
  region size 1024K, 224 young (229376K), 1 survivors (1024K)
 Metaspace       used 188553K, committed 189568K, reserved 1245184K
  class space    used 23949K, committed 24448K, reserved 1048576K
}
Event: 256.575 GC heap after
{Heap after GC invocations=126 (full 0):
 garbage-first heap   total 552960K, used 238420K [0x0000000080000000, 0x0000000100000000)
  region size 1024K, 3 young (3072K), 3 survivors (3072K)
 Metaspace       used 188553K, committed 189568K, reserved 1245184K
  class space    used 23949K, committed 24448K, reserved 1048576K
}
Event: 258.805 GC heap before
{Heap before GC invocations=126 (full 0):
 garbage-first heap   total 552960K, used 469844K [0x0000000080000000, 0x0000000100000000)
  region size 1024K, 229 young (234496K), 3 survivors (3072K)
 Metaspace       used 188959K, committed 190016K, reserved 1245184K
  class space    used 23995K, committed 24512K, reserved 1048576K
}
Event: 258.891 GC heap after
{Heap after GC invocations=127 (full 0):
 garbage-first heap   total 552960K, used 246701K [0x0000000080000000, 0x0000000100000000)
  region size 1024K, 11 young (11264K), 11 survivors (11264K)
 Metaspace       used 188959K, committed 190016K, reserved 1245184K
  class space    used 23995K, committed 24512K, reserved 1048576K
}
Event: 260.294 GC heap before
{Heap before GC invocations=127 (full 0):
 garbage-first heap   total 552960K, used 467885K [0x0000000080000000, 0x0000000100000000)
  region size 1024K, 227 young (232448K), 11 survivors (11264K)
 Metaspace       used 188977K, committed 190016K, reserved 1245184K
  class space    used 23997K, committed 24512K, reserved 1048576K
}
Event: 260.361 GC heap after
{Heap after GC invocations=128 (full 0):
 garbage-first heap   total 552960K, used 246642K [0x0000000080000000, 0x0000000100000000)
  region size 1024K, 11 young (11264K), 11 survivors (11264K)
 Metaspace       used 188977K, committed 190016K, reserved 1245184K
  class space    used 23997K, committed 24512K, reserved 1048576K
}
Event: 262.492 GC heap before
{Heap before GC invocations=129 (full 0):
 garbage-first heap   total 640000K, used 463730K [0x0000000080000000, 0x0000000100000000)
  region size 1024K, 223 young (228352K), 11 survivors (11264K)
 Metaspace       used 188990K, committed 190016K, reserved 1245184K
  class space    used 23999K, committed 24512K, reserved 1048576K
}
Event: 262.572 GC heap after
{Heap after GC invocations=130 (full 0):
 garbage-first heap   total 640000K, used 246642K [0x0000000080000000, 0x0000000100000000)
  region size 1024K, 11 young (11264K), 11 survivors (11264K)
 Metaspace       used 188990K, committed 190016K, reserved 1245184K
  class space    used 23999K, committed 24512K, reserved 1048576K
}
Event: 262.699 GC heap before
{Heap before GC invocations=130 (full 0):
 garbage-first heap   total 640000K, used 266098K [0x0000000080000000, 0x0000000100000000)
  region size 1024K, 31 young (31744K), 11 survivors (11264K)
 Metaspace       used 188998K, committed 190016K, reserved 1245184K
  class space    used 23999K, committed 24512K, reserved 1048576K
}
Event: 262.777 GC heap after
{Heap after GC invocations=131 (full 0):
 garbage-first heap   total 640000K, used 239985K [0x0000000080000000, 0x0000000100000000)
  region size 1024K, 3 young (3072K), 3 survivors (3072K)
 Metaspace       used 188998K, committed 190016K, reserved 1245184K
  class space    used 23999K, committed 24512K, reserved 1048576K
}
Event: 264.797 GC heap before
{Heap before GC invocations=131 (full 0):
 garbage-first heap   total 640000K, used 552305K [0x0000000080000000, 0x0000000100000000)
  region size 1024K, 308 young (315392K), 3 survivors (3072K)
 Metaspace       used 189008K, committed 190016K, reserved 1245184K
  class space    used 23999K, committed 24512K, reserved 1048576K
}
Event: 264.806 GC heap after
{Heap after GC invocations=132 (full 0):
 garbage-first heap   total 640000K, used 241304K [0x0000000080000000, 0x0000000100000000)
  region size 1024K, 4 young (4096K), 4 survivors (4096K)
 Metaspace       used 189008K, committed 190016K, reserved 1245184K
  class space    used 23999K, committed 24512K, reserved 1048576K
}
Event: 266.401 GC heap before
{Heap before GC invocations=132 (full 0):
 garbage-first heap   total 640000K, used 497304K [0x0000000080000000, 0x0000000100000000)
  region size 1024K, 255 young (261120K), 4 survivors (4096K)
 Metaspace       used 189083K, committed 190080K, reserved 1245184K
  class space    used 24002K, committed 24512K, reserved 1048576K
}
Event: 266.463 GC heap after
{Heap after GC invocations=133 (full 0):
 garbage-first heap   total 640000K, used 242466K [0x0000000080000000, 0x0000000100000000)
  region size 1024K, 5 young (5120K), 5 survivors (5120K)
 Metaspace       used 189083K, committed 190080K, reserved 1245184K
  class space    used 24002K, committed 24512K, reserved 1048576K
}
Event: 268.867 GC heap before
{Heap before GC invocations=134 (full 0):
 garbage-first heap   total 788480K, used 554786K [0x0000000080000000, 0x0000000100000000)
  region size 1024K, 307 young (314368K), 5 survivors (5120K)
 Metaspace       used 189121K, committed 190144K, reserved 1245184K
  class space    used 24002K, committed 24512K, reserved 1048576K
}
Event: 268.980 GC heap after
{Heap after GC invocations=135 (full 0):
 garbage-first heap   total 788480K, used 268560K [0x0000000080000000, 0x0000000100000000)
  region size 1024K, 31 young (31744K), 31 survivors (31744K)
 Metaspace       used 189121K, committed 190144K, reserved 1245184K
  class space    used 24002K, committed 24512K, reserved 1048576K
}
Event: 269.068 GC heap before
{Heap before GC invocations=135 (full 0):
 garbage-first heap   total 788480K, used 275728K [0x0000000080000000, 0x0000000100000000)
  region size 1024K, 38 young (38912K), 31 survivors (31744K)
 Metaspace       used 189121K, committed 190144K, reserved 1245184K
  class space    used 24002K, committed 24512K, reserved 1048576K
}
Event: 269.163 GC heap after
{Heap after GC invocations=136 (full 0):
 garbage-first heap   total 788480K, used 261645K [0x0000000080000000, 0x0000000100000000)
  region size 1024K, 1 young (1024K), 1 survivors (1024K)
 Metaspace       used 189121K, committed 190144K, reserved 1245184K
  class space    used 24002K, committed 24512K, reserved 1048576K
}
Event: 271.665 GC heap before
{Heap before GC invocations=136 (full 0):
 garbage-first heap   total 788480K, used 664077K [0x0000000080000000, 0x0000000100000000)
  region size 1024K, 394 young (403456K), 1 survivors (1024K)
 Metaspace       used 189179K, committed 190208K, reserved 1245184K
  class space    used 24011K, committed 24512K, reserved 1048576K
}

Dll operation events (16 events):
Event: 0.009 Loaded shared library /usr/lib/jvm/java-17-openjdk-amd64/lib/libjava.so
Event: 0.078 Loaded shared library /usr/lib/jvm/java-17-openjdk-amd64/lib/libjsvml.so
Event: 0.164 Loaded shared library /usr/lib/jvm/java-17-openjdk-amd64/lib/libzip.so
Event: 0.166 Loaded shared library /usr/lib/jvm/java-17-openjdk-amd64/lib/libinstrument.so
Event: 0.168 Loaded shared library /usr/lib/jvm/java-17-openjdk-amd64/lib/libnio.so
Event: 0.171 Loaded shared library /usr/lib/jvm/java-17-openjdk-amd64/lib/libzip.so
Event: 0.378 Loaded shared library /usr/lib/jvm/java-17-openjdk-amd64/lib/libjimage.so
Event: 0.495 Loaded shared library /usr/lib/jvm/java-17-openjdk-amd64/lib/libverify.so
Event: 0.708 Loaded shared library /usr/lib/jvm/java-17-openjdk-amd64/lib/libnet.so
Event: 0.760 Loaded shared library /root/.gradle/native/c067742578af261105cb4f569cf0c3c89f3d7b1fecec35dd04571415982c5e48/linux-amd64/libnative-platform.so
Event: 0.784 Loaded shared library /root/.gradle/native/38dada09dfb8b06ba9b0570ebf7e218e3eb74d4ef43ca46872605cf95ebc2f47/linux-amd64/libnative-platform-file-events.so
Event: 1.878 Loaded shared library /usr/lib/jvm/java-17-openjdk-amd64/lib/libmanagement.so
Event: 1.881 Loaded shared library /usr/lib/jvm/java-17-openjdk-amd64/lib/libmanagement_ext.so
Event: 2.089 Loaded shared library /usr/lib/jvm/java-17-openjdk-amd64/lib/libextnet.so
Event: 216.310 Loaded shared library /tmp/native-platform12287218525469906462dir/libnative-platform.so
Event: 218.304 Loaded shared library /usr/lib/jvm/java-17-openjdk-amd64/lib/librmi.so

Deoptimization events (20 events):
Event: 268.778 Thread 0x00007f44c796cfd0 Uncommon trap: trap_request=0xffffffbe fr.pc=0x00007f44edfc7cdc relative=0x00000000000004fc
Event: 268.778 Thread 0x00007f44c796cfd0 Uncommon trap: reason=profile_predicate action=maybe_recompile pc=0x00007f44edfc7cdc method=com.android.tools.r8.ir.regalloc.b.a(Lcom/android/tools/r8/ir/regalloc/c;ILcom/android/tools/r8/ir/regalloc/j;ZLcom/android/tools/r8/ir/regalloc/i;)I @ 12 c2
Event: 268.778 Thread 0x00007f44c796cfd0 DEOPT PACKING pc=0x00007f44edfc7cdc sp=0x00007f44d07dd530
Event: 268.778 Thread 0x00007f44c796cfd0 DEOPT UNPACKING pc=0x00007f44ecaa2b19 sp=0x00007f44d07dd4d8 mode 2
Event: 268.778 Thread 0x00007f44c796cfd0 Uncommon trap: trap_request=0xffffffbe fr.pc=0x00007f44edfc7cdc relative=0x00000000000004fc
Event: 268.778 Thread 0x00007f44c796cfd0 Uncommon trap: reason=profile_predicate action=maybe_recompile pc=0x00007f44edfc7cdc method=com.android.tools.r8.ir.regalloc.b.a(Lcom/android/tools/r8/ir/regalloc/c;ILcom/android/tools/r8/ir/regalloc/j;ZLcom/android/tools/r8/ir/regalloc/i;)I @ 12 c2
Event: 268.778 Thread 0x00007f44c796cfd0 DEOPT PACKING pc=0x00007f44edfc7cdc sp=0x00007f44d07dd530
Event: 268.778 Thread 0x00007f44c796cfd0 DEOPT UNPACKING pc=0x00007f44ecaa2b19 sp=0x00007f44d07dd4d8 mode 2
Event: 269.194 Thread 0x00007f44c796cfd0 Uncommon trap: trap_request=0xffffff45 fr.pc=0x00007f44edf98014 relative=0x0000000000000074
Event: 269.194 Thread 0x00007f44c796cfd0 Uncommon trap: reason=unstable_if action=reinterpret pc=0x00007f44edf98014 method=com.android.tools.r8.internal.Hl0.b()Z @ 11 c2
Event: 269.194 Thread 0x00007f44c796cfd0 DEOPT PACKING pc=0x00007f44edf98014 sp=0x00007f44d07dd7e0
Event: 269.194 Thread 0x00007f44c796cfd0 DEOPT UNPACKING pc=0x00007f44ecaa2b19 sp=0x00007f44d07dd780 mode 2
Event: 269.301 Thread 0x00007f44c7990af0 DEOPT PACKING pc=0x00007f44e7d9f7e9 sp=0x00007f44d14edfb0
Event: 269.301 Thread 0x00007f44c7990af0 DEOPT UNPACKING pc=0x00007f44ecaa364f sp=0x00007f44d14ed530 mode 0
Event: 269.898 Thread 0x00007f44c7990af0 DEOPT PACKING pc=0x00007f44e7d9f7e9 sp=0x00007f44d14edfb0
Event: 269.898 Thread 0x00007f44c7990af0 DEOPT UNPACKING pc=0x00007f44ecaa364f sp=0x00007f44d14ed530 mode 0
Event: 270.066 Thread 0x00007f44c7990af0 Uncommon trap: trap_request=0xffffff6e fr.pc=0x00007f44edea7a64 relative=0x0000000000000b44
Event: 270.066 Thread 0x00007f44c7990af0 Uncommon trap: reason=loop_limit_check action=maybe_recompile pc=0x00007f44edea7a64 method=com.android.tools.r8.internal.Ot.D()Lcom/android/tools/r8/internal/Iu; @ 140 c2
Event: 270.066 Thread 0x00007f44c7990af0 DEOPT PACKING pc=0x00007f44edea7a64 sp=0x00007f44d14edd30
Event: 270.066 Thread 0x00007f44c7990af0 DEOPT UNPACKING pc=0x00007f44ecaa2b19 sp=0x00007f44d14edd40 mode 2

Classes loaded (20 events):
Event: 233.395 Loading class java/util/SortedSet$1
Event: 233.399 Loading class java/util/SortedSet$1 done
Event: 233.400 Loading class java/util/stream/SliceOps
Event: 233.405 Loading class java/util/stream/SliceOps done
Event: 233.405 Loading class java/util/stream/SliceOps$1
Event: 233.405 Loading class java/util/stream/SliceOps$1 done
Event: 233.467 Loading class java/util/stream/SliceOps$1$1
Event: 233.471 Loading class java/util/stream/SliceOps$1$1 done
Event: 233.499 Loading class java/util/PriorityQueue
Event: 233.504 Loading class java/util/PriorityQueue done
Event: 233.574 Loading class java/util/IdentityHashMap$ValueIterator
Event: 233.574 Loading class java/util/IdentityHashMap$ValueIterator done
Event: 256.461 Loading class java/nio/ShortBuffer
Event: 256.461 Loading class java/nio/ShortBuffer done
Event: 256.691 Loading class java/nio/ByteBufferAsShortBufferL
Event: 256.692 Loading class java/nio/ByteBufferAsShortBufferL done
Event: 256.870 Loading class java/util/zip/Adler32
Event: 256.871 Loading class java/util/zip/Adler32 done
Event: 261.677 Loading class sun/rmi/transport/DGCClient$EndpointEntry$CleanRequest
Event: 261.677 Loading class sun/rmi/transport/DGCClient$EndpointEntry$CleanRequest done

Classes unloaded (0 events):
No events

Classes redefined (0 events):
No events

Internal exceptions (20 events):
Event: 233.177 Thread 0x00007f44c796cfd0 Exception <a 'java/lang/NoSuchMethodError'{0x000000009fb96b88}: 'void java.lang.invoke.DirectMethodHandle$Holder.invokeSpecial(java.lang.Object, java.lang.Object, int, java.lang.Object)'> (0x000000009fb96b88) 
thrown [./src/hotspot/share/interpreter/linkResolver.cpp, line 758]
Event: 233.575 Thread 0x00007f44c796cfd0 Exception <a 'java/lang/NoSuchMethodError'{0x000000009f5f7268}: 'int java.lang.invoke.DirectMethodHandle$Holder.invokeSpecial(java.lang.Object, java.lang.Object, java.lang.Object, int)'> (0x000000009f5f7268) 
thrown [./src/hotspot/share/interpreter/linkResolver.cpp, line 758]
Event: 233.665 Thread 0x00007f44c796cfd0 Exception <a 'java/lang/NoSuchMethodError'{0x000000009f4aca18}: 'int java.lang.invoke.DirectMethodHandle$Holder.invokeSpecial(java.lang.Object, java.lang.Object, java.lang.Object, int, java.lang.Object)'> (0x000000009f4aca18) 
thrown [./src/hotspot/share/interpreter/linkResolver.cpp, line 758]
Event: 233.982 Thread 0x00007f44c796cfd0 Exception <a 'java/lang/NoSuchMethodError'{0x000000009ef8b0f8}: 'int java.lang.invoke.DirectMethodHandle$Holder.invokeSpecial(java.lang.Object, java.lang.Object, java.lang.Object, java.lang.Object, java.lang.Object, java.lang.Object)'> (0x000000009ef8b0f8) 
thrown [./src/hotspot/share/interpreter/linkResolver.cpp, line 758]
Event: 235.080 Thread 0x00007f44c796cfd0 Exception <a 'java/lang/NoSuchMethodError'{0x000000009e402148}: 'void java.lang.invoke.DirectMethodHandle$Holder.invokeStatic(java.lang.Object, java.lang.Object, java.lang.Object, java.lang.Object, java.lang.Object, java.lang.Object, java.lang.Object)'> (0x000000009e402148) 
thrown [./src/hotspot/share/interpreter/linkResolver.cpp, line 758]
Event: 236.079 Thread 0x00007f44c796cfd0 Exception <a 'java/lang/NoSuchMethodError'{0x00000000ae71d890}: 'int java.lang.invoke.DirectMethodHandle$Holder.invokeInterface(java.lang.Object, java.lang.Object, int)'> (0x00000000ae71d890) 
thrown [./src/hotspot/share/interpreter/linkResolver.cpp, line 758]
Event: 239.462 Thread 0x00007f44c796cfd0 Exception <a 'java/lang/NoSuchMethodError'{0x000000009c9b0b58}: 'java.lang.Object java.lang.invoke.DirectMethodHandle$Holder.invokeInterface(java.lang.Object, java.lang.Object, int)'> (0x000000009c9b0b58) 
thrown [./src/hotspot/share/interpreter/linkResolver.cpp, line 758]
Event: 244.171 Thread 0x00007f44c796cfd0 Exception <a 'java/lang/NoSuchMethodError'{0x000000009ae36cb8}: 'int java.lang.invoke.DirectMethodHandle$Holder.invokeSpecial(java.lang.Object, java.lang.Object, int)'> (0x000000009ae36cb8) 
thrown [./src/hotspot/share/interpreter/linkResolver.cpp, line 758]
Event: 244.184 Thread 0x00007f44c796cfd0 Exception <a 'java/lang/IncompatibleClassChangeError'{0x000000009aede280}: Found class java.lang.Object, but interface was expected> (0x000000009aede280) 
thrown [./src/hotspot/share/interpreter/linkResolver.cpp, line 826]
Event: 255.599 Thread 0x00007f44c7990af0 Exception <a 'java/lang/NoSuchMethodError'{0x0000000098ad90d8}: 'java.lang.Object java.lang.invoke.DirectMethodHandle$Holder.newInvokeSpecial(java.lang.Object, java.lang.Object, int, java.lang.Object, java.lang.Object, java.lang.Object)'> (0x0000000098ad90d8) 
thrown [./src/hotspot/share/interpreter/linkResolver.cpp, line 758]
Event: 255.599 Thread 0x00007f44c7990af0 Exception <a 'java/lang/NoSuchMethodError'{0x0000000098ae10a0}: 'java.lang.Object java.lang.invoke.Invokers$Holder.linkToTargetMethod(java.lang.Object, int, java.lang.Object, java.lang.Object, java.lang.Object, java.lang.Object)'> (0x0000000098ae10a0) 
thrown [./src/hotspot/share/interpreter/linkResolver.cpp, line 758]
Event: 255.600 Thread 0x00007f44c7990af0 Exception <a 'java/lang/NoSuchMethodError'{0x0000000098ae5628}: 'void java.lang.invoke.DirectMethodHandle$Holder.invokeSpecial(java.lang.Object, java.lang.Object, java.lang.Object, int, java.lang.Object, java.lang.Object, java.lang.Object, java.lang.Object)'> (0x0000000098ae5628) 
thrown [./src/hotspot/share/interpreter/linkResolver.cpp, line 758]
Event: 255.695 Thread 0x00007f44c7990af0 Implicit null exception at 0x00007f44edfaed4f to 0x00007f44edfaee80
Event: 255.696 Thread 0x00007f44c7990af0 Exception <a 'java/lang/NoSuchMethodError'{0x00000000980e7070}: 'void java.lang.invoke.DirectMethodHandle$Holder.invokeStatic(java.lang.Object, java.lang.Object, java.lang.Object, java.lang.Object, java.lang.Object, java.lang.Object, java.lang.Object, java.lang.Object)'> (0x00000000980e7070) 
thrown [./src/hotspot/share/interpreter/linkResolver.cpp, line 758]
Event: 256.270 Thread 0x00007f44c7990af0 Exception <a 'java/lang/IncompatibleClassChangeError'{0x0000000094c97fe8}: Found class java.lang.Object, but interface was expected> (0x0000000094c97fe8) 
thrown [./src/hotspot/share/interpreter/linkResolver.cpp, line 826]
Event: 256.879 Thread 0x00007f44c7990af0 Exception <a 'sun/nio/fs/UnixException'{0x00000000a0ad8720}> (0x00000000a0ad8720) 
thrown [./src/hotspot/share/prims/jni.cpp, line 516]
Event: 257.674 Thread 0x00007f44c7990af0 Exception <a 'sun/nio/fs/UnixException'{0x000000009b5bb3e8}> (0x000000009b5bb3e8) 
thrown [./src/hotspot/share/prims/jni.cpp, line 516]
Event: 266.593 Thread 0x00007f44c7990af0 Exception <a 'sun/nio/fs/UnixException'{0x00000000a6618b68}> (0x00000000a6618b68) 
thrown [./src/hotspot/share/prims/jni.cpp, line 516]
Event: 270.385 Thread 0x00007f44c796cfd0 Exception <a 'java/lang/NoSuchMethodError'{0x00000000a3158760}: 'java.lang.Object java.lang.invoke.DirectMethodHandle$Holder.invokeSpecial(java.lang.Object, java.lang.Object, java.lang.Object, java.lang.Object, java.lang.Object, java.lang.Object, java.lang.Object, java.lang.Object, java.lang.Object, java.lang.Object, java.lang.Object, java.lang.Object, java.lang.Object)'> (0x00000000a3158760) 
thrown [./src/hotspot/share/interpreter/linkResolver.cpp, line 758]
Event: 270.388 Thread 0x00007f44c796cfd0 Exception <a 'java/lang/NoSuchMethodError'{0x00000000a2f0b580}: 'void java.lang.invoke.DirectMethodHandle$Holder.invokeSpecialIFC(java.lang.Object, java.lang.Object, java.lang.Object, java.lang.Object)'> (0x00000000a2f0b580) 
thrown [./src/hotspot/share/interpreter/linkResolver.cpp, line 758]

VM Operations (20 events):
Event: 264.806 Executing VM operation: G1CollectForAllocation done
Event: 265.806 Executing VM operation: Cleanup
Event: 265.807 Executing VM operation: Cleanup done
Event: 266.400 Executing VM operation: G1TryInitiateConcMark
Event: 266.463 Executing VM operation: G1TryInitiateConcMark done
Event: 267.463 Executing VM operation: Cleanup
Event: 267.464 Executing VM operation: Cleanup done
Event: 267.973 Executing VM operation: G1PauseRemark
Event: 268.003 Executing VM operation: G1PauseRemark done
Event: 268.580 Executing VM operation: G1PauseCleanup
Event: 268.581 Executing VM operation: G1PauseCleanup done
Event: 268.867 Executing VM operation: G1CollectForAllocation
Event: 268.980 Executing VM operation: G1CollectForAllocation done
Event: 269.068 Executing VM operation: G1CollectForAllocation
Event: 269.163 Executing VM operation: G1CollectForAllocation done
Event: 270.163 Executing VM operation: Cleanup
Event: 270.163 Executing VM operation: Cleanup done
Event: 271.163 Executing VM operation: Cleanup
Event: 271.164 Executing VM operation: Cleanup done
Event: 271.664 Executing VM operation: G1CollectForAllocation

Memory protections (20 events):
Event: 194.998 Protecting memory [0x00007f44d16f8000,0x00007f44d16fc000] with protection modes 0
Event: 195.976 Protecting memory [0x00007f44d17f9000,0x00007f44d17fd000] with protection modes 0
Event: 196.042 Protecting memory [0x00007f44d1bfd000,0x00007f44d1c01000] with protection modes 0
Event: 196.107 Protecting memory [0x00007f44d00e2000,0x00007f44d00e6000] with protection modes 0
Event: 202.772 Protecting memory [0x00007f44e04fa000,0x00007f44e04fe000] with protection modes 0
Event: 203.466 Protecting memory [0x00007f4482f00000,0x00007f4482f04000] with protection modes 0
Event: 203.583 Protecting memory [0x00007f4482dff000,0x00007f4482e03000] with protection modes 0
Event: 205.082 Protecting memory [0x00007f4482cfe000,0x00007f4482d02000] with protection modes 0
Event: 205.103 Protecting memory [0x00007f450001d000,0x00007f4500021000] with protection modes 0
Event: 205.109 Protecting memory [0x00007f4482bfd000,0x00007f4482c01000] with protection modes 0
Event: 205.111 Protecting memory [0x00007f4482afc000,0x00007f4482b00000] with protection modes 0
Event: 215.910 Protecting memory [0x00007f44829fb000,0x00007f44829ff000] with protection modes 0
Event: 216.383 Protecting memory [0x00007f44e0edd000,0x00007f44e0ee1000] with protection modes 0
Event: 216.390 Protecting memory [0x00007f44828fa000,0x00007f44828fe000] with protection modes 0
Event: 218.303 Protecting memory [0x00007f44828fa000,0x00007f44828fe000] with protection modes 0
Event: 218.305 Protecting memory [0x00007f4482500000,0x00007f4482504000] with protection modes 0
Event: 218.361 Protecting memory [0x00007f44823ff000,0x00007f4482403000] with protection modes 0
Event: 218.587 Protecting memory [0x00007f44822fe000,0x00007f4482302000] with protection modes 0
Event: 218.593 Protecting memory [0x00007f44821fd000,0x00007f4482201000] with protection modes 0
Event: 218.799 Protecting memory [0x00007f44820fc000,0x00007f4482100000] with protection modes 0

Nmethod flushes (20 events):
Event: 259.076 Thread 0x00007f44fc0e5ec0 flushing  nmethod 0x00007f44e8f53310
Event: 259.076 Thread 0x00007f44fc0e5ec0 flushing  nmethod 0x00007f44e8f53690
Event: 259.076 Thread 0x00007f44fc0e5ec0 flushing  nmethod 0x00007f44e8f53e90
Event: 259.076 Thread 0x00007f44fc0e5ec0 flushing  nmethod 0x00007f44e8f54b90
Event: 259.076 Thread 0x00007f44fc0e5ec0 flushing  nmethod 0x00007f44e8f54f90
Event: 259.076 Thread 0x00007f44fc0e5ec0 flushing  nmethod 0x00007f44e8f55390
Event: 259.076 Thread 0x00007f44fc0e5ec0 flushing  nmethod 0x00007f44e8f55790
Event: 259.076 Thread 0x00007f44fc0e5ec0 flushing  nmethod 0x00007f44e8f55b90
Event: 259.077 Thread 0x00007f44fc0e5ec0 flushing  nmethod 0x00007f44e8f61490
Event: 259.077 Thread 0x00007f44fc0e5ec0 flushing  nmethod 0x00007f44e8f61c90
Event: 259.077 Thread 0x00007f44fc0e5ec0 flushing  nmethod 0x00007f44e8f64690
Event: 259.077 Thread 0x00007f44fc0e5ec0 flushing  nmethod 0x00007f44e8f6bc90
Event: 259.077 Thread 0x00007f44fc0e5ec0 flushing  nmethod 0x00007f44e8f6c290
Event: 259.077 Thread 0x00007f44fc0e5ec0 flushing  nmethod 0x00007f44e8f6c690
Event: 259.077 Thread 0x00007f44fc0e5ec0 flushing  nmethod 0x00007f44e8f6d490
Event: 259.077 Thread 0x00007f44fc0e5ec0 flushing  nmethod 0x00007f44e8f6e910
Event: 259.077 Thread 0x00007f44fc0e5ec0 flushing  nmethod 0x00007f44e8f6f290
Event: 259.077 Thread 0x00007f44fc0e5ec0 flushing  nmethod 0x00007f44e8f79090
Event: 259.077 Thread 0x00007f44fc0e5ec0 flushing  nmethod 0x00007f44e8f7b290
Event: 259.077 Thread 0x00007f44fc0e5ec0 flushing  nmethod 0x00007f44e8f82190

Events (20 events):
Event: 196.107 Thread 0x00007f44c7907750 Thread added: 0x00007f44c79b0af0
Event: 198.561 Thread 0x00007f447800c7a0 Thread exited: 0x00007f447800c7a0
Event: 202.764 Thread 0x00007f44c796cfd0 Thread added: 0x00007f44cc048200
Event: 203.465 Thread 0x00007f44c796cfd0 Thread added: 0x00007f44cc043d80
Event: 203.577 Thread 0x00007f44c7907750 Thread added: 0x00007f44c796bfe0
Event: 205.080 Thread 0x00007f44c79901f0 Thread added: 0x00007f44dc0b7c60
Event: 205.103 Thread 0x00007f44c79901f0 Thread added: 0x00007f44dc0ddb60
Event: 205.109 Thread 0x00007f44c79901f0 Thread added: 0x00007f44dc0dfc20
Event: 205.111 Thread 0x00007f44c79901f0 Thread added: 0x00007f44dc0e0e40
Event: 215.908 Thread 0x00007f44c7907750 Thread added: 0x00007f44c78e8500
Event: 216.381 Thread 0x00007f44c78e8500 Thread added: 0x00007f44640630b0
Event: 216.389 Thread 0x00007f44c78e8500 Thread added: 0x00007f44640757c0
Event: 217.999 Thread 0x00007f44640757c0 Thread exited: 0x00007f44640757c0
Event: 218.293 Thread 0x00007f44c78e8500 Thread added: 0x00007f446408c3e0
Event: 218.303 Thread 0x00007f44c78e8500 Thread added: 0x00007f44640933a0
Event: 218.305 Thread 0x00007f44c78e8500 Thread added: 0x00007f44640952f0
Event: 218.587 Thread 0x00007f44c78e8500 Thread added: 0x00007f44640a17b0
Event: 218.593 Thread 0x00007f44c78e8500 Thread added: 0x00007f44640a79c0
Event: 218.799 Thread 0x00007f44640a17b0 Thread added: 0x00007f44c78ea210
Event: 261.680 Thread 0x00007f44640933a0 Thread exited: 0x00007f44640933a0


Dynamic libraries:
80000000-b0000000 rw-p 00000000 00:00 0 
d0000000-ffe00000 ---p 00000000 00:00 0 
ffe00000-ffe75000 rw-p 00c7a000 00:25 13853                              /usr/lib/jvm/java-17-openjdk-amd64/lib/server/classes.jsa
ffe75000-fff00000 rw-p 00000000 00:00 0 
fff00000-fff78000 rw-p 00c02000 00:25 13853                              /usr/lib/jvm/java-17-openjdk-amd64/lib/server/classes.jsa
fff78000-100000000 rw-p 00000000 00:00 0 
55d696202000-55d696203000 r--p 00000000 00:25 13495                      /usr/lib/jvm/java-17-openjdk-amd64/bin/java
55d696203000-55d696204000 r-xp 00001000 00:25 13495                      /usr/lib/jvm/java-17-openjdk-amd64/bin/java
55d696204000-55d696205000 r--p 00002000 00:25 13495                      /usr/lib/jvm/java-17-openjdk-amd64/bin/java
55d696205000-55d696206000 r--p 00002000 00:25 13495                      /usr/lib/jvm/java-17-openjdk-amd64/bin/java
55d696206000-55d696207000 rw-p 00003000 00:25 13495                      /usr/lib/jvm/java-17-openjdk-amd64/bin/java
55d6964b1000-55d69651b000 rw-p 00000000 00:00 0                          [heap]
7f444c000000-7f444cb00000 rw-p 00000000 00:00 0 
7f444cb00000-7f444cc00000 rw-p 00000000 00:00 0 
7f444cc00000-7f444d500000 rw-p 00000000 00:00 0 
7f444d500000-7f444d540000 rw-p 00000000 00:00 0 
7f444d540000-7f444d600000 ---p 00000000 00:00 0 
7f444d600000-7f444e290000 rw-p 00000000 00:00 0 
7f444e290000-7f4450000000 ---p 00000000 00:00 0 
7f4450000000-7f4451180000 rw-p 00000000 00:00 0 
7f4451180000-7f4451200000 rw-p 00000000 00:00 0 
7f4451200000-7f4451900000 rw-p 00000000 00:00 0 
7f4451900000-7f4451b00000 rw-p 00000000 00:00 0 
7f4451b00000-7f4451b80000 rw-p 00000000 00:00 0 
7f4451b80000-7f4451c00000 rw-p 00000000 00:00 0 
7f4451c00000-7f4451cc0000 rw-p 00000000 00:00 0 
7f4451cc0000-7f4451d00000 rw-p 00000000 00:00 0 
7f4451d00000-7f4451e80000 rw-p 00000000 00:00 0 
7f4451e80000-7f4451f00000 rw-p 00000000 00:00 0 
7f4451f00000-7f4452100000 rw-p 00000000 00:00 0 
7f4452100000-7f4452200000 rw-p 00000000 00:00 0 
7f4452200000-7f44523e0000 rw-p 00000000 00:00 0 
7f44523e0000-7f4452400000 rw-p 00000000 00:00 0 
7f4452400000-7f4452500000 rw-p 00000000 00:00 0 
7f4452500000-7f4452600000 rw-p 00000000 00:00 0 
7f4452600000-7f4453100000 rw-p 00000000 00:00 0 
7f4453100000-7f4453200000 rw-p 00000000 00:00 0 
7f4453200000-7f4454000000 rw-p 00000000 00:00 0 
7f4454511000-7f445c000000 r--s 00000000 00:25 13844                      /usr/lib/jvm/java-17-openjdk-amd64/lib/modules
7f445c000000-7f445d834000 rw-p 00000000 00:00 0 
7f445d834000-7f4460000000 ---p 00000000 00:00 0 
7f4460000000-7f4460021000 rw-p 00000000 00:00 0 
7f4460021000-7f4464000000 ---p 00000000 00:00 0 
7f4464000000-7f44640b4000 rw-p 00000000 00:00 0 
7f44640b4000-7f4468000000 ---p 00000000 00:00 0 
7f4468000000-7f446bf7d000 rw-p 00000000 00:00 0 
7f446bf7d000-7f446c000000 ---p 00000000 00:00 0 
7f446c000000-7f446c021000 rw-p 00000000 00:00 0 
7f446c021000-7f4470000000 ---p 00000000 00:00 0 
7f4470000000-7f4470055000 rw-p 00000000 00:00 0 
7f4470055000-7f4474000000 ---p 00000000 00:00 0 
7f4474000000-7f4474054000 rw-p 00000000 00:00 0 
7f4474054000-7f4478000000 ---p 00000000 00:00 0 
7f4478000000-7f4478031000 rw-p 00000000 00:00 0 
7f4478031000-7f447c000000 ---p 00000000 00:00 0 
7f447c000000-7f447c64b000 rw-p 00000000 00:00 0 
7f447c64b000-7f4480000000 ---p 00000000 00:00 0 
7f44820fb000-7f44820fc000 ---p 00000000 00:00 0 
7f44820fc000-7f4482100000 ---p 00000000 00:00 0 
7f4482100000-7f44821fc000 rw-p 00000000 00:00 0 
7f44821fc000-7f44821fd000 ---p 00000000 00:00 0 
7f44821fd000-7f4482201000 ---p 00000000 00:00 0 
7f4482201000-7f44822fd000 rw-p 00000000 00:00 0 
7f44822fd000-7f44822fe000 ---p 00000000 00:00 0 
7f44822fe000-7f4482302000 ---p 00000000 00:00 0 
7f4482302000-7f44823fe000 rw-p 00000000 00:00 0 
7f44823fe000-7f44823ff000 ---p 00000000 00:00 0 
7f44823ff000-7f4482403000 ---p 00000000 00:00 0 
7f4482403000-7f44824ff000 rw-p 00000000 00:00 0 
7f44824ff000-7f4482500000 ---p 00000000 00:00 0 
7f4482500000-7f4482504000 ---p 00000000 00:00 0 
7f4482504000-7f4482600000 rw-p 00000000 00:00 0 
7f4482600000-7f4482605000 r-xp 00000000 fe:00 531712                     /tmp/native-platform12287218525469906462dir/libnative-platform.so
7f4482605000-7f4482804000 ---p 00005000 fe:00 531712                     /tmp/native-platform12287218525469906462dir/libnative-platform.so
7f4482804000-7f4482805000 rw-p 00004000 fe:00 531712                     /tmp/native-platform12287218525469906462dir/libnative-platform.so
7f44828f9000-7f44828fa000 ---p 00000000 00:00 0 
7f44828fa000-7f44828fe000 ---p 00000000 00:00 0 
7f44828fe000-7f44829fa000 rw-p 00000000 00:00 0 
7f44829fa000-7f44829fb000 ---p 00000000 00:00 0 
7f44829fb000-7f44829ff000 ---p 00000000 00:00 0 
7f44829ff000-7f4482afb000 rw-p 00000000 00:00 0 
7f4482afb000-7f4482afc000 ---p 00000000 00:00 0 
7f4482afc000-7f4482b00000 ---p 00000000 00:00 0 
7f4482b00000-7f4482bfc000 rw-p 00000000 00:00 0 
7f4482bfc000-7f4482bfd000 ---p 00000000 00:00 0 
7f4482bfd000-7f4482c01000 ---p 00000000 00:00 0 
7f4482c01000-7f4482cfd000 rw-p 00000000 00:00 0 
7f4482cfd000-7f4482cfe000 ---p 00000000 00:00 0 
7f4482cfe000-7f4482d02000 ---p 00000000 00:00 0 
7f4482d02000-7f4482dfe000 rw-p 00000000 00:00 0 
7f4482dfe000-7f4482dff000 ---p 00000000 00:00 0 
7f4482dff000-7f4482e03000 ---p 00000000 00:00 0 
7f4482e03000-7f4482eff000 rw-p 00000000 00:00 0 
7f4482eff000-7f4482f00000 ---p 00000000 00:00 0 
7f4482f00000-7f4482f04000 ---p 00000000 00:00 0 
7f4482f04000-7f4483000000 rw-p 00000000 00:00 0 
7f4483000000-7f4483455000 rw-p 00001000 00:25 13853                      /usr/lib/jvm/java-17-openjdk-amd64/lib/server/classes.jsa
7f4483455000-7f4483bca000 rw-p 00456000 00:25 13853                      /usr/lib/jvm/java-17-openjdk-amd64/lib/server/classes.jsa
7f4483bca000-7f4484000000 ---p 00000000 00:00 0 
7f4484000000-7f4484040000 rw-p 00000000 00:00 0 
7f4484040000-7f4484080000 rw-p 00000000 00:00 0 
7f4484080000-7f4484140000 rw-p 00000000 00:00 0 
7f4484140000-7f4484180000 rw-p 00000000 00:00 0 
7f4484180000-7f4484440000 rw-p 00000000 00:00 0 
7f4484440000-7f4484d60000 rw-p 00000000 00:00 0 
7f4484d60000-7f4484dc0000 rw-p 00000000 00:00 0 
7f4484dc0000-7f4484e40000 rw-p 00000000 00:00 0 
7f4484e40000-7f4485080000 rw-p 00000000 00:00 0 
7f4485080000-7f44855c0000 rw-p 00000000 00:00 0 
7f44855c0000-7f44855d0000 rw-p 00000000 00:00 0 
7f44855d0000-7f4485600000 ---p 00000000 00:00 0 
7f4485600000-7f4485820000 rw-p 00000000 00:00 0 
7f4485820000-7f44c4000000 ---p 00000000 00:00 0 
7f44c4000000-7f44c7a09000 rw-p 00000000 00:00 0 
7f44c7a09000-7f44c8000000 ---p 00000000 00:00 0 
7f44c8000000-7f44c8400000 rw-p 00000000 00:00 0 
7f44c8400000-7f44c8800000 rw-p 00000000 00:00 0 
7f44c8800000-7f44c8980000 rw-p 00000000 00:00 0 
7f44c8980000-7f44c8a00000 rw-p 00000000 00:00 0 
7f44c8a00000-7f44c8d80000 rw-p 00000000 00:00 0 
7f44c8d80000-7f44c8e00000 rw-p 00000000 00:00 0 
7f44c8e00000-7f44c9600000 rw-p 00000000 00:00 0 
7f44c9600000-7f44c9700000 rw-p 00000000 00:00 0 
7f44c9700000-7f44c9800000 rw-p 00000000 00:00 0 
7f44c9800000-7f44c9900000 rw-p 00000000 00:00 0 
7f44c9900000-7f44c9a00000 rw-p 00000000 00:00 0 
7f44c9a00000-7f44ca600000 rw-p 00000000 00:00 0 
7f44ca600000-7f44cb800000 rw-p 00000000 00:00 0 
7f44cb800000-7f44cc000000 rw-p 00000000 00:00 0 
7f44cc000000-7f44cc40d000 rw-p 00000000 00:00 0 
7f44cc40d000-7f44d0000000 ---p 00000000 00:00 0 
7f44d00e1000-7f44d00e2000 ---p 00000000 00:00 0 
7f44d00e2000-7f44d00e6000 ---p 00000000 00:00 0 
7f44d00e6000-7f44d01e2000 rw-p 00000000 00:00 0 
7f44d01e2000-7f44d01e3000 ---p 00000000 00:00 0 
7f44d01e3000-7f44d01e7000 ---p 00000000 00:00 0 
7f44d01e7000-7f44d02e3000 rw-p 00000000 00:00 0 
7f44d02e3000-7f44d02e4000 ---p 00000000 00:00 0 
7f44d02e4000-7f44d02e8000 ---p 00000000 00:00 0 
7f44d02e8000-7f44d03e4000 rw-p 00000000 00:00 0 
7f44d03e4000-7f44d03e5000 ---p 00000000 00:00 0 
7f44d03e5000-7f44d03e9000 ---p 00000000 00:00 0 
7f44d03e9000-7f44d04e5000 rw-p 00000000 00:00 0 
7f44d04e5000-7f44d04e6000 ---p 00000000 00:00 0 
7f44d04e6000-7f44d04ea000 ---p 00000000 00:00 0 
7f44d04ea000-7f44d05e6000 rw-p 00000000 00:00 0 
7f44d05e6000-7f44d05e7000 ---p 00000000 00:00 0 
7f44d05e7000-7f44d05eb000 ---p 00000000 00:00 0 
7f44d05eb000-7f44d06e7000 rw-p 00000000 00:00 0 
7f44d06e7000-7f44d06e8000 ---p 00000000 00:00 0 
7f44d06e8000-7f44d06ec000 ---p 00000000 00:00 0 
7f44d06ec000-7f44d07e8000 rw-p 00000000 00:00 0 
7f44d07e8000-7f44d07e9000 ---p 00000000 00:00 0 
7f44d07e9000-7f44d07ed000 ---p 00000000 00:00 0 
7f44d07ed000-7f44d08e9000 rw-p 00000000 00:00 0 
7f44d08e9000-7f44d08ea000 ---p 00000000 00:00 0 
7f44d08ea000-7f44d08ee000 ---p 00000000 00:00 0 
7f44d08ee000-7f44d09ea000 rw-p 00000000 00:00 0 
7f44d09ea000-7f44d09eb000 ---p 00000000 00:00 0 
7f44d09eb000-7f44d09ef000 ---p 00000000 00:00 0 
7f44d09ef000-7f44d0aeb000 rw-p 00000000 00:00 0 
7f44d0aeb000-7f44d0aec000 ---p 00000000 00:00 0 
7f44d0aec000-7f44d0af0000 ---p 00000000 00:00 0 
7f44d0af0000-7f44d0bec000 rw-p 00000000 00:00 0 
7f44d0bec000-7f44d0bed000 ---p 00000000 00:00 0 
7f44d0bed000-7f44d0bf1000 ---p 00000000 00:00 0 
7f44d0bf1000-7f44d0ced000 rw-p 00000000 00:00 0 
7f44d0ced000-7f44d0cee000 ---p 00000000 00:00 0 
7f44d0cee000-7f44d0cf2000 ---p 00000000 00:00 0 
7f44d0cf2000-7f44d0dee000 rw-p 00000000 00:00 0 
7f44d0dee000-7f44d0def000 ---p 00000000 00:00 0 
7f44d0def000-7f44d0df3000 ---p 00000000 00:00 0 
7f44d0df3000-7f44d0eef000 rw-p 00000000 00:00 0 
7f44d0eef000-7f44d0ef0000 ---p 00000000 00:00 0 
7f44d0ef0000-7f44d0ef4000 ---p 00000000 00:00 0 
7f44d0ef4000-7f44d0ff0000 rw-p 00000000 00:00 0 
7f44d0ff0000-7f44d0ff1000 ---p 00000000 00:00 0 
7f44d0ff1000-7f44d0ff5000 ---p 00000000 00:00 0 
7f44d0ff5000-7f44d10f1000 rw-p 00000000 00:00 0 
7f44d10f1000-7f44d10f2000 ---p 00000000 00:00 0 
7f44d10f2000-7f44d10f6000 ---p 00000000 00:00 0 
7f44d10f6000-7f44d11f2000 rw-p 00000000 00:00 0 
7f44d11f2000-7f44d11f3000 ---p 00000000 00:00 0 
7f44d11f3000-7f44d11f7000 ---p 00000000 00:00 0 
7f44d11f7000-7f44d12f3000 rw-p 00000000 00:00 0 
7f44d12f3000-7f44d12f4000 ---p 00000000 00:00 0 
7f44d12f4000-7f44d12f8000 ---p 00000000 00:00 0 
7f44d12f8000-7f44d13f4000 rw-p 00000000 00:00 0 
7f44d13f4000-7f44d13f5000 ---p 00000000 00:00 0 
7f44d13f5000-7f44d13f9000 ---p 00000000 00:00 0 
7f44d13f9000-7f44d14f5000 rw-p 00000000 00:00 0 
7f44d14f5000-7f44d14f6000 ---p 00000000 00:00 0 
7f44d14f6000-7f44d14fa000 ---p 00000000 00:00 0 
7f44d14fa000-7f44d15f6000 rw-p 00000000 00:00 0 
7f44d15f6000-7f44d15f7000 ---p 00000000 00:00 0 
7f44d15f7000-7f44d15fb000 ---p 00000000 00:00 0 
7f44d15fb000-7f44d16f7000 rw-p 00000000 00:00 0 
7f44d16f7000-7f44d16f8000 ---p 00000000 00:00 0 
7f44d16f8000-7f44d16fc000 ---p 00000000 00:00 0 
7f44d16fc000-7f44d17f8000 rw-p 00000000 00:00 0 
7f44d17f8000-7f44d17f9000 ---p 00000000 00:00 0 
7f44d17f9000-7f44d17fd000 ---p 00000000 00:00 0 
7f44d17fd000-7f44d18f9000 rw-p 00000000 00:00 0 
7f44d18f9000-7f44d18fa000 ---p 00000000 00:00 0 
7f44d18fa000-7f44d19fa000 rw-p 00000000 00:00 0 
7f44d19fa000-7f44d19fb000 ---p 00000000 00:00 0 
7f44d19fb000-7f44d19ff000 ---p 00000000 00:00 0 
7f44d19ff000-7f44d1afb000 rw-p 00000000 00:00 0 
7f44d1afb000-7f44d1afc000 ---p 00000000 00:00 0 
7f44d1afc000-7f44d1b00000 ---p 00000000 00:00 0 
7f44d1b00000-7f44d1bfc000 rw-p 00000000 00:00 0 
7f44d1bfc000-7f44d1bfd000 ---p 00000000 00:00 0 
7f44d1bfd000-7f44d1c01000 ---p 00000000 00:00 0 
7f44d1c01000-7f44d1cfd000 rw-p 00000000 00:00 0 
7f44d1cfd000-7f44d1cfe000 ---p 00000000 00:00 0 
7f44d1cfe000-7f44d1d02000 ---p 00000000 00:00 0 
7f44d1d02000-7f44d1dfe000 rw-p 00000000 00:00 0 
7f44d1dfe000-7f44d1dff000 ---p 00000000 00:00 0 
7f44d1dff000-7f44d1e03000 ---p 00000000 00:00 0 
7f44d1e03000-7f44d1eff000 rw-p 00000000 00:00 0 
7f44d1eff000-7f44d1f00000 ---p 00000000 00:00 0 
7f44d1f00000-7f44d1f04000 ---p 00000000 00:00 0 
7f44d1f04000-7f44d4000000 rw-p 00000000 00:00 0 
7f44d4000000-7f44d41b4000 rw-p 00000000 00:00 0 
7f44d41b4000-7f44d8000000 ---p 00000000 00:00 0 
7f44d8000000-7f44d81b1000 rw-p 00000000 00:00 0 
7f44d81b1000-7f44dc000000 ---p 00000000 00:00 0 
7f44dc000000-7f44dc10d000 rw-p 00000000 00:00 0 
7f44dc10d000-7f44e0000000 ---p 00000000 00:00 0 
7f44e00f5000-7f44e00f6000 ---p 00000000 00:00 0 
7f44e00f6000-7f44e00fa000 ---p 00000000 00:00 0 
7f44e00fa000-7f44e01f6000 rw-p 00000000 00:00 0 
7f44e01f6000-7f44e01f7000 ---p 00000000 00:00 0 
7f44e01f7000-7f44e01fb000 ---p 00000000 00:00 0 
7f44e01fb000-7f44e02f7000 rw-p 00000000 00:00 0 
7f44e02f7000-7f44e02f8000 ---p 00000000 00:00 0 
7f44e02f8000-7f44e02fc000 ---p 00000000 00:00 0 
7f44e02fc000-7f44e03f8000 rw-p 00000000 00:00 0 
7f44e03f8000-7f44e03f9000 ---p 00000000 00:00 0 
7f44e03f9000-7f44e03fd000 ---p 00000000 00:00 0 
7f44e03fd000-7f44e04f9000 rw-p 00000000 00:00 0 
7f44e04f9000-7f44e04fa000 ---p 00000000 00:00 0 
7f44e04fa000-7f44e04fe000 ---p 00000000 00:00 0 
7f44e04fe000-7f44e05fa000 rw-p 00000000 00:00 0 
7f44e05fa000-7f44e05fb000 ---p 00000000 00:00 0 
7f44e05fb000-7f44e05ff000 ---p 00000000 00:00 0 
7f44e05ff000-7f44e06fb000 rw-p 00000000 00:00 0 
7f44e06fb000-7f44e06fc000 ---p 00000000 00:00 0 
7f44e06fc000-7f44e0700000 ---p 00000000 00:00 0 
7f44e0700000-7f44e07fc000 rw-p 00000000 00:00 0 
7f44e07fc000-7f44e07fd000 ---p 00000000 00:00 0 
7f44e07fd000-7f44e0801000 ---p 00000000 00:00 0 
7f44e0801000-7f44e08fd000 rw-p 00000000 00:00 0 
7f44e08fd000-7f44e08fe000 ---p 00000000 00:00 0 
7f44e08fe000-7f44e0902000 ---p 00000000 00:00 0 
7f44e0902000-7f44e09fe000 rw-p 00000000 00:00 0 
7f44e09fe000-7f44e09ff000 ---p 00000000 00:00 0 
7f44e09ff000-7f44e0a03000 ---p 00000000 00:00 0 
7f44e0a03000-7f44e0aff000 rw-p 00000000 00:00 0 
7f44e0aff000-7f44e0b00000 ---p 00000000 00:00 0 
7f44e0b00000-7f44e0b04000 ---p 00000000 00:00 0 
7f44e0b04000-7f44e0c00000 rw-p 00000000 00:00 0 
7f44e0c00000-7f44e0c53000 r-xp 00000000 fe:00 402                        /root/.gradle/native/38dada09dfb8b06ba9b0570ebf7e218e3eb74d4ef43ca46872605cf95ebc2f47/linux-amd64/libnative-platform-file-events.so
7f44e0c53000-7f44e0e52000 ---p 00053000 fe:00 402                        /root/.gradle/native/38dada09dfb8b06ba9b0570ebf7e218e3eb74d4ef43ca46872605cf95ebc2f47/linux-amd64/libnative-platform-file-events.so
7f44e0e52000-7f44e0e53000 r--p 00052000 fe:00 402                        /root/.gradle/native/38dada09dfb8b06ba9b0570ebf7e218e3eb74d4ef43ca46872605cf95ebc2f47/linux-amd64/libnative-platform-file-events.so
7f44e0e53000-7f44e0e55000 rw-p 00053000 fe:00 402                        /root/.gradle/native/38dada09dfb8b06ba9b0570ebf7e218e3eb74d4ef43ca46872605cf95ebc2f47/linux-amd64/libnative-platform-file-events.so
7f44e0edc000-7f44e0edd000 ---p 00000000 00:00 0 
7f44e0edd000-7f44e0ee1000 ---p 00000000 00:00 0 
7f44e0ee1000-7f44e0eff000 rw-p 00000000 00:00 0 
7f44e0eff000-7f44e0f00000 ---p 00000000 00:00 0 
7f44e0f00000-7f44e0f04000 ---p 00000000 00:00 0 
7f44e0f04000-7f44e1000000 rw-p 00000000 00:00 0 
7f44e1000000-7f44e1005000 r-xp 00000000 fe:00 525894                     /root/.gradle/native/c067742578af261105cb4f569cf0c3c89f3d7b1fecec35dd04571415982c5e48/linux-amd64/libnative-platform.so
7f44e1005000-7f44e1205000 ---p 00005000 fe:00 525894                     /root/.gradle/native/c067742578af261105cb4f569cf0c3c89f3d7b1fecec35dd04571415982c5e48/linux-amd64/libnative-platform.so
7f44e1205000-7f44e1206000 r--p 00005000 fe:00 525894                     /root/.gradle/native/c067742578af261105cb4f569cf0c3c89f3d7b1fecec35dd04571415982c5e48/linux-amd64/libnative-platform.so
7f44e1206000-7f44e1207000 rw-p 00006000 fe:00 525894                     /root/.gradle/native/c067742578af261105cb4f569cf0c3c89f3d7b1fecec35dd04571415982c5e48/linux-amd64/libnative-platform.so
7f44e120e000-7f44e120f000 ---p 00000000 00:00 0 
7f44e120f000-7f44e130f000 rw-p 00000000 00:00 0 
7f44e130f000-7f44e1310000 ---p 00000000 00:00 0 
7f44e1310000-7f44e1410000 rw-p 00000000 00:00 0 
7f44e1410000-7f44e1411000 ---p 00000000 00:00 0 
7f44e1411000-7f44e1415000 ---p 00000000 00:00 0 
7f44e1415000-7f44e2111000 rw-p 00000000 00:00 0 
7f44e2111000-7f44e3509000 ---p 00000000 00:00 0 
7f44e3509000-7f44e4111000 rw-p 00000000 00:00 0 
7f44e4111000-7f44e5509000 ---p 00000000 00:00 0 
7f44e5509000-7f44e5511000 rw-p 00000000 00:00 0 
7f44e5511000-7f44e9031000 rwxp 00000000 00:00 0 
7f44e9031000-7f44eca49000 ---p 00000000 00:00 0 
7f44eca49000-7f44eccb9000 rwxp 00000000 00:00 0 
7f44eccb9000-7f44ecfd8000 ---p 00000000 00:00 0 
7f44ecfd8000-7f44ee0c8000 rwxp 00000000 00:00 0 
7f44ee0c8000-7f44f4511000 ---p 00000000 00:00 0 
7f44f4511000-7f44fc000000 r--s 00000000 00:25 13844                      /usr/lib/jvm/java-17-openjdk-amd64/lib/modules
7f44fc000000-7f44fd1fb000 rw-p 00000000 00:00 0 
7f44fd1fb000-7f4500000000 ---p 00000000 00:00 0 
7f4500017000-7f4500018000 r--p 00000000 00:25 13837                      /usr/lib/jvm/java-17-openjdk-amd64/lib/librmi.so
7f4500018000-7f4500019000 r-xp 00001000 00:25 13837                      /usr/lib/jvm/java-17-openjdk-amd64/lib/librmi.so
7f4500019000-7f450001a000 r--p 00002000 00:25 13837                      /usr/lib/jvm/java-17-openjdk-amd64/lib/librmi.so
7f450001a000-7f450001b000 r--p 00002000 00:25 13837                      /usr/lib/jvm/java-17-openjdk-amd64/lib/librmi.so
7f450001b000-7f450001c000 rw-p 00003000 00:25 13837                      /usr/lib/jvm/java-17-openjdk-amd64/lib/librmi.so
7f450001c000-7f450001d000 ---p 00000000 00:00 0 
7f450001d000-7f4500021000 ---p 00000000 00:00 0 
7f4500021000-7f450003f000 rw-p 00000000 00:00 0 
7f450003f000-7f4500040000 r--p 00000000 00:25 13813                      /usr/lib/jvm/java-17-openjdk-amd64/lib/libextnet.so
7f4500040000-7f4500041000 r-xp 00001000 00:25 13813                      /usr/lib/jvm/java-17-openjdk-amd64/lib/libextnet.so
7f4500041000-7f4500042000 r--p 00002000 00:25 13813                      /usr/lib/jvm/java-17-openjdk-amd64/lib/libextnet.so
7f4500042000-7f4500043000 r--p 00002000 00:25 13813                      /usr/lib/jvm/java-17-openjdk-amd64/lib/libextnet.so
7f4500043000-7f4500044000 rw-p 00003000 00:25 13813                      /usr/lib/jvm/java-17-openjdk-amd64/lib/libextnet.so
7f4500044000-7f4500046000 r--p 00000000 00:25 13832                      /usr/lib/jvm/java-17-openjdk-amd64/lib/libmanagement_ext.so
7f4500046000-7f4500049000 r-xp 00002000 00:25 13832                      /usr/lib/jvm/java-17-openjdk-amd64/lib/libmanagement_ext.so
7f4500049000-7f450004a000 r--p 00005000 00:25 13832                      /usr/lib/jvm/java-17-openjdk-amd64/lib/libmanagement_ext.so
7f450004a000-7f450004b000 r--p 00006000 00:25 13832                      /usr/lib/jvm/java-17-openjdk-amd64/lib/libmanagement_ext.so
7f450004b000-7f450004c000 rw-p 00007000 00:25 13832                      /usr/lib/jvm/java-17-openjdk-amd64/lib/libmanagement_ext.so
7f450004c000-7f450004d000 r--p 00000000 00:25 18162                      /usr/lib/x86_64-linux-gnu/libpthread.so.0
7f450004d000-7f450004e000 r-xp 00001000 00:25 18162                      /usr/lib/x86_64-linux-gnu/libpthread.so.0
7f450004e000-7f450004f000 r--p 00002000 00:25 18162                      /usr/lib/x86_64-linux-gnu/libpthread.so.0
7f450004f000-7f4500050000 r--p 00002000 00:25 18162                      /usr/lib/x86_64-linux-gnu/libpthread.so.0
7f4500050000-7f4500051000 rw-p 00003000 00:25 18162                      /usr/lib/x86_64-linux-gnu/libpthread.so.0
7f4500051000-7f4500055000 r--p 00000000 00:25 13842                      /usr/lib/jvm/java-17-openjdk-amd64/lib/libverify.so
7f4500055000-7f450005c000 r-xp 00004000 00:25 13842                      /usr/lib/jvm/java-17-openjdk-amd64/lib/libverify.so
7f450005c000-7f450005e000 r--p 0000b000 00:25 13842                      /usr/lib/jvm/java-17-openjdk-amd64/lib/libverify.so
7f450005e000-7f4500060000 r--p 0000c000 00:25 13842                      /usr/lib/jvm/java-17-openjdk-amd64/lib/libverify.so
7f4500060000-7f4500061000 rw-p 0000e000 00:25 13842                      /usr/lib/jvm/java-17-openjdk-amd64/lib/libverify.so
7f4500061000-7f4500065000 r--p 00000000 00:25 13834                      /usr/lib/jvm/java-17-openjdk-amd64/lib/libnet.so
7f4500065000-7f4500073000 r-xp 00004000 00:25 13834                      /usr/lib/jvm/java-17-openjdk-amd64/lib/libnet.so
7f4500073000-7f4500077000 r--p 00012000 00:25 13834                      /usr/lib/jvm/java-17-openjdk-amd64/lib/libnet.so
7f4500077000-7f4500078000 r--p 00015000 00:25 13834                      /usr/lib/jvm/java-17-openjdk-amd64/lib/libnet.so
7f4500078000-7f4500079000 rw-p 00016000 00:25 13834                      /usr/lib/jvm/java-17-openjdk-amd64/lib/libnet.so
7f4500079000-7f450007a000 ---p 00000000 00:00 0 
7f450007a000-7f450007e000 ---p 00000000 00:00 0 
7f450007e000-7f450017a000 rw-p 00000000 00:00 0 
7f450017a000-7f450017b000 ---p 00000000 00:00 0 
7f450017b000-7f450017f000 ---p 00000000 00:00 0 
7f450017f000-7f450027b000 rw-p 00000000 00:00 0 
7f450027b000-7f450027c000 ---p 00000000 00:00 0 
7f450027c000-7f4500280000 ---p 00000000 00:00 0 
7f4500280000-7f450037c000 rw-p 00000000 00:00 0 
7f450037c000-7f450037d000 ---p 00000000 00:00 0 
7f450037d000-7f4500381000 ---p 00000000 00:00 0 
7f4500381000-7f450047d000 rw-p 00000000 00:00 0 
7f450047d000-7f450047e000 ---p 00000000 00:00 0 
7f450047e000-7f4500482000 ---p 00000000 00:00 0 
7f4500482000-7f450057e000 rw-p 00000000 00:00 0 
7f450057e000-7f450057f000 ---p 00000000 00:00 0 
7f450057f000-7f4500583000 ---p 00000000 00:00 0 
7f4500583000-7f450067f000 rw-p 00000000 00:00 0 
7f450067f000-7f4500680000 ---p 00000000 00:00 0 
7f4500680000-7f4500684000 ---p 00000000 00:00 0 
7f4500684000-7f4500780000 rw-p 00000000 00:00 0 
7f4500780000-7f45007d7000 r--p 00000000 00:25 13893                      /usr/lib/locale/C.utf8/LC_CTYPE
7f45007d7000-7f45007d8000 ---p 00000000 00:00 0 
7f45007d8000-7f45007dc000 ---p 00000000 00:00 0 
7f45007dc000-7f45008d8000 rw-p 00000000 00:00 0 
7f45008d8000-7f45008d9000 ---p 00000000 00:00 0 
7f45008d9000-7f45008dd000 ---p 00000000 00:00 0 
7f45008dd000-7f45009d9000 rw-p 00000000 00:00 0 
7f45009d9000-7f45009da000 ---p 00000000 00:00 0 
7f45009da000-7f4500ada000 rw-p 00000000 00:00 0 
7f4500ada000-7f4500adf000 r--p 00000000 00:25 13828                      /usr/lib/jvm/java-17-openjdk-amd64/lib/libjsvml.so
7f4500adf000-7f4500b20000 r-xp 00005000 00:25 13828                      /usr/lib/jvm/java-17-openjdk-amd64/lib/libjsvml.so
7f4500b20000-7f4500ba9000 r--p 00046000 00:25 13828                      /usr/lib/jvm/java-17-openjdk-amd64/lib/libjsvml.so
7f4500ba9000-7f4500baa000 r--p 000ce000 00:25 13828                      /usr/lib/jvm/java-17-openjdk-amd64/lib/libjsvml.so
7f4500baa000-7f4500bab000 rw-p 000cf000 00:25 13828                      /usr/lib/jvm/java-17-openjdk-amd64/lib/libjsvml.so
7f4500bab000-7f4500cc8000 rw-p 00000000 00:00 0 
7f4500ccb000-7f4500ccd000 r--p 00000000 00:25 13830                      /usr/lib/jvm/java-17-openjdk-amd64/lib/libmanagement.so
7f4500ccd000-7f4500cce000 r-xp 00002000 00:25 13830                      /usr/lib/jvm/java-17-openjdk-amd64/lib/libmanagement.so
7f4500cce000-7f4500ccf000 r--p 00003000 00:25 13830                      /usr/lib/jvm/java-17-openjdk-amd64/lib/libmanagement.so
7f4500ccf000-7f4500cd0000 r--p 00003000 00:25 13830                      /usr/lib/jvm/java-17-openjdk-amd64/lib/libmanagement.so
7f4500cd0000-7f4500cd1000 rw-p 00004000 00:25 13830                      /usr/lib/jvm/java-17-openjdk-amd64/lib/libmanagement.so
7f4500cd1000-7f4500cd8000 r--p 00000000 00:25 13835                      /usr/lib/jvm/java-17-openjdk-amd64/lib/libnio.so
7f4500cd8000-7f4500ce1000 r-xp 00007000 00:25 13835                      /usr/lib/jvm/java-17-openjdk-amd64/lib/libnio.so
7f4500ce1000-7f4500ce5000 r--p 00010000 00:25 13835                      /usr/lib/jvm/java-17-openjdk-amd64/lib/libnio.so
7f4500ce5000-7f4500ce6000 r--p 00014000 00:25 13835                      /usr/lib/jvm/java-17-openjdk-amd64/lib/libnio.so
7f4500ce6000-7f4500ce7000 rw-p 00015000 00:25 13835                      /usr/lib/jvm/java-17-openjdk-amd64/lib/libnio.so
7f4500ce7000-7f4500ce9000 r--p 00000000 00:25 13843                      /usr/lib/jvm/java-17-openjdk-amd64/lib/libzip.so
7f4500ce9000-7f4500ced000 r-xp 00002000 00:25 13843                      /usr/lib/jvm/java-17-openjdk-amd64/lib/libzip.so
7f4500ced000-7f4500cef000 r--p 00006000 00:25 13843                      /usr/lib/jvm/java-17-openjdk-amd64/lib/libzip.so
7f4500cef000-7f4500cf0000 r--p 00007000 00:25 13843                      /usr/lib/jvm/java-17-openjdk-amd64/lib/libzip.so
7f4500cf0000-7f4500cf1000 rw-p 00008000 00:25 13843                      /usr/lib/jvm/java-17-openjdk-amd64/lib/libzip.so
7f4500cf1000-7f4500cf2000 r--p 00000000 00:25 13899                      /usr/lib/locale/C.utf8/LC_NUMERIC
7f4500cf2000-7f4500cf3000 r--p 00000000 00:25 13902                      /usr/lib/locale/C.utf8/LC_TIME
7f4500cf3000-7f4500cf4000 r--p 00000000 00:25 13892                      /usr/lib/locale/C.utf8/LC_COLLATE
7f4500cf4000-7f4500cf5000 r--p 00000000 00:25 13897                      /usr/lib/locale/C.utf8/LC_MONETARY
7f4500cf5000-7f4500cf6000 r--p 00000000 00:25 13896                      /usr/lib/locale/C.utf8/LC_MESSAGES/SYS_LC_MESSAGES
7f4500cf6000-7f4500cf7000 r--p 00000000 00:25 13900                      /usr/lib/locale/C.utf8/LC_PAPER
7f4500cf7000-7f4500cf8000 r--p 00000000 00:25 13898                      /usr/lib/locale/C.utf8/LC_NAME
7f4500cf8000-7f4500cff000 r--s 00000000 00:25 17585                      /usr/lib/x86_64-linux-gnu/gconv/gconv-modules.cache
7f4500cff000-7f4500d00000 ---p 00000000 00:00 0 
7f4500d00000-7f4500e00000 rw-p 00000000 00:00 0 
7f4500e00000-7f4500e01000 ---p 00000000 00:00 0 
7f4500e01000-7f4501103000 rw-p 00000000 00:00 0 
7f4501103000-7f4501104000 ---p 00000000 00:00 0 
7f4501104000-7f4501204000 rw-p 00000000 00:00 0 
7f4501204000-7f4501205000 ---p 00000000 00:00 0 
7f4501205000-7f4501305000 rw-p 00000000 00:00 0 
7f4501305000-7f4501306000 ---p 00000000 00:00 0 
7f4501306000-7f45015cb000 rw-p 00000000 00:00 0 
7f45015cb000-7f450184a000 ---p 00000000 00:00 0 
7f450184a000-7f45019cb000 rw-p 00000000 00:00 0 
7f45019cb000-7f4501c4a000 ---p 00000000 00:00 0 
7f4501c4a000-7f4501dcb000 rw-p 00000000 00:00 0 
7f4501dcb000-7f450204a000 ---p 00000000 00:00 0 
7f450204a000-7f450226f000 rw-p 00000000 00:00 0 
7f450226f000-7f4502338000 ---p 00000000 00:00 0 
7f4502338000-7f45023af000 rw-p 00000000 00:00 0 
7f45023af000-7f4502423000 ---p 00000000 00:00 0 
7f4502423000-7f4502428000 rw-p 00000000 00:00 0 
7f4502428000-7f450242f000 ---p 00000000 00:00 0 
7f450242f000-7f4502437000 rw-s 00000000 fe:00 525899                     /tmp/hsperfdata_root/416
7f4502437000-7f4502443000 r--p 00000000 00:25 13820                      /usr/lib/jvm/java-17-openjdk-amd64/lib/libjava.so
7f4502443000-7f4502454000 r-xp 0000c000 00:25 13820                      /usr/lib/jvm/java-17-openjdk-amd64/lib/libjava.so
7f4502454000-7f450245a000 r--p 0001d000 00:25 13820                      /usr/lib/jvm/java-17-openjdk-amd64/lib/libjava.so
7f450245a000-7f450245b000 r--p 00022000 00:25 13820                      /usr/lib/jvm/java-17-openjdk-amd64/lib/libjava.so
7f450245b000-7f450245c000 rw-p 00023000 00:25 13820                      /usr/lib/jvm/java-17-openjdk-amd64/lib/libjava.so
7f450245c000-7f450245d000 rw-p 00000000 00:00 0 
7f450245d000-7f450245e000 r--p 00000000 00:25 13815                      /usr/lib/jvm/java-17-openjdk-amd64/lib/libinstrument.so
7f450245e000-7f4502464000 r-xp 00001000 00:25 13815                      /usr/lib/jvm/java-17-openjdk-amd64/lib/libinstrument.so
7f4502464000-7f4502467000 r--p 00007000 00:25 13815                      /usr/lib/jvm/java-17-openjdk-amd64/lib/libinstrument.so
7f4502467000-7f4502468000 r--p 00009000 00:25 13815                      /usr/lib/jvm/java-17-openjdk-amd64/lib/libinstrument.so
7f4502468000-7f4502469000 rw-p 0000a000 00:25 13815                      /usr/lib/jvm/java-17-openjdk-amd64/lib/libinstrument.so
7f4502469000-7f450246b000 r--p 00000000 00:25 13824                      /usr/lib/jvm/java-17-openjdk-amd64/lib/libjimage.so
7f450246b000-7f450246e000 r-xp 00002000 00:25 13824                      /usr/lib/jvm/java-17-openjdk-amd64/lib/libjimage.so
7f450246e000-7f450246f000 r--p 00005000 00:25 13824                      /usr/lib/jvm/java-17-openjdk-amd64/lib/libjimage.so
7f450246f000-7f4502470000 r--p 00006000 00:25 13824                      /usr/lib/jvm/java-17-openjdk-amd64/lib/libjimage.so
7f4502470000-7f4502471000 rw-p 00007000 00:25 13824                      /usr/lib/jvm/java-17-openjdk-amd64/lib/libjimage.so
7f4502471000-7f4502475000 ---p 00000000 00:00 0 
7f4502475000-7f4502571000 rw-p 00000000 00:00 0 
7f4502571000-7f4502574000 r--p 00000000 00:25 17971                      /usr/lib/x86_64-linux-gnu/libgcc_s.so.1
7f4502574000-7f450258b000 r-xp 00003000 00:25 17971                      /usr/lib/x86_64-linux-gnu/libgcc_s.so.1
7f450258b000-7f450258f000 r--p 0001a000 00:25 17971                      /usr/lib/x86_64-linux-gnu/libgcc_s.so.1
7f450258f000-7f4502590000 r--p 0001d000 00:25 17971                      /usr/lib/x86_64-linux-gnu/libgcc_s.so.1
7f4502590000-7f4502591000 rw-p 0001e000 00:25 17971                      /usr/lib/x86_64-linux-gnu/libgcc_s.so.1
7f4502591000-7f45025a1000 r--p 00000000 00:25 18072                      /usr/lib/x86_64-linux-gnu/libm.so.6
7f45025a1000-7f4502615000 r-xp 00010000 00:25 18072                      /usr/lib/x86_64-linux-gnu/libm.so.6
7f4502615000-7f450266f000 r--p 00084000 00:25 18072                      /usr/lib/x86_64-linux-gnu/libm.so.6
7f450266f000-7f4502670000 r--p 000dd000 00:25 18072                      /usr/lib/x86_64-linux-gnu/libm.so.6
7f4502670000-7f4502671000 rw-p 000de000 00:25 18072                      /usr/lib/x86_64-linux-gnu/libm.so.6
7f4502671000-7f450270a000 r--p 00000000 00:25 18239                      /usr/lib/x86_64-linux-gnu/libstdc++.so.6.0.30
7f450270a000-7f450280b000 r-xp 00099000 00:25 18239                      /usr/lib/x86_64-linux-gnu/libstdc++.so.6.0.30
7f450280b000-7f450287a000 r--p 0019a000 00:25 18239                      /usr/lib/x86_64-linux-gnu/libstdc++.so.6.0.30
7f450287a000-7f4502885000 r--p 00209000 00:25 18239                      /usr/lib/x86_64-linux-gnu/libstdc++.so.6.0.30
7f4502885000-7f4502888000 rw-p 00214000 00:25 18239                      /usr/lib/x86_64-linux-gnu/libstdc++.so.6.0.30
7f4502888000-7f450288b000 rw-p 00000000 00:00 0 
7f450288b000-7f4502adc000 r--p 00000000 00:25 13856                      /usr/lib/jvm/java-17-openjdk-amd64/lib/server/libjvm.so
7f4502adc000-7f450382e000 r-xp 00251000 00:25 13856                      /usr/lib/jvm/java-17-openjdk-amd64/lib/server/libjvm.so
7f450382e000-7f4503ab0000 r--p 00fa3000 00:25 13856                      /usr/lib/jvm/java-17-openjdk-amd64/lib/server/libjvm.so
7f4503ab0000-7f4503b68000 r--p 01225000 00:25 13856                      /usr/lib/jvm/java-17-openjdk-amd64/lib/server/libjvm.so
7f4503b68000-7f4503b9d000 rw-p 012dd000 00:25 13856                      /usr/lib/jvm/java-17-openjdk-amd64/lib/server/libjvm.so
7f4503b9d000-7f4503bf9000 rw-p 00000000 00:00 0 
7f4503bf9000-7f4503c1f000 r--p 00000000 00:25 17860                      /usr/lib/x86_64-linux-gnu/libc.so.6
7f4503c1f000-7f4503d75000 r-xp 00026000 00:25 17860                      /usr/lib/x86_64-linux-gnu/libc.so.6
7f4503d75000-7f4503dc8000 r--p 0017c000 00:25 17860                      /usr/lib/x86_64-linux-gnu/libc.so.6
7f4503dc8000-7f4503dcc000 r--p 001cf000 00:25 17860                      /usr/lib/x86_64-linux-gnu/libc.so.6
7f4503dcc000-7f4503dce000 rw-p 001d3000 00:25 17860                      /usr/lib/x86_64-linux-gnu/libc.so.6
7f4503dce000-7f4503ddb000 rw-p 00000000 00:00 0 
7f4503ddb000-7f4503ddd000 r--p 00000000 00:25 13825                      /usr/lib/jvm/java-17-openjdk-amd64/lib/libjli.so
7f4503ddd000-7f4503de6000 r-xp 00002000 00:25 13825                      /usr/lib/jvm/java-17-openjdk-amd64/lib/libjli.so
7f4503de6000-7f4503de9000 r--p 0000b000 00:25 13825                      /usr/lib/jvm/java-17-openjdk-amd64/lib/libjli.so
7f4503de9000-7f4503dea000 r--p 0000d000 00:25 13825                      /usr/lib/jvm/java-17-openjdk-amd64/lib/libjli.so
7f4503dea000-7f4503deb000 rw-p 0000e000 00:25 13825                      /usr/lib/jvm/java-17-openjdk-amd64/lib/libjli.so
7f4503deb000-7f4503dee000 r--p 00000000 00:25 1006                       /usr/lib/x86_64-linux-gnu/libz.so.1.2.13
7f4503dee000-7f4503e01000 r-xp 00003000 00:25 1006                       /usr/lib/x86_64-linux-gnu/libz.so.1.2.13
7f4503e01000-7f4503e08000 r--p 00016000 00:25 1006                       /usr/lib/x86_64-linux-gnu/libz.so.1.2.13
7f4503e08000-7f4503e09000 r--p 0001c000 00:25 1006                       /usr/lib/x86_64-linux-gnu/libz.so.1.2.13
7f4503e09000-7f4503e0a000 rw-p 0001d000 00:25 1006                       /usr/lib/x86_64-linux-gnu/libz.so.1.2.13
7f4503e0a000-7f4503e0b000 r--p 00000000 00:25 13891                      /usr/lib/locale/C.utf8/LC_ADDRESS
7f4503e0b000-7f4503e0c000 r--p 00000000 00:25 13901                      /usr/lib/locale/C.utf8/LC_TELEPHONE
7f4503e0c000-7f4503e0d000 r--p 00000000 00:25 13895                      /usr/lib/locale/C.utf8/LC_MEASUREMENT
7f4503e0d000-7f4503e0e000 r--p 00000000 00:25 13894                      /usr/lib/locale/C.utf8/LC_IDENTIFICATION
7f4503e0e000-7f4503e0f000 ---p 00000000 00:00 0 
7f4503e0f000-7f4503e10000 r--p 00000000 00:00 0 
7f4503e10000-7f4503e11000 ---p 00000000 00:00 0 
7f4503e11000-7f4503e13000 rw-p 00000000 00:00 0 
7f4503e13000-7f4503e14000 r--p 00000000 00:25 17646                      /usr/lib/x86_64-linux-gnu/ld-linux-x86-64.so.2
7f4503e14000-7f4503e3a000 r-xp 00001000 00:25 17646                      /usr/lib/x86_64-linux-gnu/ld-linux-x86-64.so.2
7f4503e3a000-7f4503e44000 r--p 00027000 00:25 17646                      /usr/lib/x86_64-linux-gnu/ld-linux-x86-64.so.2
7f4503e44000-7f4503e46000 r--p 00031000 00:25 17646                      /usr/lib/x86_64-linux-gnu/ld-linux-x86-64.so.2
7f4503e46000-7f4503e48000 rw-p 00033000 00:25 17646                      /usr/lib/x86_64-linux-gnu/ld-linux-x86-64.so.2
7ffc9a7ac000-7ffc9a7cd000 rw-p 00000000 00:00 0                          [stack]
7ffc9a7eb000-7ffc9a7ee000 r--p 00000000 00:00 0                          [vvar]
7ffc9a7ee000-7ffc9a7f0000 r-xp 00000000 00:00 0                          [vdso]
ffffffffff600000-ffffffffff601000 r-xp 00000000 00:00 0                  [vsyscall]


VM Arguments:
jvm_args: --add-opens=java.base/java.util=ALL-UNNAMED --add-opens=java.base/java.lang=ALL-UNNAMED --add-opens=java.base/java.lang.invoke=ALL-UNNAMED --add-opens=java.prefs/java.util.prefs=ALL-UNNAMED --add-opens=java.base/java.nio.charset=ALL-UNNAMED --add-opens=java.base/java.net=ALL-UNNAMED --add-opens=java.base/java.util.concurrent.atomic=ALL-UNNAMED -Xmx2048m -Dfile.encoding=UTF-8 -Duser.country -Duser.language=en -Duser.variant -javaagent:/root/.gradle/wrapper/dists/gradle-8.7-bin/bhs2wmbdwecv87pi65oeuq5iu/gradle-8.7/lib/agents/gradle-instrumentation-agent-8.7.jar 
java_command: org.gradle.launcher.daemon.bootstrap.GradleDaemon 8.7
java_class_path (initial): /root/.gradle/wrapper/dists/gradle-8.7-bin/bhs2wmbdwecv87pi65oeuq5iu/gradle-8.7/lib/gradle-launcher-8.7.jar
Launcher Type: SUN_STANDARD

[Global flags]
     intx CICompilerCount                          = 2                                         {product} {ergonomic}
     uint ConcGCThreads                            = 1                                         {product} {ergonomic}
     uint G1ConcRefinementThreads                  = 2                                         {product} {ergonomic}
   size_t G1HeapRegionSize                         = 1048576                                   {product} {ergonomic}
    uintx GCDrainStackTargetSize                   = 64                                        {product} {ergonomic}
   size_t InitialHeapSize                          = 33554432                                  {product} {ergonomic}
   size_t MarkStackSize                            = 4194304                                   {product} {ergonomic}
   size_t MaxHeapSize                              = 2147483648                                {product} {command line}
   size_t MaxNewSize                               = 1287651328                                {product} {ergonomic}
   size_t MinHeapDeltaBytes                        = 1048576                                   {product} {ergonomic}
   size_t MinHeapSize                              = 8388608                                   {product} {ergonomic}
    uintx NonNMethodCodeHeapSize                   = 5826188                                {pd product} {ergonomic}
    uintx NonProfiledCodeHeapSize                  = 122916026                              {pd product} {ergonomic}
    uintx ProfiledCodeHeapSize                     = 122916026                              {pd product} {ergonomic}
    uintx ReservedCodeCacheSize                    = 251658240                              {pd product} {ergonomic}
     bool SegmentedCodeCache                       = true                                      {product} {ergonomic}
   size_t SoftMaxHeapSize                          = 2147483648                             {manageable} {ergonomic}
     bool UseCompressedClassPointers               = true                           {product lp64_product} {ergonomic}
     bool UseCompressedOops                        = true                           {product lp64_product} {ergonomic}
     bool UseG1GC                                  = true                                      {product} {ergonomic}

Logging:
Log output configuration:
 #0: stdout all=warning uptime,level,tags
 #1: stderr all=off uptime,level,tags

Environment Variables:
PATH=/usr/local/sbin:/usr/local/bin:/usr/sbin:/usr/bin:/sbin:/bin
SHELL=/bin/bash
LANG=C.UTF-8
LC_ALL=C.UTF-8
TERM=tmux-256color

Active Locale:
LC_ALL=C.UTF-8
LC_COLLATE=C.UTF-8
LC_CTYPE=C.UTF-8
LC_MESSAGES=C.UTF-8
LC_MONETARY=C.UTF-8
LC_NUMERIC=C.UTF-8
LC_TIME=C.UTF-8

Signal Handlers:
   SIGSEGV: crash_handler in libjvm.so, mask=11100100010111111101111111111110, flags=SA_RESTART|SA_SIGINFO, unblocked
    SIGBUS: crash_handler in libjvm.so, mask=11100100010111111101111111111110, flags=SA_RESTART|SA_SIGINFO, unblocked
    SIGFPE: crash_handler in libjvm.so, mask=11100100010111111101111111111110, flags=SA_RESTART|SA_SIGINFO, unblocked
   SIGPIPE: javaSignalHandler in libjvm.so, mask=11100100010111111101111111111110, flags=SA_RESTART|SA_SIGINFO, unblocked
   SIGXFSZ: javaSignalHandler in libjvm.so, mask=11100100010111111101111111111110, flags=SA_RESTART|SA_SIGINFO, unblocked
    SIGILL: crash_handler in libjvm.so, mask=11100100010111111101111111111110, flags=SA_RESTART|SA_SIGINFO, unblocked
   SIGUSR2: SR_handler in libjvm.so, mask=00100000000000000000000000000000, flags=SA_RESTART|SA_SIGINFO, unblocked
    SIGHUP: UserHandler in libjvm.so, mask=11100100010111111101111111111110, flags=SA_RESTART|SA_SIGINFO, unblocked
    SIGINT: UserHandler in libjvm.so, mask=11100100010111111101111111111110, flags=SA_RESTART|SA_SIGINFO, unblocked
   SIGTERM: UserHandler in libjvm.so, mask=11100100010111111101111111111110, flags=SA_RESTART|SA_SIGINFO, unblocked
   SIGQUIT: UserHandler in libjvm.so, mask=11100100010111111101111111111110, flags=SA_RESTART|SA_SIGINFO, unblocked
   SIGTRAP: crash_handler in libjvm.so, mask=11100100010111111101111111111110, flags=SA_RESTART|SA_SIGINFO, unblocked


Periodic native trim disabled


---------------  S Y S T E M  ---------------

OS:
PRETTY_NAME="Debian GNU/Linux 12 (bookworm)"
NAME="Debian GNU/Linux"
VERSION_ID="12"
VERSION="12 (bookworm)"
VERSION_CODENAME=bookworm
ID=debian
HOME_URL="https://www.debian.org/"
SUPPORT_URL="https://www.debian.org/support"
BUG_REPORT_URL="https://bugs.debian.org/"
uname: Linux 4.19.91-c8dfc93.al7.x86_64 #1 SMP Tue Sep 26 10:25:51 UTC 2023 x86_64
OS uptime: 0 days 0:13 hours
libc: glibc 2.36 NPTL 2.36 
rlimit (soft/hard): STACK 8192k/infinity , CORE 0k/0k , NPROC 100000/100000 , NOFILE 100000/100000 , AS infinity/infinity , CPU infinity/infinity , DATA infinity/infinity , FSIZE infinity/infinity , MEMLOCK 64k/64k
load average: 1.19 0.90 0.40

/proc/meminfo:
MemTotal:        2152516 kB
MemFree:           30688 kB
MemAvailable:      70124 kB
Buffers:            1584 kB
Cached:            84292 kB
SwapCached:            0 kB
Active:          1981752 kB
Inactive:          45004 kB
Active(anon):    1940960 kB
Inactive(anon):       16 kB
Active(file):      40792 kB
Inactive(file):    44988 kB
Unevictable:           0 kB
Mlocked:               0 kB
SwapTotal:             0 kB
SwapFree:              0 kB
Dirty:               176 kB
Writeback:             0 kB
AnonPages:       1934592 kB
Mapped:            29052 kB
Shmem:                32 kB
Slab:              44028 kB
SReclaimable:      30912 kB
SUnreclaim:        13116 kB
KernelStack:        3488 kB
PageTables:         5568 kB
NFS_Unstable:          0 kB
Bounce:                0 kB
WritebackTmp:          0 kB
CommitLimit:     1076256 kB
Committed_AS:    2180892 kB
VmallocTotal:   34359738367 kB
VmallocUsed:           0 kB
VmallocChunk:          0 kB
Percpu:              384 kB
AnonHugePages:    421888 kB
ShmemHugePages:        0 kB
ShmemPmdMapped:        0 kB
HugePages_Total:       0
HugePages_Free:        0
HugePages_Rsvd:        0
HugePages_Surp:        0
Hugepagesize:       2048 kB
Hugetlb:               0 kB
DirectMap4k:        8192 kB
DirectMap2M:     2523136 kB
DirectMap1G:           0 kB

/sys/kernel/mm/transparent_hugepage/enabled: [always] madvise never
/sys/kernel/mm/transparent_hugepage/hpage_pmd_size: 2097152
/sys/kernel/mm/transparent_hugepage/defrag (defrag/compaction efforts parameter): always defer defer+madvise madvise [never]

Process Memory:
Virtual Size: 4543868K (peak: 5068156K)
Resident Set Size: 1295088K (peak: 1295088K) (anon: 1272720K, file: 22368K, shmem: 0K)
Swapped out: 0K
C-Heap outstanding allocations: 161778K, retained: 28533K
glibc malloc tunables: (default)

/proc/sys/kernel/threads-max (system-wide limit on the number of threads): 1129
/proc/sys/vm/max_map_count (maximum number of memory map areas a process may have): 65530
/proc/sys/vm/swappiness (control to define how aggressively the kernel swaps out anonymous memory): 60
/proc/sys/kernel/pid_max (system-wide limit on number of process identifiers): 32768

container (cgroup) information:
container_type: cgroupv1
cpu_cpuset_cpus: 0-1
cpu_memory_nodes: 0
active_processor_count: 2
cpu_quota: no quota
cpu_period: 100000
cpu_shares: 12288
memory_limit_in_bytes: 2097152 k
memory_and_swap_limit_in_bytes: unlimited
memory_soft_limit_in_bytes: unlimited
memory_usage_in_bytes: 2056036 k
memory_max_usage_in_bytes: 2059616 k
rss_usage_in_bytes: 1930400 k
cache_usage_in_bytes: 85524 k
kernel_memory_limit_in_bytes: unlimited
kernel_memory_usage_in_bytes: 39968 k
kernel_memory_max_usage_in_bytes: 81324 k
maximum number of tasks: unlimited
current number of tasks: 140

KVM virtualization detected
Steal ticks since vm start: 21189
Steal ticks percentage since vm start:  0.386

CPU: total 2 (initial active 2) (2 cores per cpu, 1 threads per core) family 6 model 85 stepping 7 microcode 0x1, cx8, cmov, fxsr, mmx, 3dnowpref, sse, sse2, sse3, ssse3, sse4.1, sse4.2, popcnt, lzcnt, tsc, tscinvbit, avx, avx2, aes, erms, clmul, bmi1, bmi2, adx, avx512f, avx512dq, avx512cd, avx512bw, avx512vl, fma, vzeroupper, avx512_vnni, clflush, clflushopt, clwb, hv
CPU Model and flags from /proc/cpuinfo:
model name	: Intel(R) Xeon(R) Processor @ 2.50GHz
flags		: fpu vme de pse tsc msr pae mce cx8 apic sep mtrr pge mca cmov pat pse36 clflush mmx fxsr sse sse2 ss ht syscall nx pdpe1gb rdtscp lm constant_tsc rep_good nopl xtopology nonstop_tsc cpuid tsc_known_freq pni pclmulqdq ssse3 fma cx16 pcid sse4_1 sse4_2 x2apic movbe popcnt tsc_deadline_timer aes xsave avx f16c rdrand hypervisor lahf_lm abm 3dnowprefetch cpuid_fault invpcid_single ssbd ibrs ibpb stibp ibrs_enhanced fsgsbase tsc_adjust bmi1 avx2 smep bmi2 erms invpcid mpx avx512f avx512dq rdseed adx smap clflushopt clwb avx512cd avx512bw avx512vl xsaveopt xsavec xgetbv1 xsaves umip avx512_vnni md_clear arch_capabilities

Online cpus: 0-1
Offline cpus: 
BIOS frequency limitation: <Not Available>
Frequency switch latency (ns): <Not Available>
Available cpu frequencies: <Not Available>
Current governor: <Not Available>
Core performance/turbo boost: <Not Available>

Memory: 4k page, physical 2097152k(41116k free), swap 0k(0k free)
Page Sizes: 4k

vm_info: OpenJDK 64-Bit Server VM (17.0.20+8-1-deb12u1-Debian) for linux-amd64 JRE (17.0.20+8-1-deb12u1-Debian), built on Jul 28 2026 07:08:51 by "buildd" with gcc 12.2.0

END.
