#
# There is insufficient memory for the Java Runtime Environment to continue.
# Native memory allocation (mmap) failed to map 28311552 bytes. Error detail: committing reserved memory.
# Possible reasons:
#   The system is out of physical RAM or swap space
#   This process is running with CompressedOops enabled, and the Java Heap may be blocking the growth of the native heap
# Possible solutions:
#   Reduce memory load on the system
#   Increase physical memory or swap space
#   Check if swap backing store is full
#   Decrease Java heap size (-Xmx/-Xms)
#   Decrease number of Java threads
#   Decrease Java thread stack sizes (-Xss)
#   Set larger code cache with -XX:ReservedCodeCacheSize=
#   JVM is running with Unscaled Compressed Oops mode in which the Java heap is
#     placed in the first 4GB address space. The Java Heap base address is the
#     maximum limit for the native heap growth. Please use -XX:HeapBaseMinAddress
#     to set the Java Heap base and to place the Java Heap above 4GB virtual address.
# This output file may be truncated or incomplete.
#
#  Out of Memory Error (os_linux.cpp:2834), pid=1803, tid=1813
#
# JRE version: OpenJDK Runtime Environment (17.0.20+8) (build 17.0.20+8-1-deb12u1-Debian)
# Java VM: OpenJDK 64-Bit Server VM (17.0.20+8-1-deb12u1-Debian, mixed mode, sharing, tiered, compressed oops, compressed class ptrs, g1 gc, linux-amd64)
# No core dump will be written. Core dumps have been disabled. To enable core dumping, try "ulimit -c unlimited" before starting Java again
#

---------------  S U M M A R Y ------------

Command Line: -XX:MaxMetaspaceSize=512m --add-opens=java.base/java.util=ALL-UNNAMED --add-opens=java.base/java.lang=ALL-UNNAMED --add-opens=java.base/java.lang.invoke=ALL-UNNAMED --add-opens=java.prefs/java.util.prefs=ALL-UNNAMED --add-opens=java.base/java.nio.charset=ALL-UNNAMED --add-opens=java.base/java.net=ALL-UNNAMED --add-opens=java.base/java.util.concurrent.atomic=ALL-UNNAMED -Xmx1024m -Dfile.encoding=UTF-8 -Duser.country -Duser.language=en -Duser.variant -javaagent:/root/.gradle/wrapper/dists/gradle-8.7-bin/bhs2wmbdwecv87pi65oeuq5iu/gradle-8.7/lib/agents/gradle-instrumentation-agent-8.7.jar org.gradle.launcher.daemon.bootstrap.GradleDaemon 8.7

Host: Intel(R) Xeon(R) Processor @ 2.50GHz, 2 cores, 2G, Debian GNU/Linux 12 (bookworm)
Time: Thu Sep 24 16:45:10 2026 UTC elapsed time: 272.120242 seconds (0d 0h 4m 32s)

---------------  T H R E A D  ---------------

Current thread (0x00007f1b640a6e60):  VMThread "VM Thread" [stack: 0x00007f1b4cee9000,0x00007f1b4cfe9000] [id=1813]

Stack: [0x00007f1b4cee9000,0x00007f1b4cfe9000],  sp=0x00007f1b4cfe6d70,  free space=1015k
Native frames: (J=compiled Java code, j=interpreted, Vv=VM code, C=native code)
V  [libjvm.so+0xf21211]  VMError::report_and_die(int, char const*, char const*, __va_list_tag*, Thread*, unsigned char*, void*, void*, char const*, int, unsigned long)+0x171
V  [libjvm.so+0xf21d7d]  VMError::report_and_die(Thread*, char const*, int, unsigned long, VMErrorType, char const*, __va_list_tag*)+0x2d
V  [libjvm.so+0x60378c]  report_vm_out_of_memory(char const*, int, unsigned long, VMErrorType, char const*, ...)+0xdc
V  [libjvm.so+0xc2a14b]  os::pd_commit_memory_or_exit(char*, unsigned long, unsigned long, bool, char const*)+0xeb
V  [libjvm.so+0xc23ffb]  os::commit_memory_or_exit(char*, unsigned long, unsigned long, bool, char const*)+0x1b
V  [libjvm.so+0x733436]  G1PageBasedVirtualSpace::commit(unsigned long, unsigned long)+0x66
V  [libjvm.so+0x7473e0]  G1RegionsLargerThanCommitSizeMapper::commit_regions(unsigned int, unsigned long, WorkGang*)+0x110
V  [libjvm.so+0x7dadc8]  HeapRegionManager::commit_regions(unsigned int, unsigned long, WorkGang*)+0x88
V  [libjvm.so+0x7dcc0b]  HeapRegionManager::expand(unsigned int, unsigned int, WorkGang*)+0x2b
V  [libjvm.so+0x7dce27]  HeapRegionManager::expand_by(unsigned int, WorkGang*)+0x77
V  [libjvm.so+0x6ebed8]  G1CollectedHeap::expand(unsigned long, WorkGang*, double*)+0xe8
V  [libjvm.so+0x6efb29]  G1CollectedHeap::do_collection_pause_at_safepoint_helper(double)+0x8a9
V  [libjvm.so+0x6efb8f]  G1CollectedHeap::do_collection_pause_at_safepoint(double)+0x2f
V  [libjvm.so+0x76b9d7]  VM_G1CollectForAllocation::doit()+0x47
V  [libjvm.so+0xf26715]  VM_Operation::evaluate()+0xe5
V  [libjvm.so+0xf28005]  VMThread::evaluate_operation(VM_Operation*)+0x105
V  [libjvm.so+0xf2857f]  VMThread::inner_execute(VM_Operation*)+0x28f
V  [libjvm.so+0xf2878f]  VMThread::run()+0xbf
V  [libjvm.so+0xea40a5]  Thread::call_run()+0xa5
V  [libjvm.so+0xc2c8f3]  thread_native_entry(Thread*)+0xe3

VM_Operation (0x00007f1b3dffe550): G1CollectForAllocation, mode: safepoint, requested by thread 0x00007f1b6524ead0


---------------  P R O C E S S  ---------------

Threads class SMR info:
_java_thread_list=0x00007f1b441a0a20, length=61, elements={
0x00007f1b6401a7c0, 0x00007f1b640aaf60, 0x00007f1b640ac340, 0x00007f1b640b3020,
0x00007f1b640b43d0, 0x00007f1b640b57e0, 0x00007f1b640b7190, 0x00007f1b640b86c0,
0x00007f1b640b9b30, 0x00007f1b640c5e30, 0x00007f1b641c15c0, 0x00007f1b651bda50,
0x00007f1b65224250, 0x00007f1b6524ead0, 0x00007f1b04016e10, 0x00007f1b0c002c50,
0x00007f1b0c0080c0, 0x00007f1b0c009710, 0x00007f1b30003720, 0x00007f1b30009c00,
0x00007f1b3000cee0, 0x00007f1b302eac20, 0x00007f1b3030bd30, 0x00007f1b30317fa0,
0x00007f1b3070fa50, 0x00007f1b30832ff0, 0x00007f1b3084d700, 0x00007f1b30856970,
0x00007f1b308c0ba0, 0x00007f1b30eac420, 0x00007f1b30f933b0, 0x00007f1b30fa7960,
0x00007f1b3170a330, 0x00007f1b31700090, 0x00007f1b3218bbd0, 0x00007f1b380164b0,
0x00007f1b4401a960, 0x00007f1b4408a4a0, 0x00007f1b440a3b10, 0x00007f1b4408f850,
0x00007f1b440a5a10, 0x00007f1b4408eb10, 0x00007f1b380813e0, 0x00007f1b380910b0,
0x00007f1b380923e0, 0x00007f1b44051740, 0x00007f1b4402f210, 0x00007f1b440302a0,
0x00007f1b44034920, 0x00007f1b441698c0, 0x00007f1b38044440, 0x00007f1b3804acd0,
0x00007f1b31646a50, 0x00007f1b38045fe0, 0x00007f1b30647e00, 0x00007f1b3205bfa0,
0x00007f1b3217ad80, 0x00007f1b3217be40, 0x00007f1b3833e300, 0x00007f1b383dbb00,
0x00007f1b4419ff00
}

Java Threads: ( => current thread )
  0x00007f1b6401a7c0 JavaThread "main" [_thread_blocked, id=1805, stack(0x00007f1b6ae65000,0x00007f1b6af65000)]
  0x00007f1b640aaf60 JavaThread "Reference Handler" daemon [_thread_blocked, id=1814, stack(0x00007f1b4cde8000,0x00007f1b4cee8000)]
  0x00007f1b640ac340 JavaThread "Finalizer" daemon [_thread_blocked, id=1815, stack(0x00007f1b4cce7000,0x00007f1b4cde7000)]
  0x00007f1b640b3020 JavaThread "Signal Dispatcher" daemon [_thread_blocked, id=1816, stack(0x00007f1b4cb8f000,0x00007f1b4cc8f000)]
  0x00007f1b640b43d0 JavaThread "Service Thread" daemon [_thread_blocked, id=1817, stack(0x00007f1b4ca8e000,0x00007f1b4cb8e000)]
  0x00007f1b640b57e0 JavaThread "Monitor Deflation Thread" daemon [_thread_blocked, id=1818, stack(0x00007f1b4c98d000,0x00007f1b4ca8d000)]
  0x00007f1b640b7190 JavaThread "C2 CompilerThread0" daemon [_thread_blocked, id=1819, stack(0x00007f1b4c88c000,0x00007f1b4c98c000)]
  0x00007f1b640b86c0 JavaThread "C1 CompilerThread0" daemon [_thread_blocked, id=1820, stack(0x00007f1b4c78b000,0x00007f1b4c88b000)]
  0x00007f1b640b9b30 JavaThread "Sweeper thread" daemon [_thread_blocked, id=1821, stack(0x00007f1b4c68a000,0x00007f1b4c78a000)]
  0x00007f1b640c5e30 JavaThread "Common-Cleaner" daemon [_thread_blocked, id=1823, stack(0x00007f1b4c589000,0x00007f1b4c689000)]
  0x00007f1b641c15c0 JavaThread "Notification Thread" daemon [_thread_blocked, id=1824, stack(0x00007f1b4c488000,0x00007f1b4c588000)]
  0x00007f1b651bda50 JavaThread "Daemon health stats" [_thread_blocked, id=1830, stack(0x00007f1b4c168000,0x00007f1b4c268000)]
  0x00007f1b65224250 JavaThread "Incoming local TCP Connector on port 43791" [_thread_in_native, id=1831, stack(0x00007f1b4c062000,0x00007f1b4c162000)]
  0x00007f1b6524ead0 JavaThread "Daemon periodic checks" [_thread_blocked, id=1832, stack(0x00007f1b3df00000,0x00007f1b3e000000)]
  0x00007f1b04016e10 JavaThread "Daemon" [_thread_blocked, id=1834, stack(0x00007f1b3db00000,0x00007f1b3dc00000)]
  0x00007f1b0c002c50 JavaThread "Handler for socket connection from /127.0.0.1:43791 to /127.0.0.1:33988" [_thread_in_native, id=1835, stack(0x00007f1b3d700000,0x00007f1b3d800000)]
  0x00007f1b0c0080c0 JavaThread "Cancel handler" [_thread_blocked, id=1836, stack(0x00007f1b3d5ff000,0x00007f1b3d6ff000)]
  0x00007f1b0c009710 JavaThread "Daemon worker" [_thread_blocked, id=1837, stack(0x00007f1b3d4fe000,0x00007f1b3d5fe000)]
  0x00007f1b30003720 JavaThread "Asynchronous log dispatcher for DefaultDaemonConnection: socket connection from /127.0.0.1:43791 to /127.0.0.1:33988" [_thread_blocked, id=1840, stack(0x00007f1b3d3fd000,0x00007f1b3d4fd000)]
  0x00007f1b30009c00 JavaThread "Stdin handler" [_thread_blocked, id=1841, stack(0x00007f1b3d2fc000,0x00007f1b3d3fc000)]
  0x00007f1b3000cee0 JavaThread "Daemon client event forwarder" [_thread_blocked, id=1842, stack(0x00007f1b3d1fb000,0x00007f1b3d2fb000)]
  0x00007f1b302eac20 JavaThread "Cache worker for journal cache (/root/.gradle/caches/journal-1)" [_thread_blocked, id=1844, stack(0x00007f1b3cd8f000,0x00007f1b3ce8f000)]
  0x00007f1b3030bd30 JavaThread "File lock request listener" [_thread_in_native, id=1845, stack(0x00007f1b3d0fa000,0x00007f1b3d1fa000)]
  0x00007f1b30317fa0 JavaThread "Cache worker for file hash cache (/root/.gradle/caches/8.7/fileHashes)" [_thread_blocked, id=1846, stack(0x00007f1b3cff9000,0x00007f1b3d0f9000)]
  0x00007f1b3070fa50 JavaThread "Cache worker for file hash cache (/workspace/VoiceAssistant/.gradle/8.7/fileHashes)" [_thread_blocked, id=1850, stack(0x00007f1b3cef8000,0x00007f1b3cff8000)]
  0x00007f1b30832ff0 JavaThread "Cache worker for checksums cache (/workspace/VoiceAssistant/.gradle/8.7/checksums)" [_thread_blocked, id=1852, stack(0x00007f1b3cc8e000,0x00007f1b3cd8e000)]
  0x00007f1b3084d700 JavaThread "Cache worker for cache directory md-supplier (/root/.gradle/caches/8.7/md-supplier)" [_thread_blocked, id=1853, stack(0x00007f1b3cb8d000,0x00007f1b3cc8d000)]
  0x00007f1b30856970 JavaThread "Cache worker for cache directory md-rule (/root/.gradle/caches/8.7/md-rule)" [_thread_blocked, id=1854, stack(0x00007f1b3ca8c000,0x00007f1b3cb8c000)]
  0x00007f1b308c0ba0 JavaThread "Cache worker for file content cache (/root/.gradle/caches/8.7/fileContent)" [_thread_blocked, id=1855, stack(0x00007f1b3c98b000,0x00007f1b3ca8b000)]
  0x00007f1b30eac420 JavaThread "Cache worker for Build Output Cleanup Cache (/workspace/VoiceAssistant/.gradle/buildOutputCleanup)" [_thread_blocked, id=1863, stack(0x00007f1b3c88a000,0x00007f1b3c98a000)]
  0x00007f1b30f933b0 JavaThread "Unconstrained build operations" [_thread_blocked, id=1867, stack(0x00007f1b3c789000,0x00007f1b3c889000)]
  0x00007f1b30fa7960 JavaThread "Unconstrained build operations Thread 2" [_thread_blocked, id=1868, stack(0x00007f1b3c688000,0x00007f1b3c788000)]
  0x00007f1b3170a330 JavaThread "Memory manager" [_thread_blocked, id=1875, stack(0x00007f1b3c587000,0x00007f1b3c687000)]
  0x00007f1b31700090 JavaThread "build event listener" [_thread_blocked, id=1880, stack(0x00007f1b3c486000,0x00007f1b3c586000)]
  0x00007f1b3218bbd0 JavaThread "included builds" [_thread_blocked, id=1896, stack(0x00007f1b3c13f000,0x00007f1b3c23f000)]
  0x00007f1b380164b0 JavaThread "Execution worker" [_thread_blocked, id=1897, stack(0x00007f1b3c03e000,0x00007f1b3c13e000)]
  0x00007f1b4401a960 JavaThread "Cache worker for execution history cache (/workspace/VoiceAssistant/.gradle/8.7/executionHistory)" [_thread_blocked, id=1898, stack(0x00007f1b3c385000,0x00007f1b3c485000)]
  0x00007f1b4408a4a0 JavaThread "Unconstrained build operations Thread 3" [_thread_blocked, id=1900, stack(0x00007f1b3c284000,0x00007f1b3c384000)]
  0x00007f1b440a3b10 JavaThread "Unconstrained build operations Thread 4" [_thread_blocked, id=1902, stack(0x00007f1b14f00000,0x00007f1b15000000)]
  0x00007f1b4408f850 JavaThread "Unconstrained build operations Thread 5" [_thread_blocked, id=1904, stack(0x00007f1b14dff000,0x00007f1b14eff000)]
  0x00007f1b440a5a10 JavaThread "Unconstrained build operations Thread 6" [_thread_blocked, id=1905, stack(0x00007f1b14cfe000,0x00007f1b14dfe000)]
  0x00007f1b4408eb10 JavaThread "Unconstrained build operations Thread 7" [_thread_blocked, id=1906, stack(0x00007f1b14bfd000,0x00007f1b14cfd000)]
  0x00007f1b380813e0 JavaThread "Unconstrained build operations Thread 8" [_thread_blocked, id=1908, stack(0x00007f1b14afc000,0x00007f1b14bfc000)]
  0x00007f1b380910b0 JavaThread "Unconstrained build operations Thread 9" [_thread_blocked, id=1909, stack(0x00007f1b149fb000,0x00007f1b14afb000)]
  0x00007f1b380923e0 JavaThread "Unconstrained build operations Thread 10" [_thread_blocked, id=1910, stack(0x00007f1b148fa000,0x00007f1b149fa000)]
  0x00007f1b44051740 JavaThread "Unconstrained build operations Thread 11" [_thread_blocked, id=1911, stack(0x00007f1b147f9000,0x00007f1b148f9000)]
  0x00007f1b4402f210 JavaThread "Unconstrained build operations Thread 12" [_thread_blocked, id=1913, stack(0x00007f1b146f8000,0x00007f1b147f8000)]
  0x00007f1b440302a0 JavaThread "Unconstrained build operations Thread 13" [_thread_blocked, id=1914, stack(0x00007f1b145f7000,0x00007f1b146f7000)]
  0x00007f1b44034920 JavaThread "Unconstrained build operations Thread 14" [_thread_blocked, id=1915, stack(0x00007f1b144f6000,0x00007f1b145f6000)]
  0x00007f1b441698c0 JavaThread "WorkerExecutor Queue" [_thread_blocked, id=1918, stack(0x00007f1b143f5000,0x00007f1b144f5000)]
  0x00007f1b38044440 JavaThread "Unconstrained build operations Thread 15" [_thread_blocked, id=1919, stack(0x00007f1b142f4000,0x00007f1b143f4000)]
  0x00007f1b3804acd0 JavaThread "Unconstrained build operations Thread 16" [_thread_blocked, id=1920, stack(0x00007f1b141f3000,0x00007f1b142f3000)]
  0x00007f1b31646a50 JavaThread "RMI Scheduler(0)" daemon [_thread_blocked, id=1921, stack(0x00007f1b140f2000,0x00007f1b141f2000)]
  0x00007f1b38045fe0 JavaThread "Unconstrained build operations Thread 17" [_thread_blocked, id=1942, stack(0x00007f1aeb900000,0x00007f1aeba00000)]
  0x00007f1b30647e00 JavaThread "RMI GC Daemon" daemon [_thread_blocked, id=1960, stack(0x00007f1aebf00000,0x00007f1aec000000)]
  0x00007f1b3205bfa0 JavaThread "RMI RenewClean-[127.0.0.1:17407,org.jetbrains.kotlin.daemon.common.LoopbackNetworkInterface$ClientLoopbackSocketFactory@3cd9940d]" daemon [_thread_blocked, id=1965, stack(0x00007f1aebdff000,0x00007f1aebeff000)]
  0x00007f1b3217ad80 JavaThread "RMI TCP Accept-0" daemon [_thread_in_native, id=1970, stack(0x00007f1aeb7ff000,0x00007f1aeb8ff000)]
  0x00007f1b3217be40 JavaThread "RMI Reaper" [_thread_blocked, id=1971, stack(0x00007f1aeb6fe000,0x00007f1aeb7fe000)]
  0x00007f1b3833e300 JavaThread "WorkerExecutor Queue Thread 2" [_thread_blocked, id=2383, stack(0x00007f1aeb4fc000,0x00007f1aeb5fc000)]
  0x00007f1b383dbb00 JavaThread "ForkJoinPool-1-worker-1" daemon [_thread_blocked, id=2388, stack(0x00007f1aeb5fd000,0x00007f1aeb6fd000)]
  0x00007f1b4419ff00 JavaThread "ForkJoinPool-1-worker-2" daemon [_thread_blocked, id=2389, stack(0x00007f1aeb3fb000,0x00007f1aeb4fb000)]

Other Threads:
=>0x00007f1b640a6e60 VMThread "VM Thread" [stack: 0x00007f1b4cee9000,0x00007f1b4cfe9000] [id=1813]
  0x00007f1b6401cb30 WatcherThread [stack: 0x00007f1b4c387000,0x00007f1b4c487000] [id=1825]
  0x00007f1b64056d80 GCTaskThread "GC Thread#0" [stack: 0x00007f1b6831c000,0x00007f1b6841c000] [id=1808]
  0x00007f1b100047b0 GCTaskThread "GC Thread#1" [stack: 0x00007f1b4c286000,0x00007f1b4c386000] [id=1826]
  0x00007f1b64060360 ConcurrentGCThread "G1 Main Marker" [stack: 0x00007f1b6821b000,0x00007f1b6831b000] [id=1809]
  0x00007f1b640612d0 ConcurrentGCThread "G1 Conc#0" [stack: 0x00007f1b6811a000,0x00007f1b6821a000] [id=1810]
  0x00007f1b6407ff00 ConcurrentGCThread "G1 Refine#0" [stack: 0x00007f1b4d310000,0x00007f1b4d410000] [id=1811]
  0x00007f1b381d41b0 ConcurrentGCThread "G1 Refine#1" [stack: 0x00007f1aebcfe000,0x00007f1aebdfe000] [id=1983]
  0x00007f1b64080e00 ConcurrentGCThread "G1 Service" [stack: 0x00007f1b4d20f000,0x00007f1b4d30f000] [id=1812]

Threads with active compile tasks:
C2 CompilerThread0  272132 23421       4       com.android.tools.r8.dex.L::a (793 bytes)

VM state: at safepoint (normal execution)

VM Mutex/Monitor currently owned by a thread:  ([mutex/lock_event])
[0x00007f1b640175b0] Threads_lock - owner thread: 0x00007f1b640a6e60
[0x00007f1b64017d60] Heap_lock - owner thread: 0x00007f1b6524ead0

Heap address: 0x00000000c0000000, size: 1024 MB, Compressed Oops mode: 32-bit

CDS archive(s) mapped at: [0x00007f1b15000000-0x00007f1b15bca000-0x00007f1b15bca000), size 12361728, SharedBaseAddress: 0x00007f1b15000000, ArchiveRelocationMode: 1.
Compressed class space mapped at: 0x00007f1b16000000-0x00007f1b30000000, reserved size: 436207616
Narrow klass base: 0x00007f1b15000000, Narrow klass shift: 0, Narrow klass range: 0x100000000

GC Precious Log:
 CPUs: 2 total, 2 available
 Memory: 2048M
 Large Page Support: Disabled
 NUMA Support: Disabled
 Compressed Oops: Enabled (32-bit)
 Heap Region Size: 1M
 Heap Min Capacity: 8M
 Heap Initial Capacity: 32M
 Heap Max Capacity: 1G
 Pre-touch: Disabled
 Parallel Workers: 2
 Concurrent Workers: 1
 Concurrent Refinement Workers: 2
 Periodic GC: Disabled

Heap:
 garbage-first heap   total 849920K, used 693172K [0x00000000c0000000, 0x0000000100000000)
  region size 1024K, 1 young (1024K), 1 survivors (1024K)
 Metaspace       used 112795K, committed 113600K, reserved 557056K
  class space    used 15522K, committed 15936K, reserved 425984K

Heap Regions: E=young(eden), S=young(survivor), O=old, HS=humongous(starts), HC=humongous(continues), CS=collection set, F=free, OA=open archive, CA=closed archive, TAMS=top-at-mark-start (previous, next)
|   0|0x00000000c0000000, 0x00000000c0100000, 0x00000000c0100000|100%| O|  |TAMS 0x00000000c0100000, 0x00000000c0100000| Untracked 
|   1|0x00000000c0100000, 0x00000000c0200000, 0x00000000c0200000|100%| O|  |TAMS 0x00000000c0200000, 0x00000000c0200000| Untracked 
|   2|0x00000000c0200000, 0x00000000c0300000, 0x00000000c0300000|100%| O|  |TAMS 0x00000000c0300000, 0x00000000c0300000| Untracked 
|   3|0x00000000c0300000, 0x00000000c0400000, 0x00000000c0400000|100%|HS|  |TAMS 0x00000000c0400000, 0x00000000c0400000| Complete 
|   4|0x00000000c0400000, 0x00000000c0500000, 0x00000000c0500000|100%|HC|  |TAMS 0x00000000c0500000, 0x00000000c0500000| Complete 
|   5|0x00000000c0500000, 0x00000000c0600000, 0x00000000c0600000|100%|HC|  |TAMS 0x00000000c0600000, 0x00000000c0600000| Complete 
|   6|0x00000000c0600000, 0x00000000c0700000, 0x00000000c0700000|100%|HC|  |TAMS 0x00000000c0700000, 0x00000000c0700000| Complete 
|   7|0x00000000c0700000, 0x00000000c0800000, 0x00000000c0800000|100%| O|  |TAMS 0x00000000c0800000, 0x00000000c0800000| Untracked 
|   8|0x00000000c0800000, 0x00000000c0900000, 0x00000000c0900000|100%| O|  |TAMS 0x00000000c0900000, 0x00000000c0900000| Untracked 
|   9|0x00000000c0900000, 0x00000000c0a00000, 0x00000000c0a00000|100%| O|  |TAMS 0x00000000c0a00000, 0x00000000c0a00000| Untracked 
|  10|0x00000000c0a00000, 0x00000000c0b00000, 0x00000000c0b00000|100%| O|  |TAMS 0x00000000c0b00000, 0x00000000c0b00000| Untracked 
|  11|0x00000000c0b00000, 0x00000000c0c00000, 0x00000000c0c00000|100%| O|  |TAMS 0x00000000c0c00000, 0x00000000c0c00000| Untracked 
|  12|0x00000000c0c00000, 0x00000000c0d00000, 0x00000000c0d00000|100%| O|  |TAMS 0x00000000c0d00000, 0x00000000c0d00000| Untracked 
|  13|0x00000000c0d00000, 0x00000000c0e00000, 0x00000000c0e00000|100%| O|  |TAMS 0x00000000c0e00000, 0x00000000c0e00000| Untracked 
|  14|0x00000000c0e00000, 0x00000000c0f00000, 0x00000000c0f00000|100%| O|  |TAMS 0x00000000c0f00000, 0x00000000c0f00000| Untracked 
|  15|0x00000000c0f00000, 0x00000000c1000000, 0x00000000c1000000|100%| O|  |TAMS 0x00000000c1000000, 0x00000000c1000000| Untracked 
|  16|0x00000000c1000000, 0x00000000c1100000, 0x00000000c1100000|100%| O|  |TAMS 0x00000000c1100000, 0x00000000c1100000| Untracked 
|  17|0x00000000c1100000, 0x00000000c1200000, 0x00000000c1200000|100%| O|  |TAMS 0x00000000c1200000, 0x00000000c1200000| Untracked 
|  18|0x00000000c1200000, 0x00000000c1300000, 0x00000000c1300000|100%| O|  |TAMS 0x00000000c1300000, 0x00000000c1300000| Untracked 
|  19|0x00000000c1300000, 0x00000000c1400000, 0x00000000c1400000|100%| O|  |TAMS 0x00000000c1400000, 0x00000000c1400000| Untracked 
|  20|0x00000000c1400000, 0x00000000c1500000, 0x00000000c1500000|100%| O|  |TAMS 0x00000000c1500000, 0x00000000c1500000| Untracked 
|  21|0x00000000c1500000, 0x00000000c1600000, 0x00000000c1600000|100%| O|  |TAMS 0x00000000c1600000, 0x00000000c1600000| Untracked 
|  22|0x00000000c1600000, 0x00000000c1700000, 0x00000000c1700000|100%| O|  |TAMS 0x00000000c1700000, 0x00000000c1700000| Untracked 
|  23|0x00000000c1700000, 0x00000000c1800000, 0x00000000c1800000|100%| O|  |TAMS 0x00000000c1800000, 0x00000000c1800000| Untracked 
|  24|0x00000000c1800000, 0x00000000c1900000, 0x00000000c1900000|100%| O|  |TAMS 0x00000000c1900000, 0x00000000c1900000| Untracked 
|  25|0x00000000c1900000, 0x00000000c1a00000, 0x00000000c1a00000|100%| O|  |TAMS 0x00000000c1a00000, 0x00000000c1a00000| Untracked 
|  26|0x00000000c1a00000, 0x00000000c1b00000, 0x00000000c1b00000|100%| O|  |TAMS 0x00000000c1b00000, 0x00000000c1b00000| Untracked 
|  27|0x00000000c1b00000, 0x00000000c1c00000, 0x00000000c1c00000|100%| O|  |TAMS 0x00000000c1c00000, 0x00000000c1c00000| Untracked 
|  28|0x00000000c1c00000, 0x00000000c1d00000, 0x00000000c1d00000|100%| O|  |TAMS 0x00000000c1d00000, 0x00000000c1d00000| Untracked 
|  29|0x00000000c1d00000, 0x00000000c1e00000, 0x00000000c1e00000|100%| O|  |TAMS 0x00000000c1e00000, 0x00000000c1e00000| Untracked 
|  30|0x00000000c1e00000, 0x00000000c1f00000, 0x00000000c1f00000|100%| O|  |TAMS 0x00000000c1f00000, 0x00000000c1f00000| Untracked 
|  31|0x00000000c1f00000, 0x00000000c2000000, 0x00000000c2000000|100%| O|  |TAMS 0x00000000c2000000, 0x00000000c2000000| Untracked 
|  32|0x00000000c2000000, 0x00000000c2100000, 0x00000000c2100000|100%| O|  |TAMS 0x00000000c2100000, 0x00000000c2100000| Untracked 
|  33|0x00000000c2100000, 0x00000000c2200000, 0x00000000c2200000|100%|HS|  |TAMS 0x00000000c2200000, 0x00000000c2200000| Complete 
|  34|0x00000000c2200000, 0x00000000c2300000, 0x00000000c2300000|100%|HS|  |TAMS 0x00000000c2300000, 0x00000000c2300000| Complete 
|  35|0x00000000c2300000, 0x00000000c2400000, 0x00000000c2400000|100%|HS|  |TAMS 0x00000000c2400000, 0x00000000c2400000| Complete 
|  36|0x00000000c2400000, 0x00000000c2500000, 0x00000000c2500000|100%|HC|  |TAMS 0x00000000c2500000, 0x00000000c2500000| Complete 
|  37|0x00000000c2500000, 0x00000000c2600000, 0x00000000c2600000|100%|HS|  |TAMS 0x00000000c2600000, 0x00000000c2600000| Complete 
|  38|0x00000000c2600000, 0x00000000c2700000, 0x00000000c2700000|100%|HC|  |TAMS 0x00000000c2700000, 0x00000000c2700000| Complete 
|  39|0x00000000c2700000, 0x00000000c2800000, 0x00000000c2800000|100%|HS|  |TAMS 0x00000000c2800000, 0x00000000c2800000| Complete 
|  40|0x00000000c2800000, 0x00000000c2900000, 0x00000000c2900000|100%|HS|  |TAMS 0x00000000c2900000, 0x00000000c2900000| Complete 
|  41|0x00000000c2900000, 0x00000000c2a00000, 0x00000000c2a00000|100%|HC|  |TAMS 0x00000000c2a00000, 0x00000000c2a00000| Complete 
|  42|0x00000000c2a00000, 0x00000000c2b00000, 0x00000000c2b00000|100%|HC|  |TAMS 0x00000000c2b00000, 0x00000000c2b00000| Complete 
|  43|0x00000000c2b00000, 0x00000000c2c00000, 0x00000000c2c00000|100%|HC|  |TAMS 0x00000000c2c00000, 0x00000000c2c00000| Complete 
|  44|0x00000000c2c00000, 0x00000000c2d00000, 0x00000000c2d00000|100%| O|  |TAMS 0x00000000c2d00000, 0x00000000c2d00000| Untracked 
|  45|0x00000000c2d00000, 0x00000000c2e00000, 0x00000000c2e00000|100%| O|  |TAMS 0x00000000c2e00000, 0x00000000c2e00000| Untracked 
|  46|0x00000000c2e00000, 0x00000000c2f00000, 0x00000000c2f00000|100%| O|  |TAMS 0x00000000c2f00000, 0x00000000c2f00000| Untracked 
|  47|0x00000000c2f00000, 0x00000000c3000000, 0x00000000c3000000|100%| O|  |TAMS 0x00000000c3000000, 0x00000000c3000000| Untracked 
|  48|0x00000000c3000000, 0x00000000c3100000, 0x00000000c3100000|100%| O|  |TAMS 0x00000000c3100000, 0x00000000c3100000| Untracked 
|  49|0x00000000c3100000, 0x00000000c3200000, 0x00000000c3200000|100%|HS|  |TAMS 0x00000000c3200000, 0x00000000c3200000| Complete 
|  50|0x00000000c3200000, 0x00000000c3300000, 0x00000000c3300000|100%| O|  |TAMS 0x00000000c3300000, 0x00000000c3300000| Untracked 
|  51|0x00000000c3300000, 0x00000000c3400000, 0x00000000c3400000|100%|HS|  |TAMS 0x00000000c3400000, 0x00000000c3400000| Complete 
|  52|0x00000000c3400000, 0x00000000c3500000, 0x00000000c3500000|100%| O|  |TAMS 0x00000000c3500000, 0x00000000c3500000| Untracked 
|  53|0x00000000c3500000, 0x00000000c3600000, 0x00000000c3600000|100%| O|  |TAMS 0x00000000c3600000, 0x00000000c3600000| Untracked 
|  54|0x00000000c3600000, 0x00000000c3700000, 0x00000000c3700000|100%| O|  |TAMS 0x00000000c3700000, 0x00000000c3700000| Untracked 
|  55|0x00000000c3700000, 0x00000000c3800000, 0x00000000c3800000|100%|HS|  |TAMS 0x00000000c3800000, 0x00000000c3800000| Complete 
|  56|0x00000000c3800000, 0x00000000c3900000, 0x00000000c3900000|100%| O|  |TAMS 0x00000000c3900000, 0x00000000c3900000| Untracked 
|  57|0x00000000c3900000, 0x00000000c3a00000, 0x00000000c3a00000|100%| O|  |TAMS 0x00000000c3a00000, 0x00000000c3a00000| Untracked 
|  58|0x00000000c3a00000, 0x00000000c3b00000, 0x00000000c3b00000|100%| O|  |TAMS 0x00000000c3b00000, 0x00000000c3b00000| Untracked 
|  59|0x00000000c3b00000, 0x00000000c3c00000, 0x00000000c3c00000|100%| O|  |TAMS 0x00000000c3c00000, 0x00000000c3c00000| Untracked 
|  60|0x00000000c3c00000, 0x00000000c3d00000, 0x00000000c3d00000|100%| O|  |TAMS 0x00000000c3d00000, 0x00000000c3d00000| Untracked 
|  61|0x00000000c3d00000, 0x00000000c3e00000, 0x00000000c3e00000|100%|HS|  |TAMS 0x00000000c3e00000, 0x00000000c3e00000| Complete 
|  62|0x00000000c3e00000, 0x00000000c3f00000, 0x00000000c3f00000|100%| O|  |TAMS 0x00000000c3f00000, 0x00000000c3f00000| Untracked 
|  63|0x00000000c3f00000, 0x00000000c4000000, 0x00000000c4000000|100%| O|  |TAMS 0x00000000c4000000, 0x00000000c4000000| Untracked 
|  64|0x00000000c4000000, 0x00000000c4100000, 0x00000000c4100000|100%|HS|  |TAMS 0x00000000c4100000, 0x00000000c4100000| Complete 
|  65|0x00000000c4100000, 0x00000000c4200000, 0x00000000c4200000|100%|HC|  |TAMS 0x00000000c4200000, 0x00000000c4200000| Complete 
|  66|0x00000000c4200000, 0x00000000c4300000, 0x00000000c4300000|100%|HC|  |TAMS 0x00000000c4300000, 0x00000000c4300000| Complete 
|  67|0x00000000c4300000, 0x00000000c4400000, 0x00000000c4400000|100%|HC|  |TAMS 0x00000000c4400000, 0x00000000c4400000| Complete 
|  68|0x00000000c4400000, 0x00000000c4500000, 0x00000000c4500000|100%| O|  |TAMS 0x00000000c4500000, 0x00000000c4500000| Untracked 
|  69|0x00000000c4500000, 0x00000000c4600000, 0x00000000c4600000|100%| O|  |TAMS 0x00000000c4600000, 0x00000000c4600000| Untracked 
|  70|0x00000000c4600000, 0x00000000c4700000, 0x00000000c4700000|100%| O|  |TAMS 0x00000000c4700000, 0x00000000c4700000| Untracked 
|  71|0x00000000c4700000, 0x00000000c4800000, 0x00000000c4800000|100%| O|  |TAMS 0x00000000c4800000, 0x00000000c4800000| Untracked 
|  72|0x00000000c4800000, 0x00000000c4900000, 0x00000000c4900000|100%| O|  |TAMS 0x00000000c4900000, 0x00000000c4900000| Untracked 
|  73|0x00000000c4900000, 0x00000000c4a00000, 0x00000000c4a00000|100%| O|  |TAMS 0x00000000c4a00000, 0x00000000c4a00000| Untracked 
|  74|0x00000000c4a00000, 0x00000000c4b00000, 0x00000000c4b00000|100%| O|  |TAMS 0x00000000c4b00000, 0x00000000c4b00000| Untracked 
|  75|0x00000000c4b00000, 0x00000000c4c00000, 0x00000000c4c00000|100%| O|  |TAMS 0x00000000c4c00000, 0x00000000c4c00000| Untracked 
|  76|0x00000000c4c00000, 0x00000000c4d00000, 0x00000000c4d00000|100%| O|  |TAMS 0x00000000c4d00000, 0x00000000c4d00000| Untracked 
|  77|0x00000000c4d00000, 0x00000000c4e00000, 0x00000000c4e00000|100%| O|  |TAMS 0x00000000c4e00000, 0x00000000c4e00000| Untracked 
|  78|0x00000000c4e00000, 0x00000000c4f00000, 0x00000000c4f00000|100%| O|  |TAMS 0x00000000c4f00000, 0x00000000c4f00000| Untracked 
|  79|0x00000000c4f00000, 0x00000000c5000000, 0x00000000c5000000|100%| O|  |TAMS 0x00000000c5000000, 0x00000000c5000000| Untracked 
|  80|0x00000000c5000000, 0x00000000c5100000, 0x00000000c5100000|100%| O|  |TAMS 0x00000000c5100000, 0x00000000c5100000| Untracked 
|  81|0x00000000c5100000, 0x00000000c5200000, 0x00000000c5200000|100%| O|  |TAMS 0x00000000c5200000, 0x00000000c5200000| Untracked 
|  82|0x00000000c5200000, 0x00000000c5300000, 0x00000000c5300000|100%| O|  |TAMS 0x00000000c5300000, 0x00000000c5300000| Untracked 
|  83|0x00000000c5300000, 0x00000000c5400000, 0x00000000c5400000|100%| O|  |TAMS 0x00000000c5400000, 0x00000000c5400000| Untracked 
|  84|0x00000000c5400000, 0x00000000c5500000, 0x00000000c5500000|100%| O|  |TAMS 0x00000000c5500000, 0x00000000c5500000| Untracked 
|  85|0x00000000c5500000, 0x00000000c5600000, 0x00000000c5600000|100%| O|  |TAMS 0x00000000c5600000, 0x00000000c5600000| Untracked 
|  86|0x00000000c5600000, 0x00000000c5700000, 0x00000000c5700000|100%| O|  |TAMS 0x00000000c5700000, 0x00000000c5700000| Untracked 
|  87|0x00000000c5700000, 0x00000000c5800000, 0x00000000c5800000|100%| O|  |TAMS 0x00000000c5800000, 0x00000000c5800000| Untracked 
|  88|0x00000000c5800000, 0x00000000c5900000, 0x00000000c5900000|100%| O|  |TAMS 0x00000000c5900000, 0x00000000c5900000| Untracked 
|  89|0x00000000c5900000, 0x00000000c5a00000, 0x00000000c5a00000|100%| O|  |TAMS 0x00000000c5a00000, 0x00000000c5a00000| Untracked 
|  90|0x00000000c5a00000, 0x00000000c5b00000, 0x00000000c5b00000|100%| O|  |TAMS 0x00000000c5b00000, 0x00000000c5b00000| Untracked 
|  91|0x00000000c5b00000, 0x00000000c5c00000, 0x00000000c5c00000|100%| O|  |TAMS 0x00000000c5c00000, 0x00000000c5c00000| Untracked 
|  92|0x00000000c5c00000, 0x00000000c5d00000, 0x00000000c5d00000|100%| O|  |TAMS 0x00000000c5d00000, 0x00000000c5d00000| Untracked 
|  93|0x00000000c5d00000, 0x00000000c5e00000, 0x00000000c5e00000|100%| O|  |TAMS 0x00000000c5e00000, 0x00000000c5e00000| Untracked 
|  94|0x00000000c5e00000, 0x00000000c5f00000, 0x00000000c5f00000|100%| O|  |TAMS 0x00000000c5f00000, 0x00000000c5f00000| Untracked 
|  95|0x00000000c5f00000, 0x00000000c6000000, 0x00000000c6000000|100%| O|  |TAMS 0x00000000c6000000, 0x00000000c6000000| Untracked 
|  96|0x00000000c6000000, 0x00000000c6100000, 0x00000000c6100000|100%| O|  |TAMS 0x00000000c6100000, 0x00000000c6100000| Untracked 
|  97|0x00000000c6100000, 0x00000000c6200000, 0x00000000c6200000|100%| O|  |TAMS 0x00000000c6200000, 0x00000000c6200000| Untracked 
|  98|0x00000000c6200000, 0x00000000c6300000, 0x00000000c6300000|100%| O|  |TAMS 0x00000000c6300000, 0x00000000c6300000| Untracked 
|  99|0x00000000c6300000, 0x00000000c6400000, 0x00000000c6400000|100%| O|  |TAMS 0x00000000c6400000, 0x00000000c6400000| Untracked 
| 100|0x00000000c6400000, 0x00000000c6500000, 0x00000000c6500000|100%| O|  |TAMS 0x00000000c6500000, 0x00000000c6500000| Untracked 
| 101|0x00000000c6500000, 0x00000000c6600000, 0x00000000c6600000|100%| O|  |TAMS 0x00000000c6600000, 0x00000000c6600000| Untracked 
| 102|0x00000000c6600000, 0x00000000c6700000, 0x00000000c6700000|100%| O|  |TAMS 0x00000000c6700000, 0x00000000c6700000| Untracked 
| 103|0x00000000c6700000, 0x00000000c6800000, 0x00000000c6800000|100%| O|  |TAMS 0x00000000c6800000, 0x00000000c6800000| Untracked 
| 104|0x00000000c6800000, 0x00000000c6900000, 0x00000000c6900000|100%| O|  |TAMS 0x00000000c6900000, 0x00000000c6900000| Untracked 
| 105|0x00000000c6900000, 0x00000000c6a00000, 0x00000000c6a00000|100%| O|  |TAMS 0x00000000c6a00000, 0x00000000c6a00000| Untracked 
| 106|0x00000000c6a00000, 0x00000000c6b00000, 0x00000000c6b00000|100%| O|  |TAMS 0x00000000c6b00000, 0x00000000c6b00000| Untracked 
| 107|0x00000000c6b00000, 0x00000000c6c00000, 0x00000000c6c00000|100%| O|  |TAMS 0x00000000c6c00000, 0x00000000c6c00000| Untracked 
| 108|0x00000000c6c00000, 0x00000000c6d00000, 0x00000000c6d00000|100%| O|  |TAMS 0x00000000c6d00000, 0x00000000c6d00000| Untracked 
| 109|0x00000000c6d00000, 0x00000000c6e00000, 0x00000000c6e00000|100%| O|  |TAMS 0x00000000c6e00000, 0x00000000c6e00000| Untracked 
| 110|0x00000000c6e00000, 0x00000000c6f00000, 0x00000000c6f00000|100%| O|  |TAMS 0x00000000c6f00000, 0x00000000c6f00000| Untracked 
| 111|0x00000000c6f00000, 0x00000000c7000000, 0x00000000c7000000|100%| O|  |TAMS 0x00000000c7000000, 0x00000000c7000000| Untracked 
| 112|0x00000000c7000000, 0x00000000c7100000, 0x00000000c7100000|100%| O|  |TAMS 0x00000000c7100000, 0x00000000c7100000| Untracked 
| 113|0x00000000c7100000, 0x00000000c7200000, 0x00000000c7200000|100%| O|  |TAMS 0x00000000c7200000, 0x00000000c7200000| Untracked 
| 114|0x00000000c7200000, 0x00000000c7300000, 0x00000000c7300000|100%| O|  |TAMS 0x00000000c7300000, 0x00000000c7300000| Untracked 
| 115|0x00000000c7300000, 0x00000000c7400000, 0x00000000c7400000|100%| O|  |TAMS 0x00000000c7400000, 0x00000000c7400000| Untracked 
| 116|0x00000000c7400000, 0x00000000c7500000, 0x00000000c7500000|100%| O|  |TAMS 0x00000000c7500000, 0x00000000c7500000| Untracked 
| 117|0x00000000c7500000, 0x00000000c7600000, 0x00000000c7600000|100%| O|  |TAMS 0x00000000c7600000, 0x00000000c7600000| Untracked 
| 118|0x00000000c7600000, 0x00000000c7700000, 0x00000000c7700000|100%| O|  |TAMS 0x00000000c7700000, 0x00000000c7700000| Untracked 
| 119|0x00000000c7700000, 0x00000000c7800000, 0x00000000c7800000|100%| O|  |TAMS 0x00000000c7800000, 0x00000000c7800000| Untracked 
| 120|0x00000000c7800000, 0x00000000c7900000, 0x00000000c7900000|100%| O|  |TAMS 0x00000000c7900000, 0x00000000c7900000| Untracked 
| 121|0x00000000c7900000, 0x00000000c7a00000, 0x00000000c7a00000|100%| O|  |TAMS 0x00000000c7900000, 0x00000000c7a00000| Untracked 
| 122|0x00000000c7a00000, 0x00000000c7b00000, 0x00000000c7b00000|100%| O|  |TAMS 0x00000000c7b00000, 0x00000000c7b00000| Untracked 
| 123|0x00000000c7b00000, 0x00000000c7c00000, 0x00000000c7c00000|100%| O|  |TAMS 0x00000000c7c00000, 0x00000000c7c00000| Untracked 
| 124|0x00000000c7c00000, 0x00000000c7d00000, 0x00000000c7d00000|100%| O|  |TAMS 0x00000000c7d00000, 0x00000000c7d00000| Untracked 
| 125|0x00000000c7d00000, 0x00000000c7e00000, 0x00000000c7e00000|100%| O|  |TAMS 0x00000000c7e00000, 0x00000000c7e00000| Untracked 
| 126|0x00000000c7e00000, 0x00000000c7f00000, 0x00000000c7f00000|100%| O|  |TAMS 0x00000000c7f00000, 0x00000000c7f00000| Untracked 
| 127|0x00000000c7f00000, 0x00000000c8000000, 0x00000000c8000000|100%| O|  |TAMS 0x00000000c8000000, 0x00000000c8000000| Untracked 
| 128|0x00000000c8000000, 0x00000000c8100000, 0x00000000c8100000|100%| O|  |TAMS 0x00000000c8100000, 0x00000000c8100000| Untracked 
| 129|0x00000000c8100000, 0x00000000c8200000, 0x00000000c8200000|100%| O|  |TAMS 0x00000000c8200000, 0x00000000c8200000| Untracked 
| 130|0x00000000c8200000, 0x00000000c8300000, 0x00000000c8300000|100%| O|  |TAMS 0x00000000c8200000, 0x00000000c8300000| Untracked 
| 131|0x00000000c8300000, 0x00000000c8400000, 0x00000000c8400000|100%| O|  |TAMS 0x00000000c8400000, 0x00000000c8400000| Untracked 
| 132|0x00000000c8400000, 0x00000000c8500000, 0x00000000c8500000|100%| O|  |TAMS 0x00000000c8500000, 0x00000000c8500000| Untracked 
| 133|0x00000000c8500000, 0x00000000c8600000, 0x00000000c8600000|100%| O|  |TAMS 0x00000000c8600000, 0x00000000c8600000| Untracked 
| 134|0x00000000c8600000, 0x00000000c8700000, 0x00000000c8700000|100%| O|  |TAMS 0x00000000c8700000, 0x00000000c8700000| Untracked 
| 135|0x00000000c8700000, 0x00000000c8800000, 0x00000000c8800000|100%| O|  |TAMS 0x00000000c8800000, 0x00000000c8800000| Untracked 
| 136|0x00000000c8800000, 0x00000000c8900000, 0x00000000c8900000|100%| O|  |TAMS 0x00000000c8900000, 0x00000000c8900000| Untracked 
| 137|0x00000000c8900000, 0x00000000c8a00000, 0x00000000c8a00000|100%| O|  |TAMS 0x00000000c8a00000, 0x00000000c8a00000| Untracked 
| 138|0x00000000c8a00000, 0x00000000c8b00000, 0x00000000c8b00000|100%| O|  |TAMS 0x00000000c8b00000, 0x00000000c8b00000| Untracked 
| 139|0x00000000c8b00000, 0x00000000c8c00000, 0x00000000c8c00000|100%| O|  |TAMS 0x00000000c8c00000, 0x00000000c8c00000| Untracked 
| 140|0x00000000c8c00000, 0x00000000c8d00000, 0x00000000c8d00000|100%| O|  |TAMS 0x00000000c8d00000, 0x00000000c8d00000| Untracked 
| 141|0x00000000c8d00000, 0x00000000c8e00000, 0x00000000c8e00000|100%| O|  |TAMS 0x00000000c8e00000, 0x00000000c8e00000| Untracked 
| 142|0x00000000c8e00000, 0x00000000c8f00000, 0x00000000c8f00000|100%| O|  |TAMS 0x00000000c8f00000, 0x00000000c8f00000| Untracked 
| 143|0x00000000c8f00000, 0x00000000c9000000, 0x00000000c9000000|100%| O|  |TAMS 0x00000000c9000000, 0x00000000c9000000| Untracked 
| 144|0x00000000c9000000, 0x00000000c9100000, 0x00000000c9100000|100%| O|  |TAMS 0x00000000c9100000, 0x00000000c9100000| Untracked 
| 145|0x00000000c9100000, 0x00000000c9200000, 0x00000000c9200000|100%| O|  |TAMS 0x00000000c9200000, 0x00000000c9200000| Untracked 
| 146|0x00000000c9200000, 0x00000000c9300000, 0x00000000c9300000|100%| O|  |TAMS 0x00000000c9300000, 0x00000000c9300000| Untracked 
| 147|0x00000000c9300000, 0x00000000c9400000, 0x00000000c9400000|100%| O|  |TAMS 0x00000000c9400000, 0x00000000c9400000| Untracked 
| 148|0x00000000c9400000, 0x00000000c9500000, 0x00000000c9500000|100%| O|  |TAMS 0x00000000c9500000, 0x00000000c9500000| Untracked 
| 149|0x00000000c9500000, 0x00000000c9600000, 0x00000000c9600000|100%| O|  |TAMS 0x00000000c9600000, 0x00000000c9600000| Untracked 
| 150|0x00000000c9600000, 0x00000000c9700000, 0x00000000c9700000|100%| O|  |TAMS 0x00000000c9700000, 0x00000000c9700000| Untracked 
| 151|0x00000000c9700000, 0x00000000c9800000, 0x00000000c9800000|100%| O|  |TAMS 0x00000000c9800000, 0x00000000c9800000| Untracked 
| 152|0x00000000c9800000, 0x00000000c9900000, 0x00000000c9900000|100%| O|  |TAMS 0x00000000c9900000, 0x00000000c9900000| Untracked 
| 153|0x00000000c9900000, 0x00000000c9a00000, 0x00000000c9a00000|100%| O|  |TAMS 0x00000000c9a00000, 0x00000000c9a00000| Untracked 
| 154|0x00000000c9a00000, 0x00000000c9b00000, 0x00000000c9b00000|100%| O|  |TAMS 0x00000000c9a00000, 0x00000000c9b00000| Untracked 
| 155|0x00000000c9b00000, 0x00000000c9c00000, 0x00000000c9c00000|100%| O|  |TAMS 0x00000000c9c00000, 0x00000000c9c00000| Untracked 
| 156|0x00000000c9c00000, 0x00000000c9d00000, 0x00000000c9d00000|100%| O|  |TAMS 0x00000000c9d00000, 0x00000000c9d00000| Untracked 
| 157|0x00000000c9d00000, 0x00000000c9e00000, 0x00000000c9e00000|100%| O|  |TAMS 0x00000000c9e00000, 0x00000000c9e00000| Untracked 
| 158|0x00000000c9e00000, 0x00000000c9f00000, 0x00000000c9f00000|100%| O|  |TAMS 0x00000000c9f00000, 0x00000000c9f00000| Untracked 
| 159|0x00000000c9f00000, 0x00000000ca000000, 0x00000000ca000000|100%| O|  |TAMS 0x00000000ca000000, 0x00000000ca000000| Untracked 
| 160|0x00000000ca000000, 0x00000000ca100000, 0x00000000ca100000|100%| O|  |TAMS 0x00000000ca100000, 0x00000000ca100000| Untracked 
| 161|0x00000000ca100000, 0x00000000ca200000, 0x00000000ca200000|100%| O|  |TAMS 0x00000000ca200000, 0x00000000ca200000| Untracked 
| 162|0x00000000ca200000, 0x00000000ca300000, 0x00000000ca300000|100%| O|  |TAMS 0x00000000ca280000, 0x00000000ca300000| Untracked 
| 163|0x00000000ca300000, 0x00000000ca400000, 0x00000000ca400000|100%| O|  |TAMS 0x00000000ca300000, 0x00000000ca400000| Untracked 
| 164|0x00000000ca400000, 0x00000000ca500000, 0x00000000ca500000|100%| O|  |TAMS 0x00000000ca400000, 0x00000000ca500000| Untracked 
| 165|0x00000000ca500000, 0x00000000ca600000, 0x00000000ca600000|100%| O|  |TAMS 0x00000000ca500000, 0x00000000ca600000| Untracked 
| 166|0x00000000ca600000, 0x00000000ca700000, 0x00000000ca700000|100%| O|  |TAMS 0x00000000ca600000, 0x00000000ca700000| Untracked 
| 167|0x00000000ca700000, 0x00000000ca800000, 0x00000000ca800000|100%| O|  |TAMS 0x00000000ca700000, 0x00000000ca800000| Untracked 
| 168|0x00000000ca800000, 0x00000000ca900000, 0x00000000ca900000|100%| O|  |TAMS 0x00000000ca800000, 0x00000000ca900000| Untracked 
| 169|0x00000000ca900000, 0x00000000caa00000, 0x00000000caa00000|100%| O|  |TAMS 0x00000000ca900000, 0x00000000caa00000| Untracked 
| 170|0x00000000caa00000, 0x00000000cab00000, 0x00000000cab00000|100%| O|  |TAMS 0x00000000caa00000, 0x00000000cab00000| Untracked 
| 171|0x00000000cab00000, 0x00000000cac00000, 0x00000000cac00000|100%| O|  |TAMS 0x00000000cab00000, 0x00000000cac00000| Untracked 
| 172|0x00000000cac00000, 0x00000000cad00000, 0x00000000cad00000|100%| O|  |TAMS 0x00000000cac00000, 0x00000000cad00000| Untracked 
| 173|0x00000000cad00000, 0x00000000cae00000, 0x00000000cae00000|100%| O|  |TAMS 0x00000000cad00000, 0x00000000cae00000| Untracked 
| 174|0x00000000cae00000, 0x00000000caf00000, 0x00000000caf00000|100%| O|  |TAMS 0x00000000cae00000, 0x00000000caf00000| Untracked 
| 175|0x00000000caf00000, 0x00000000cb000000, 0x00000000cb000000|100%| O|  |TAMS 0x00000000caf00000, 0x00000000cb000000| Untracked 
| 176|0x00000000cb000000, 0x00000000cb100000, 0x00000000cb100000|100%| O|  |TAMS 0x00000000cb000000, 0x00000000cb100000| Untracked 
| 177|0x00000000cb100000, 0x00000000cb200000, 0x00000000cb200000|100%| O|  |TAMS 0x00000000cb100000, 0x00000000cb200000| Untracked 
| 178|0x00000000cb200000, 0x00000000cb300000, 0x00000000cb300000|100%| O|  |TAMS 0x00000000cb200000, 0x00000000cb300000| Untracked 
| 179|0x00000000cb300000, 0x00000000cb400000, 0x00000000cb400000|100%| O|  |TAMS 0x00000000cb300000, 0x00000000cb400000| Untracked 
| 180|0x00000000cb400000, 0x00000000cb500000, 0x00000000cb500000|100%| O|  |TAMS 0x00000000cb400000, 0x00000000cb500000| Untracked 
| 181|0x00000000cb500000, 0x00000000cb600000, 0x00000000cb600000|100%| O|  |TAMS 0x00000000cb500000, 0x00000000cb600000| Untracked 
| 182|0x00000000cb600000, 0x00000000cb700000, 0x00000000cb700000|100%| O|  |TAMS 0x00000000cb600000, 0x00000000cb700000| Untracked 
| 183|0x00000000cb700000, 0x00000000cb800000, 0x00000000cb800000|100%| O|  |TAMS 0x00000000cb700000, 0x00000000cb800000| Untracked 
| 184|0x00000000cb800000, 0x00000000cb900000, 0x00000000cb900000|100%| O|  |TAMS 0x00000000cb800000, 0x00000000cb900000| Untracked 
| 185|0x00000000cb900000, 0x00000000cba00000, 0x00000000cba00000|100%| O|  |TAMS 0x00000000cb900000, 0x00000000cba00000| Untracked 
| 186|0x00000000cba00000, 0x00000000cbb00000, 0x00000000cbb00000|100%| O|  |TAMS 0x00000000cba00000, 0x00000000cbb00000| Untracked 
| 187|0x00000000cbb00000, 0x00000000cbc00000, 0x00000000cbc00000|100%| O|  |TAMS 0x00000000cbb00000, 0x00000000cbc00000| Untracked 
| 188|0x00000000cbc00000, 0x00000000cbd00000, 0x00000000cbd00000|100%| O|  |TAMS 0x00000000cbc00000, 0x00000000cbd00000| Untracked 
| 189|0x00000000cbd00000, 0x00000000cbe00000, 0x00000000cbe00000|100%| O|  |TAMS 0x00000000cbd00000, 0x00000000cbe00000| Untracked 
| 190|0x00000000cbe00000, 0x00000000cbf00000, 0x00000000cbf00000|100%| O|  |TAMS 0x00000000cbe00000, 0x00000000cbf00000| Untracked 
| 191|0x00000000cbf00000, 0x00000000cc000000, 0x00000000cc000000|100%| O|  |TAMS 0x00000000cbf00000, 0x00000000cc000000| Untracked 
| 192|0x00000000cc000000, 0x00000000cc100000, 0x00000000cc100000|100%| O|  |TAMS 0x00000000cc000000, 0x00000000cc100000| Untracked 
| 193|0x00000000cc100000, 0x00000000cc200000, 0x00000000cc200000|100%| O|  |TAMS 0x00000000cc100000, 0x00000000cc200000| Untracked 
| 194|0x00000000cc200000, 0x00000000cc300000, 0x00000000cc300000|100%| O|  |TAMS 0x00000000cc200000, 0x00000000cc300000| Untracked 
| 195|0x00000000cc300000, 0x00000000cc400000, 0x00000000cc400000|100%| O|  |TAMS 0x00000000cc300000, 0x00000000cc400000| Untracked 
| 196|0x00000000cc400000, 0x00000000cc500000, 0x00000000cc500000|100%| O|  |TAMS 0x00000000cc400000, 0x00000000cc500000| Untracked 
| 197|0x00000000cc500000, 0x00000000cc600000, 0x00000000cc600000|100%| O|  |TAMS 0x00000000cc500000, 0x00000000cc600000| Untracked 
| 198|0x00000000cc600000, 0x00000000cc700000, 0x00000000cc700000|100%| O|  |TAMS 0x00000000cc600000, 0x00000000cc700000| Untracked 
| 199|0x00000000cc700000, 0x00000000cc800000, 0x00000000cc800000|100%| O|  |TAMS 0x00000000cc700000, 0x00000000cc800000| Untracked 
| 200|0x00000000cc800000, 0x00000000cc900000, 0x00000000cc900000|100%| O|  |TAMS 0x00000000cc800000, 0x00000000cc900000| Untracked 
| 201|0x00000000cc900000, 0x00000000cca00000, 0x00000000cca00000|100%| O|  |TAMS 0x00000000cc900000, 0x00000000cca00000| Untracked 
| 202|0x00000000cca00000, 0x00000000ccb00000, 0x00000000ccb00000|100%| O|  |TAMS 0x00000000cca00000, 0x00000000ccb00000| Untracked 
| 203|0x00000000ccb00000, 0x00000000ccc00000, 0x00000000ccc00000|100%| O|  |TAMS 0x00000000ccb00000, 0x00000000ccc00000| Untracked 
| 204|0x00000000ccc00000, 0x00000000ccd00000, 0x00000000ccd00000|100%| O|  |TAMS 0x00000000ccc00000, 0x00000000ccd00000| Untracked 
| 205|0x00000000ccd00000, 0x00000000cce00000, 0x00000000cce00000|100%| O|  |TAMS 0x00000000ccd00000, 0x00000000cce00000| Untracked 
| 206|0x00000000cce00000, 0x00000000ccf00000, 0x00000000ccf00000|100%| O|  |TAMS 0x00000000cce00000, 0x00000000ccf00000| Untracked 
| 207|0x00000000ccf00000, 0x00000000cd000000, 0x00000000cd000000|100%| O|  |TAMS 0x00000000ccf00000, 0x00000000cd000000| Untracked 
| 208|0x00000000cd000000, 0x00000000cd100000, 0x00000000cd100000|100%| O|  |TAMS 0x00000000cd000000, 0x00000000cd100000| Untracked 
| 209|0x00000000cd100000, 0x00000000cd200000, 0x00000000cd200000|100%| O|  |TAMS 0x00000000cd100000, 0x00000000cd200000| Untracked 
| 210|0x00000000cd200000, 0x00000000cd300000, 0x00000000cd300000|100%| O|  |TAMS 0x00000000cd200000, 0x00000000cd300000| Untracked 
| 211|0x00000000cd300000, 0x00000000cd400000, 0x00000000cd400000|100%| O|  |TAMS 0x00000000cd300000, 0x00000000cd400000| Untracked 
| 212|0x00000000cd400000, 0x00000000cd500000, 0x00000000cd500000|100%| O|  |TAMS 0x00000000cd400000, 0x00000000cd500000| Untracked 
| 213|0x00000000cd500000, 0x00000000cd600000, 0x00000000cd600000|100%| O|  |TAMS 0x00000000cd500000, 0x00000000cd600000| Untracked 
| 214|0x00000000cd600000, 0x00000000cd700000, 0x00000000cd700000|100%| O|  |TAMS 0x00000000cd600000, 0x00000000cd700000| Untracked 
| 215|0x00000000cd700000, 0x00000000cd800000, 0x00000000cd800000|100%| O|  |TAMS 0x00000000cd700000, 0x00000000cd800000| Untracked 
| 216|0x00000000cd800000, 0x00000000cd900000, 0x00000000cd900000|100%| O|  |TAMS 0x00000000cd800000, 0x00000000cd900000| Untracked 
| 217|0x00000000cd900000, 0x00000000cda00000, 0x00000000cda00000|100%| O|  |TAMS 0x00000000cd900000, 0x00000000cda00000| Untracked 
| 218|0x00000000cda00000, 0x00000000cdb00000, 0x00000000cdb00000|100%| O|  |TAMS 0x00000000cda00000, 0x00000000cdb00000| Untracked 
| 219|0x00000000cdb00000, 0x00000000cdc00000, 0x00000000cdc00000|100%| O|  |TAMS 0x00000000cdb00000, 0x00000000cdc00000| Untracked 
| 220|0x00000000cdc00000, 0x00000000cdd00000, 0x00000000cdd00000|100%| O|  |TAMS 0x00000000cdc00000, 0x00000000cdd00000| Untracked 
| 221|0x00000000cdd00000, 0x00000000cde00000, 0x00000000cde00000|100%| O|  |TAMS 0x00000000cdd00000, 0x00000000cde00000| Untracked 
| 222|0x00000000cde00000, 0x00000000cdf00000, 0x00000000cdf00000|100%| O|  |TAMS 0x00000000cde00000, 0x00000000cdf00000| Untracked 
| 223|0x00000000cdf00000, 0x00000000ce000000, 0x00000000ce000000|100%| O|  |TAMS 0x00000000cdf00000, 0x00000000ce000000| Untracked 
| 224|0x00000000ce000000, 0x00000000ce100000, 0x00000000ce100000|100%| O|  |TAMS 0x00000000ce000000, 0x00000000ce100000| Untracked 
| 225|0x00000000ce100000, 0x00000000ce200000, 0x00000000ce200000|100%| O|  |TAMS 0x00000000ce100000, 0x00000000ce200000| Untracked 
| 226|0x00000000ce200000, 0x00000000ce300000, 0x00000000ce300000|100%| O|  |TAMS 0x00000000ce200000, 0x00000000ce300000| Untracked 
| 227|0x00000000ce300000, 0x00000000ce400000, 0x00000000ce400000|100%| O|  |TAMS 0x00000000ce300000, 0x00000000ce400000| Untracked 
| 228|0x00000000ce400000, 0x00000000ce500000, 0x00000000ce500000|100%| O|  |TAMS 0x00000000ce400000, 0x00000000ce500000| Untracked 
| 229|0x00000000ce500000, 0x00000000ce600000, 0x00000000ce600000|100%| O|  |TAMS 0x00000000ce500000, 0x00000000ce600000| Untracked 
| 230|0x00000000ce600000, 0x00000000ce700000, 0x00000000ce700000|100%| O|  |TAMS 0x00000000ce600000, 0x00000000ce700000| Untracked 
| 231|0x00000000ce700000, 0x00000000ce800000, 0x00000000ce800000|100%| O|  |TAMS 0x00000000ce700000, 0x00000000ce800000| Untracked 
| 232|0x00000000ce800000, 0x00000000ce900000, 0x00000000ce900000|100%| O|  |TAMS 0x00000000ce800000, 0x00000000ce900000| Untracked 
| 233|0x00000000ce900000, 0x00000000cea00000, 0x00000000cea00000|100%| O|  |TAMS 0x00000000ce900000, 0x00000000cea00000| Untracked 
| 234|0x00000000cea00000, 0x00000000ceb00000, 0x00000000ceb00000|100%| O|  |TAMS 0x00000000cea00000, 0x00000000ceb00000| Untracked 
| 235|0x00000000ceb00000, 0x00000000cec00000, 0x00000000cec00000|100%| O|  |TAMS 0x00000000ceb00000, 0x00000000cec00000| Untracked 
| 236|0x00000000cec00000, 0x00000000ced00000, 0x00000000ced00000|100%| O|  |TAMS 0x00000000cec00000, 0x00000000ced00000| Untracked 
| 237|0x00000000ced00000, 0x00000000cee00000, 0x00000000cee00000|100%| O|  |TAMS 0x00000000ced00000, 0x00000000cee00000| Untracked 
| 238|0x00000000cee00000, 0x00000000cef00000, 0x00000000cef00000|100%| O|  |TAMS 0x00000000cee00000, 0x00000000cef00000| Untracked 
| 239|0x00000000cef00000, 0x00000000cf000000, 0x00000000cf000000|100%| O|  |TAMS 0x00000000cef00000, 0x00000000cf000000| Untracked 
| 240|0x00000000cf000000, 0x00000000cf100000, 0x00000000cf100000|100%| O|  |TAMS 0x00000000cf000000, 0x00000000cf100000| Untracked 
| 241|0x00000000cf100000, 0x00000000cf200000, 0x00000000cf200000|100%| O|  |TAMS 0x00000000cf100000, 0x00000000cf200000| Untracked 
| 242|0x00000000cf200000, 0x00000000cf300000, 0x00000000cf300000|100%| O|  |TAMS 0x00000000cf200000, 0x00000000cf300000| Untracked 
| 243|0x00000000cf300000, 0x00000000cf400000, 0x00000000cf400000|100%| O|  |TAMS 0x00000000cf300000, 0x00000000cf400000| Untracked 
| 244|0x00000000cf400000, 0x00000000cf500000, 0x00000000cf500000|100%| O|  |TAMS 0x00000000cf400000, 0x00000000cf500000| Untracked 
| 245|0x00000000cf500000, 0x00000000cf600000, 0x00000000cf600000|100%| O|  |TAMS 0x00000000cf500000, 0x00000000cf600000| Untracked 
| 246|0x00000000cf600000, 0x00000000cf700000, 0x00000000cf700000|100%| O|  |TAMS 0x00000000cf600000, 0x00000000cf700000| Untracked 
| 247|0x00000000cf700000, 0x00000000cf800000, 0x00000000cf800000|100%| O|  |TAMS 0x00000000cf700000, 0x00000000cf800000| Untracked 
| 248|0x00000000cf800000, 0x00000000cf900000, 0x00000000cf900000|100%| O|  |TAMS 0x00000000cf800000, 0x00000000cf900000| Untracked 
| 249|0x00000000cf900000, 0x00000000cfa00000, 0x00000000cfa00000|100%| O|  |TAMS 0x00000000cf900000, 0x00000000cfa00000| Untracked 
| 250|0x00000000cfa00000, 0x00000000cfb00000, 0x00000000cfb00000|100%| O|  |TAMS 0x00000000cfa00000, 0x00000000cfb00000| Untracked 
| 251|0x00000000cfb00000, 0x00000000cfc00000, 0x00000000cfc00000|100%| O|  |TAMS 0x00000000cfb00000, 0x00000000cfc00000| Untracked 
| 252|0x00000000cfc00000, 0x00000000cfd00000, 0x00000000cfd00000|100%| O|  |TAMS 0x00000000cfc00000, 0x00000000cfd00000| Untracked 
| 253|0x00000000cfd00000, 0x00000000cfe00000, 0x00000000cfe00000|100%| O|  |TAMS 0x00000000cfd00000, 0x00000000cfe00000| Untracked 
| 254|0x00000000cfe00000, 0x00000000cff00000, 0x00000000cff00000|100%| O|  |TAMS 0x00000000cfe00000, 0x00000000cff00000| Untracked 
| 255|0x00000000cff00000, 0x00000000d0000000, 0x00000000d0000000|100%| O|  |TAMS 0x00000000cff00000, 0x00000000d0000000| Untracked 
| 256|0x00000000d0000000, 0x00000000d0100000, 0x00000000d0100000|100%| O|  |TAMS 0x00000000d0000000, 0x00000000d0100000| Untracked 
| 257|0x00000000d0100000, 0x00000000d0200000, 0x00000000d0200000|100%| O|  |TAMS 0x00000000d0100000, 0x00000000d0200000| Untracked 
| 258|0x00000000d0200000, 0x00000000d0300000, 0x00000000d0300000|100%| O|  |TAMS 0x00000000d0200000, 0x00000000d0300000| Untracked 
| 259|0x00000000d0300000, 0x00000000d0400000, 0x00000000d0400000|100%| O|  |TAMS 0x00000000d0300000, 0x00000000d0400000| Untracked 
| 260|0x00000000d0400000, 0x00000000d0500000, 0x00000000d0500000|100%| O|  |TAMS 0x00000000d0400000, 0x00000000d0500000| Untracked 
| 261|0x00000000d0500000, 0x00000000d0600000, 0x00000000d0600000|100%| O|  |TAMS 0x00000000d0500000, 0x00000000d0600000| Untracked 
| 262|0x00000000d0600000, 0x00000000d0700000, 0x00000000d0700000|100%| O|  |TAMS 0x00000000d0600000, 0x00000000d0700000| Untracked 
| 263|0x00000000d0700000, 0x00000000d0800000, 0x00000000d0800000|100%| O|  |TAMS 0x00000000d0700000, 0x00000000d0800000| Untracked 
| 264|0x00000000d0800000, 0x00000000d0900000, 0x00000000d0900000|100%| O|  |TAMS 0x00000000d0800000, 0x00000000d0900000| Untracked 
| 265|0x00000000d0900000, 0x00000000d0a00000, 0x00000000d0a00000|100%| O|  |TAMS 0x00000000d0900000, 0x00000000d0a00000| Untracked 
| 266|0x00000000d0a00000, 0x00000000d0b00000, 0x00000000d0b00000|100%| O|  |TAMS 0x00000000d0a00000, 0x00000000d0b00000| Untracked 
| 267|0x00000000d0b00000, 0x00000000d0c00000, 0x00000000d0c00000|100%| O|  |TAMS 0x00000000d0b00000, 0x00000000d0c00000| Untracked 
| 268|0x00000000d0c00000, 0x00000000d0d00000, 0x00000000d0d00000|100%| O|  |TAMS 0x00000000d0c00000, 0x00000000d0d00000| Untracked 
| 269|0x00000000d0d00000, 0x00000000d0e00000, 0x00000000d0e00000|100%| O|  |TAMS 0x00000000d0d00000, 0x00000000d0e00000| Untracked 
| 270|0x00000000d0e00000, 0x00000000d0f00000, 0x00000000d0f00000|100%| O|  |TAMS 0x00000000d0e00000, 0x00000000d0f00000| Untracked 
| 271|0x00000000d0f00000, 0x00000000d1000000, 0x00000000d1000000|100%| O|  |TAMS 0x00000000d0f00000, 0x00000000d1000000| Untracked 
| 272|0x00000000d1000000, 0x00000000d1100000, 0x00000000d1100000|100%| O|  |TAMS 0x00000000d1000000, 0x00000000d1100000| Untracked 
| 273|0x00000000d1100000, 0x00000000d1200000, 0x00000000d1200000|100%| O|  |TAMS 0x00000000d1100000, 0x00000000d1200000| Untracked 
| 274|0x00000000d1200000, 0x00000000d1300000, 0x00000000d1300000|100%| O|  |TAMS 0x00000000d1200000, 0x00000000d1300000| Untracked 
| 275|0x00000000d1300000, 0x00000000d1400000, 0x00000000d1400000|100%| O|  |TAMS 0x00000000d1300000, 0x00000000d1400000| Untracked 
| 276|0x00000000d1400000, 0x00000000d1500000, 0x00000000d1500000|100%| O|  |TAMS 0x00000000d1400000, 0x00000000d1500000| Untracked 
| 277|0x00000000d1500000, 0x00000000d1600000, 0x00000000d1600000|100%| O|  |TAMS 0x00000000d1500000, 0x00000000d1600000| Untracked 
| 278|0x00000000d1600000, 0x00000000d1700000, 0x00000000d1700000|100%| O|  |TAMS 0x00000000d1600000, 0x00000000d1700000| Untracked 
| 279|0x00000000d1700000, 0x00000000d1800000, 0x00000000d1800000|100%| O|  |TAMS 0x00000000d1700000, 0x00000000d1800000| Untracked 
| 280|0x00000000d1800000, 0x00000000d1900000, 0x00000000d1900000|100%| O|  |TAMS 0x00000000d1800000, 0x00000000d1900000| Untracked 
| 281|0x00000000d1900000, 0x00000000d1a00000, 0x00000000d1a00000|100%| O|  |TAMS 0x00000000d1900000, 0x00000000d1a00000| Untracked 
| 282|0x00000000d1a00000, 0x00000000d1b00000, 0x00000000d1b00000|100%| O|  |TAMS 0x00000000d1a00000, 0x00000000d1b00000| Untracked 
| 283|0x00000000d1b00000, 0x00000000d1c00000, 0x00000000d1c00000|100%| O|  |TAMS 0x00000000d1b00000, 0x00000000d1c00000| Untracked 
| 284|0x00000000d1c00000, 0x00000000d1d00000, 0x00000000d1d00000|100%| O|  |TAMS 0x00000000d1c00000, 0x00000000d1d00000| Untracked 
| 285|0x00000000d1d00000, 0x00000000d1e00000, 0x00000000d1e00000|100%| O|  |TAMS 0x00000000d1d00000, 0x00000000d1e00000| Untracked 
| 286|0x00000000d1e00000, 0x00000000d1f00000, 0x00000000d1f00000|100%| O|  |TAMS 0x00000000d1e00000, 0x00000000d1f00000| Untracked 
| 287|0x00000000d1f00000, 0x00000000d2000000, 0x00000000d2000000|100%| O|  |TAMS 0x00000000d1f00000, 0x00000000d2000000| Untracked 
| 288|0x00000000d2000000, 0x00000000d2100000, 0x00000000d2100000|100%| O|  |TAMS 0x00000000d2000000, 0x00000000d2100000| Untracked 
| 289|0x00000000d2100000, 0x00000000d2200000, 0x00000000d2200000|100%| O|  |TAMS 0x00000000d2100000, 0x00000000d2200000| Untracked 
| 290|0x00000000d2200000, 0x00000000d2300000, 0x00000000d2300000|100%| O|  |TAMS 0x00000000d2200000, 0x00000000d2300000| Untracked 
| 291|0x00000000d2300000, 0x00000000d2400000, 0x00000000d2400000|100%| O|  |TAMS 0x00000000d2300000, 0x00000000d2400000| Untracked 
| 292|0x00000000d2400000, 0x00000000d2500000, 0x00000000d2500000|100%| O|  |TAMS 0x00000000d2400000, 0x00000000d2500000| Untracked 
| 293|0x00000000d2500000, 0x00000000d2600000, 0x00000000d2600000|100%| O|  |TAMS 0x00000000d2500000, 0x00000000d2600000| Untracked 
| 294|0x00000000d2600000, 0x00000000d2700000, 0x00000000d2700000|100%| O|  |TAMS 0x00000000d2600000, 0x00000000d2700000| Untracked 
| 295|0x00000000d2700000, 0x00000000d2800000, 0x00000000d2800000|100%| O|  |TAMS 0x00000000d2700000, 0x00000000d2800000| Untracked 
| 296|0x00000000d2800000, 0x00000000d2900000, 0x00000000d2900000|100%| O|  |TAMS 0x00000000d2800000, 0x00000000d2900000| Untracked 
| 297|0x00000000d2900000, 0x00000000d2a00000, 0x00000000d2a00000|100%| O|  |TAMS 0x00000000d2900000, 0x00000000d2a00000| Untracked 
| 298|0x00000000d2a00000, 0x00000000d2b00000, 0x00000000d2b00000|100%| O|  |TAMS 0x00000000d2a00000, 0x00000000d2b00000| Untracked 
| 299|0x00000000d2b00000, 0x00000000d2c00000, 0x00000000d2c00000|100%| O|  |TAMS 0x00000000d2b00000, 0x00000000d2c00000| Untracked 
| 300|0x00000000d2c00000, 0x00000000d2d00000, 0x00000000d2d00000|100%| O|  |TAMS 0x00000000d2c00000, 0x00000000d2d00000| Untracked 
| 301|0x00000000d2d00000, 0x00000000d2e00000, 0x00000000d2e00000|100%| O|  |TAMS 0x00000000d2d00000, 0x00000000d2e00000| Untracked 
| 302|0x00000000d2e00000, 0x00000000d2f00000, 0x00000000d2f00000|100%| O|  |TAMS 0x00000000d2e00000, 0x00000000d2f00000| Untracked 
| 303|0x00000000d2f00000, 0x00000000d3000000, 0x00000000d3000000|100%| O|  |TAMS 0x00000000d2f00000, 0x00000000d3000000| Untracked 
| 304|0x00000000d3000000, 0x00000000d3100000, 0x00000000d3100000|100%| O|  |TAMS 0x00000000d3000000, 0x00000000d3100000| Untracked 
| 305|0x00000000d3100000, 0x00000000d3200000, 0x00000000d3200000|100%| O|  |TAMS 0x00000000d3100000, 0x00000000d3200000| Untracked 
| 306|0x00000000d3200000, 0x00000000d3300000, 0x00000000d3300000|100%| O|  |TAMS 0x00000000d3200000, 0x00000000d3300000| Untracked 
| 307|0x00000000d3300000, 0x00000000d3400000, 0x00000000d3400000|100%| O|  |TAMS 0x00000000d3300000, 0x00000000d3400000| Untracked 
| 308|0x00000000d3400000, 0x00000000d3500000, 0x00000000d3500000|100%| O|  |TAMS 0x00000000d3400000, 0x00000000d3500000| Untracked 
| 309|0x00000000d3500000, 0x00000000d3600000, 0x00000000d3600000|100%| O|  |TAMS 0x00000000d3500000, 0x00000000d3600000| Untracked 
| 310|0x00000000d3600000, 0x00000000d3700000, 0x00000000d3700000|100%| O|  |TAMS 0x00000000d3600000, 0x00000000d3700000| Untracked 
| 311|0x00000000d3700000, 0x00000000d3800000, 0x00000000d3800000|100%| O|  |TAMS 0x00000000d3700000, 0x00000000d3800000| Untracked 
| 312|0x00000000d3800000, 0x00000000d3900000, 0x00000000d3900000|100%| O|  |TAMS 0x00000000d3800000, 0x00000000d3900000| Untracked 
| 313|0x00000000d3900000, 0x00000000d3a00000, 0x00000000d3a00000|100%| O|  |TAMS 0x00000000d3900000, 0x00000000d3a00000| Untracked 
| 314|0x00000000d3a00000, 0x00000000d3b00000, 0x00000000d3b00000|100%| O|  |TAMS 0x00000000d3a00000, 0x00000000d3b00000| Untracked 
| 315|0x00000000d3b00000, 0x00000000d3c00000, 0x00000000d3c00000|100%| O|  |TAMS 0x00000000d3b00000, 0x00000000d3c00000| Untracked 
| 316|0x00000000d3c00000, 0x00000000d3d00000, 0x00000000d3d00000|100%| O|  |TAMS 0x00000000d3c00000, 0x00000000d3d00000| Untracked 
| 317|0x00000000d3d00000, 0x00000000d3e00000, 0x00000000d3e00000|100%| O|  |TAMS 0x00000000d3d00000, 0x00000000d3e00000| Untracked 
| 318|0x00000000d3e00000, 0x00000000d3f00000, 0x00000000d3f00000|100%| O|  |TAMS 0x00000000d3e00000, 0x00000000d3f00000| Untracked 
| 319|0x00000000d3f00000, 0x00000000d4000000, 0x00000000d4000000|100%| O|  |TAMS 0x00000000d3f00000, 0x00000000d4000000| Untracked 
| 320|0x00000000d4000000, 0x00000000d4100000, 0x00000000d4100000|100%| O|  |TAMS 0x00000000d4000000, 0x00000000d4100000| Untracked 
| 321|0x00000000d4100000, 0x00000000d4200000, 0x00000000d4200000|100%| O|  |TAMS 0x00000000d4100000, 0x00000000d4200000| Untracked 
| 322|0x00000000d4200000, 0x00000000d4300000, 0x00000000d4300000|100%| O|  |TAMS 0x00000000d4200000, 0x00000000d4300000| Untracked 
| 323|0x00000000d4300000, 0x00000000d4400000, 0x00000000d4400000|100%| O|  |TAMS 0x00000000d4300000, 0x00000000d4400000| Untracked 
| 324|0x00000000d4400000, 0x00000000d4500000, 0x00000000d4500000|100%| O|  |TAMS 0x00000000d4400000, 0x00000000d4500000| Untracked 
| 325|0x00000000d4500000, 0x00000000d4600000, 0x00000000d4600000|100%| O|  |TAMS 0x00000000d4500000, 0x00000000d4600000| Untracked 
| 326|0x00000000d4600000, 0x00000000d4700000, 0x00000000d4700000|100%| O|  |TAMS 0x00000000d4600000, 0x00000000d4700000| Untracked 
| 327|0x00000000d4700000, 0x00000000d4800000, 0x00000000d4800000|100%| O|  |TAMS 0x00000000d4700000, 0x00000000d4800000| Untracked 
| 328|0x00000000d4800000, 0x00000000d4900000, 0x00000000d4900000|100%| O|  |TAMS 0x00000000d4800000, 0x00000000d4900000| Untracked 
| 329|0x00000000d4900000, 0x00000000d4a00000, 0x00000000d4a00000|100%| O|  |TAMS 0x00000000d4900000, 0x00000000d4a00000| Untracked 
| 330|0x00000000d4a00000, 0x00000000d4b00000, 0x00000000d4b00000|100%| O|  |TAMS 0x00000000d4a00000, 0x00000000d4b00000| Untracked 
| 331|0x00000000d4b00000, 0x00000000d4c00000, 0x00000000d4c00000|100%| O|  |TAMS 0x00000000d4b00000, 0x00000000d4c00000| Untracked 
| 332|0x00000000d4c00000, 0x00000000d4d00000, 0x00000000d4d00000|100%| O|  |TAMS 0x00000000d4c00000, 0x00000000d4d00000| Untracked 
| 333|0x00000000d4d00000, 0x00000000d4e00000, 0x00000000d4e00000|100%| O|  |TAMS 0x00000000d4d00000, 0x00000000d4e00000| Untracked 
| 334|0x00000000d4e00000, 0x00000000d4f00000, 0x00000000d4f00000|100%| O|  |TAMS 0x00000000d4e00000, 0x00000000d4f00000| Untracked 
| 335|0x00000000d4f00000, 0x00000000d5000000, 0x00000000d5000000|100%|HS|  |TAMS 0x00000000d4f00000, 0x00000000d5000000| Complete 
| 336|0x00000000d5000000, 0x00000000d5100000, 0x00000000d5100000|100%| O|  |TAMS 0x00000000d5000000, 0x00000000d5100000| Untracked 
| 337|0x00000000d5100000, 0x00000000d5200000, 0x00000000d5200000|100%| O|  |TAMS 0x00000000d5100000, 0x00000000d5200000| Untracked 
| 338|0x00000000d5200000, 0x00000000d5300000, 0x00000000d5300000|100%| O|  |TAMS 0x00000000d5200000, 0x00000000d5300000| Untracked 
| 339|0x00000000d5300000, 0x00000000d5400000, 0x00000000d5400000|100%| O|  |TAMS 0x00000000d5300000, 0x00000000d5400000| Untracked 
| 340|0x00000000d5400000, 0x00000000d5500000, 0x00000000d5500000|100%| O|  |TAMS 0x00000000d5400000, 0x00000000d5500000| Untracked 
| 341|0x00000000d5500000, 0x00000000d5600000, 0x00000000d5600000|100%| O|  |TAMS 0x00000000d5500000, 0x00000000d5600000| Untracked 
| 342|0x00000000d5600000, 0x00000000d5700000, 0x00000000d5700000|100%| O|  |TAMS 0x00000000d5600000, 0x00000000d5700000| Untracked 
| 343|0x00000000d5700000, 0x00000000d5800000, 0x00000000d5800000|100%| O|  |TAMS 0x00000000d5700000, 0x00000000d5800000| Untracked 
| 344|0x00000000d5800000, 0x00000000d5900000, 0x00000000d5900000|100%| O|  |TAMS 0x00000000d5800000, 0x00000000d5900000| Untracked 
| 345|0x00000000d5900000, 0x00000000d5a00000, 0x00000000d5a00000|100%| O|  |TAMS 0x00000000d5900000, 0x00000000d5a00000| Untracked 
| 346|0x00000000d5a00000, 0x00000000d5b00000, 0x00000000d5b00000|100%| O|  |TAMS 0x00000000d5a00000, 0x00000000d5b00000| Untracked 
| 347|0x00000000d5b00000, 0x00000000d5c00000, 0x00000000d5c00000|100%| O|  |TAMS 0x00000000d5b00000, 0x00000000d5c00000| Untracked 
| 348|0x00000000d5c00000, 0x00000000d5d00000, 0x00000000d5d00000|100%| O|  |TAMS 0x00000000d5c00000, 0x00000000d5d00000| Untracked 
| 349|0x00000000d5d00000, 0x00000000d5e00000, 0x00000000d5e00000|100%| O|  |TAMS 0x00000000d5d00000, 0x00000000d5e00000| Untracked 
| 350|0x00000000d5e00000, 0x00000000d5f00000, 0x00000000d5f00000|100%| O|  |TAMS 0x00000000d5e00000, 0x00000000d5f00000| Untracked 
| 351|0x00000000d5f00000, 0x00000000d6000000, 0x00000000d6000000|100%| O|  |TAMS 0x00000000d5f00000, 0x00000000d6000000| Untracked 
| 352|0x00000000d6000000, 0x00000000d6100000, 0x00000000d6100000|100%| O|  |TAMS 0x00000000d6000000, 0x00000000d6100000| Untracked 
| 353|0x00000000d6100000, 0x00000000d6200000, 0x00000000d6200000|100%| O|  |TAMS 0x00000000d6100000, 0x00000000d6200000| Untracked 
| 354|0x00000000d6200000, 0x00000000d6300000, 0x00000000d6300000|100%| O|  |TAMS 0x00000000d6200000, 0x00000000d6300000| Untracked 
| 355|0x00000000d6300000, 0x00000000d6400000, 0x00000000d6400000|100%| O|  |TAMS 0x00000000d6300000, 0x00000000d6400000| Untracked 
| 356|0x00000000d6400000, 0x00000000d6500000, 0x00000000d6500000|100%| O|  |TAMS 0x00000000d6400000, 0x00000000d6500000| Untracked 
| 357|0x00000000d6500000, 0x00000000d6600000, 0x00000000d6600000|100%| O|  |TAMS 0x00000000d6500000, 0x00000000d6600000| Untracked 
| 358|0x00000000d6600000, 0x00000000d6700000, 0x00000000d6700000|100%| O|  |TAMS 0x00000000d6600000, 0x00000000d6700000| Untracked 
| 359|0x00000000d6700000, 0x00000000d6800000, 0x00000000d6800000|100%| O|  |TAMS 0x00000000d6700000, 0x00000000d6800000| Untracked 
| 360|0x00000000d6800000, 0x00000000d6900000, 0x00000000d6900000|100%| O|  |TAMS 0x00000000d6800000, 0x00000000d6900000| Untracked 
| 361|0x00000000d6900000, 0x00000000d6a00000, 0x00000000d6a00000|100%| O|  |TAMS 0x00000000d6900000, 0x00000000d6a00000| Untracked 
| 362|0x00000000d6a00000, 0x00000000d6b00000, 0x00000000d6b00000|100%| O|  |TAMS 0x00000000d6a00000, 0x00000000d6b00000| Untracked 
| 363|0x00000000d6b00000, 0x00000000d6c00000, 0x00000000d6c00000|100%| O|  |TAMS 0x00000000d6b00000, 0x00000000d6c00000| Untracked 
| 364|0x00000000d6c00000, 0x00000000d6d00000, 0x00000000d6d00000|100%| O|  |TAMS 0x00000000d6c00000, 0x00000000d6d00000| Untracked 
| 365|0x00000000d6d00000, 0x00000000d6e00000, 0x00000000d6e00000|100%| O|  |TAMS 0x00000000d6d00000, 0x00000000d6e00000| Untracked 
| 366|0x00000000d6e00000, 0x00000000d6f00000, 0x00000000d6f00000|100%| O|  |TAMS 0x00000000d6e00000, 0x00000000d6f00000| Untracked 
| 367|0x00000000d6f00000, 0x00000000d7000000, 0x00000000d7000000|100%| O|  |TAMS 0x00000000d6f00000, 0x00000000d7000000| Untracked 
| 368|0x00000000d7000000, 0x00000000d7100000, 0x00000000d7100000|100%| O|  |TAMS 0x00000000d7000000, 0x00000000d7100000| Untracked 
| 369|0x00000000d7100000, 0x00000000d7200000, 0x00000000d7200000|100%| O|  |TAMS 0x00000000d7100000, 0x00000000d7200000| Untracked 
| 370|0x00000000d7200000, 0x00000000d7300000, 0x00000000d7300000|100%| O|  |TAMS 0x00000000d7200000, 0x00000000d7300000| Untracked 
| 371|0x00000000d7300000, 0x00000000d7400000, 0x00000000d7400000|100%| O|  |TAMS 0x00000000d7300000, 0x00000000d7400000| Untracked 
| 372|0x00000000d7400000, 0x00000000d7500000, 0x00000000d7500000|100%| O|  |TAMS 0x00000000d7400000, 0x00000000d7500000| Untracked 
| 373|0x00000000d7500000, 0x00000000d7600000, 0x00000000d7600000|100%| O|  |TAMS 0x00000000d7500000, 0x00000000d7600000| Untracked 
| 374|0x00000000d7600000, 0x00000000d7700000, 0x00000000d7700000|100%| O|  |TAMS 0x00000000d7600000, 0x00000000d7700000| Untracked 
| 375|0x00000000d7700000, 0x00000000d7800000, 0x00000000d7800000|100%| O|  |TAMS 0x00000000d7700000, 0x00000000d7800000| Untracked 
| 376|0x00000000d7800000, 0x00000000d7900000, 0x00000000d7900000|100%| O|  |TAMS 0x00000000d7800000, 0x00000000d7900000| Untracked 
| 377|0x00000000d7900000, 0x00000000d7a00000, 0x00000000d7a00000|100%| O|  |TAMS 0x00000000d7900000, 0x00000000d7a00000| Untracked 
| 378|0x00000000d7a00000, 0x00000000d7b00000, 0x00000000d7b00000|100%| O|  |TAMS 0x00000000d7a00000, 0x00000000d7b00000| Untracked 
| 379|0x00000000d7b00000, 0x00000000d7c00000, 0x00000000d7c00000|100%| O|  |TAMS 0x00000000d7b00000, 0x00000000d7c00000| Untracked 
| 380|0x00000000d7c00000, 0x00000000d7d00000, 0x00000000d7d00000|100%| O|  |TAMS 0x00000000d7c00000, 0x00000000d7d00000| Untracked 
| 381|0x00000000d7d00000, 0x00000000d7e00000, 0x00000000d7e00000|100%| O|  |TAMS 0x00000000d7d00000, 0x00000000d7e00000| Untracked 
| 382|0x00000000d7e00000, 0x00000000d7f00000, 0x00000000d7f00000|100%| O|  |TAMS 0x00000000d7e00000, 0x00000000d7f00000| Untracked 
| 383|0x00000000d7f00000, 0x00000000d8000000, 0x00000000d8000000|100%| O|  |TAMS 0x00000000d7f00000, 0x00000000d8000000| Untracked 
| 384|0x00000000d8000000, 0x00000000d8100000, 0x00000000d8100000|100%| O|  |TAMS 0x00000000d8000000, 0x00000000d8100000| Untracked 
| 385|0x00000000d8100000, 0x00000000d8200000, 0x00000000d8200000|100%| O|  |TAMS 0x00000000d8100000, 0x00000000d8200000| Untracked 
| 386|0x00000000d8200000, 0x00000000d8300000, 0x00000000d8300000|100%| O|  |TAMS 0x00000000d8200000, 0x00000000d8285400| Untracked 
| 387|0x00000000d8300000, 0x00000000d8400000, 0x00000000d8400000|100%|HS|  |TAMS 0x00000000d8300000, 0x00000000d8400000| Complete 
| 388|0x00000000d8400000, 0x00000000d8500000, 0x00000000d8500000|100%|HC|  |TAMS 0x00000000d8400000, 0x00000000d8500000| Complete 
| 389|0x00000000d8500000, 0x00000000d8600000, 0x00000000d8600000|100%|HS|  |TAMS 0x00000000d8500000, 0x00000000d8600000| Complete 
| 390|0x00000000d8600000, 0x00000000d8700000, 0x00000000d8700000|100%|HC|  |TAMS 0x00000000d8600000, 0x00000000d8700000| Complete 
| 391|0x00000000d8700000, 0x00000000d8800000, 0x00000000d8800000|100%|HS|  |TAMS 0x00000000d8700000, 0x00000000d8800000| Complete 
| 392|0x00000000d8800000, 0x00000000d8900000, 0x00000000d8900000|100%|HC|  |TAMS 0x00000000d8800000, 0x00000000d8900000| Complete 
| 393|0x00000000d8900000, 0x00000000d8a00000, 0x00000000d8a00000|100%|HS|  |TAMS 0x00000000d8900000, 0x00000000d8a00000| Complete 
| 394|0x00000000d8a00000, 0x00000000d8b00000, 0x00000000d8b00000|100%|HC|  |TAMS 0x00000000d8a00000, 0x00000000d8b00000| Complete 
| 395|0x00000000d8b00000, 0x00000000d8c00000, 0x00000000d8c00000|100%|HC|  |TAMS 0x00000000d8b00000, 0x00000000d8c00000| Complete 
| 396|0x00000000d8c00000, 0x00000000d8d00000, 0x00000000d8d00000|100%|HS|  |TAMS 0x00000000d8c00000, 0x00000000d8c00000| Complete 
| 397|0x00000000d8d00000, 0x00000000d8e00000, 0x00000000d8e00000|100%|HC|  |TAMS 0x00000000d8d00000, 0x00000000d8d00000| Complete 
| 398|0x00000000d8e00000, 0x00000000d8f00000, 0x00000000d8f00000|100%|HC|  |TAMS 0x00000000d8e00000, 0x00000000d8e00000| Complete 
| 399|0x00000000d8f00000, 0x00000000d9000000, 0x00000000d9000000|100%| O|  |TAMS 0x00000000d8f00000, 0x00000000d8f00000| Untracked 
| 400|0x00000000d9000000, 0x00000000d9100000, 0x00000000d9100000|100%|HS|  |TAMS 0x00000000d9000000, 0x00000000d9100000| Complete 
| 401|0x00000000d9100000, 0x00000000d9200000, 0x00000000d9200000|100%|HC|  |TAMS 0x00000000d9100000, 0x00000000d9200000| Complete 
| 402|0x00000000d9200000, 0x00000000d9300000, 0x00000000d9300000|100%|HC|  |TAMS 0x00000000d9200000, 0x00000000d9300000| Complete 
| 403|0x00000000d9300000, 0x00000000d9400000, 0x00000000d9400000|100%|HC|  |TAMS 0x00000000d9300000, 0x00000000d9400000| Complete 
| 404|0x00000000d9400000, 0x00000000d9500000, 0x00000000d9500000|100%|HS|  |TAMS 0x00000000d9400000, 0x00000000d9500000| Complete 
| 405|0x00000000d9500000, 0x00000000d9600000, 0x00000000d9600000|100%|HS|  |TAMS 0x00000000d9500000, 0x00000000d9600000| Complete 
| 406|0x00000000d9600000, 0x00000000d9700000, 0x00000000d9700000|100%|HC|  |TAMS 0x00000000d9600000, 0x00000000d9700000| Complete 
| 407|0x00000000d9700000, 0x00000000d9800000, 0x00000000d9800000|100%|HS|  |TAMS 0x00000000d9700000, 0x00000000d9800000| Complete 
| 408|0x00000000d9800000, 0x00000000d9900000, 0x00000000d9900000|100%|HC|  |TAMS 0x00000000d9800000, 0x00000000d9900000| Complete 
| 409|0x00000000d9900000, 0x00000000d9a00000, 0x00000000d9a00000|100%|HC|  |TAMS 0x00000000d9900000, 0x00000000d9a00000| Complete 
| 410|0x00000000d9a00000, 0x00000000d9b00000, 0x00000000d9b00000|100%|HS|  |TAMS 0x00000000d9a00000, 0x00000000d9b00000| Complete 
| 411|0x00000000d9b00000, 0x00000000d9c00000, 0x00000000d9c00000|100%|HS|  |TAMS 0x00000000d9b00000, 0x00000000d9c00000| Complete 
| 412|0x00000000d9c00000, 0x00000000d9d00000, 0x00000000d9d00000|100%|HC|  |TAMS 0x00000000d9c00000, 0x00000000d9d00000| Complete 
| 413|0x00000000d9d00000, 0x00000000d9e00000, 0x00000000d9e00000|100%|HC|  |TAMS 0x00000000d9d00000, 0x00000000d9e00000| Complete 
| 414|0x00000000d9e00000, 0x00000000d9f00000, 0x00000000d9f00000|100%|HS|  |TAMS 0x00000000d9e00000, 0x00000000d9f00000| Complete 
| 415|0x00000000d9f00000, 0x00000000da000000, 0x00000000da000000|100%|HC|  |TAMS 0x00000000d9f00000, 0x00000000da000000| Complete 
| 416|0x00000000da000000, 0x00000000da100000, 0x00000000da100000|100%|HS|  |TAMS 0x00000000da000000, 0x00000000da000000| Complete 
| 417|0x00000000da100000, 0x00000000da200000, 0x00000000da200000|100%| O|  |TAMS 0x00000000da100000, 0x00000000da100000| Untracked 
| 418|0x00000000da200000, 0x00000000da300000, 0x00000000da300000|100%| O|  |TAMS 0x00000000da200000, 0x00000000da200000| Untracked 
| 419|0x00000000da300000, 0x00000000da400000, 0x00000000da400000|100%|HS|  |TAMS 0x00000000da300000, 0x00000000da400000| Complete 
| 420|0x00000000da400000, 0x00000000da500000, 0x00000000da500000|100%|HC|  |TAMS 0x00000000da400000, 0x00000000da500000| Complete 
| 421|0x00000000da500000, 0x00000000da600000, 0x00000000da600000|100%|HC|  |TAMS 0x00000000da500000, 0x00000000da600000| Complete 
| 422|0x00000000da600000, 0x00000000da700000, 0x00000000da700000|100%|HC|  |TAMS 0x00000000da600000, 0x00000000da700000| Complete 
| 423|0x00000000da700000, 0x00000000da800000, 0x00000000da800000|100%|HS|  |TAMS 0x00000000da700000, 0x00000000da800000| Complete 
| 424|0x00000000da800000, 0x00000000da900000, 0x00000000da900000|100%| O|  |TAMS 0x00000000da800000, 0x00000000da800000| Untracked 
| 425|0x00000000da900000, 0x00000000daa00000, 0x00000000daa00000|100%| O|  |TAMS 0x00000000da900000, 0x00000000da900000| Untracked 
| 426|0x00000000daa00000, 0x00000000dab00000, 0x00000000dab00000|100%| O|  |TAMS 0x00000000daa00000, 0x00000000daa00000| Untracked 
| 427|0x00000000dab00000, 0x00000000dac00000, 0x00000000dac00000|100%|HS|  |TAMS 0x00000000dab00000, 0x00000000dac00000| Complete 
| 428|0x00000000dac00000, 0x00000000dad00000, 0x00000000dad00000|100%|HC|  |TAMS 0x00000000dac00000, 0x00000000dad00000| Complete 
| 429|0x00000000dad00000, 0x00000000dae00000, 0x00000000dae00000|100%| O|  |TAMS 0x00000000dad00000, 0x00000000dad00000| Untracked 
| 430|0x00000000dae00000, 0x00000000daf00000, 0x00000000daf00000|100%| O|  |TAMS 0x00000000dae00000, 0x00000000dae00000| Untracked 
| 431|0x00000000daf00000, 0x00000000db000000, 0x00000000db000000|100%| O|  |TAMS 0x00000000daf00000, 0x00000000daf00000| Untracked 
| 432|0x00000000db000000, 0x00000000db100000, 0x00000000db100000|100%| O|  |TAMS 0x00000000db000000, 0x00000000db000000| Untracked 
| 433|0x00000000db100000, 0x00000000db200000, 0x00000000db200000|100%| O|  |TAMS 0x00000000db100000, 0x00000000db100000| Untracked 
| 434|0x00000000db200000, 0x00000000db300000, 0x00000000db300000|100%| O|  |TAMS 0x00000000db200000, 0x00000000db200000| Untracked 
| 435|0x00000000db300000, 0x00000000db400000, 0x00000000db400000|100%| O|  |TAMS 0x00000000db300000, 0x00000000db300000| Untracked 
| 436|0x00000000db400000, 0x00000000db500000, 0x00000000db500000|100%| O|  |TAMS 0x00000000db400000, 0x00000000db400000| Untracked 
| 437|0x00000000db500000, 0x00000000db600000, 0x00000000db600000|100%| O|  |TAMS 0x00000000db500000, 0x00000000db500000| Untracked 
| 438|0x00000000db600000, 0x00000000db700000, 0x00000000db700000|100%|HS|  |TAMS 0x00000000db600000, 0x00000000db600000| Complete 
| 439|0x00000000db700000, 0x00000000db800000, 0x00000000db800000|100%|HC|  |TAMS 0x00000000db700000, 0x00000000db700000| Complete 
| 440|0x00000000db800000, 0x00000000db900000, 0x00000000db900000|100%|HC|  |TAMS 0x00000000db800000, 0x00000000db800000| Complete 
| 441|0x00000000db900000, 0x00000000dba00000, 0x00000000dba00000|100%| O|  |TAMS 0x00000000db900000, 0x00000000db900000| Untracked 
| 442|0x00000000dba00000, 0x00000000dbb00000, 0x00000000dbb00000|100%| O|  |TAMS 0x00000000dba00000, 0x00000000dba00000| Untracked 
| 443|0x00000000dbb00000, 0x00000000dbc00000, 0x00000000dbc00000|100%|HS|  |TAMS 0x00000000dbb00000, 0x00000000dbb00000| Complete 
| 444|0x00000000dbc00000, 0x00000000dbd00000, 0x00000000dbd00000|100%|HC|  |TAMS 0x00000000dbc00000, 0x00000000dbc00000| Complete 
| 445|0x00000000dbd00000, 0x00000000dbe00000, 0x00000000dbe00000|100%| O|  |TAMS 0x00000000dbd00000, 0x00000000dbd00000| Untracked 
| 446|0x00000000dbe00000, 0x00000000dbf00000, 0x00000000dbf00000|100%| O|  |TAMS 0x00000000dbe00000, 0x00000000dbe00000| Untracked 
| 447|0x00000000dbf00000, 0x00000000dc000000, 0x00000000dc000000|100%|HS|  |TAMS 0x00000000dbf00000, 0x00000000dbf00000| Complete 
| 448|0x00000000dc000000, 0x00000000dc100000, 0x00000000dc100000|100%|HC|  |TAMS 0x00000000dc000000, 0x00000000dc000000| Complete 
| 449|0x00000000dc100000, 0x00000000dc200000, 0x00000000dc200000|100%| O|  |TAMS 0x00000000dc100000, 0x00000000dc100000| Untracked 
| 450|0x00000000dc200000, 0x00000000dc300000, 0x00000000dc300000|100%| O|  |TAMS 0x00000000dc200000, 0x00000000dc200000| Untracked 
| 451|0x00000000dc300000, 0x00000000dc400000, 0x00000000dc400000|100%| O|  |TAMS 0x00000000dc300000, 0x00000000dc300000| Untracked 
| 452|0x00000000dc400000, 0x00000000dc500000, 0x00000000dc500000|100%|HS|  |TAMS 0x00000000dc400000, 0x00000000dc400000| Complete 
| 453|0x00000000dc500000, 0x00000000dc600000, 0x00000000dc600000|100%|HC|  |TAMS 0x00000000dc500000, 0x00000000dc500000| Complete 
| 454|0x00000000dc600000, 0x00000000dc700000, 0x00000000dc700000|100%| O|  |TAMS 0x00000000dc600000, 0x00000000dc600000| Untracked 
| 455|0x00000000dc700000, 0x00000000dc800000, 0x00000000dc800000|100%| O|  |TAMS 0x00000000dc700000, 0x00000000dc700000| Untracked 
| 456|0x00000000dc800000, 0x00000000dc900000, 0x00000000dc900000|100%| O|  |TAMS 0x00000000dc800000, 0x00000000dc800000| Untracked 
| 457|0x00000000dc900000, 0x00000000dca00000, 0x00000000dca00000|100%|HS|  |TAMS 0x00000000dc900000, 0x00000000dc900000| Complete 
| 458|0x00000000dca00000, 0x00000000dcb00000, 0x00000000dcb00000|100%|HC|  |TAMS 0x00000000dca00000, 0x00000000dca00000| Complete 
| 459|0x00000000dcb00000, 0x00000000dcc00000, 0x00000000dcc00000|100%| O|  |TAMS 0x00000000dcb00000, 0x00000000dcb00000| Untracked 
| 460|0x00000000dcc00000, 0x00000000dcd00000, 0x00000000dcd00000|100%| O|  |TAMS 0x00000000dcc00000, 0x00000000dcc00000| Untracked 
| 461|0x00000000dcd00000, 0x00000000dce00000, 0x00000000dce00000|100%| O|  |TAMS 0x00000000dcd00000, 0x00000000dcd00000| Untracked 
| 462|0x00000000dce00000, 0x00000000dcf00000, 0x00000000dcf00000|100%| O|  |TAMS 0x00000000dce00000, 0x00000000dce00000| Untracked 
| 463|0x00000000dcf00000, 0x00000000dd000000, 0x00000000dd000000|100%| O|  |TAMS 0x00000000dcf00000, 0x00000000dcf00000| Untracked 
| 464|0x00000000dd000000, 0x00000000dd100000, 0x00000000dd100000|100%| O|  |TAMS 0x00000000dd000000, 0x00000000dd000000| Untracked 
| 465|0x00000000dd100000, 0x00000000dd200000, 0x00000000dd200000|100%|HS|  |TAMS 0x00000000dd100000, 0x00000000dd100000| Complete 
| 466|0x00000000dd200000, 0x00000000dd300000, 0x00000000dd300000|100%|HC|  |TAMS 0x00000000dd200000, 0x00000000dd200000| Complete 
| 467|0x00000000dd300000, 0x00000000dd400000, 0x00000000dd400000|100%|HC|  |TAMS 0x00000000dd300000, 0x00000000dd300000| Complete 
| 468|0x00000000dd400000, 0x00000000dd500000, 0x00000000dd500000|100%|HS|  |TAMS 0x00000000dd400000, 0x00000000dd400000| Complete 
| 469|0x00000000dd500000, 0x00000000dd600000, 0x00000000dd600000|100%|HS|  |TAMS 0x00000000dd500000, 0x00000000dd500000| Complete 
| 470|0x00000000dd600000, 0x00000000dd700000, 0x00000000dd700000|100%|HS|  |TAMS 0x00000000dd600000, 0x00000000dd600000| Complete 
| 471|0x00000000dd700000, 0x00000000dd800000, 0x00000000dd800000|100%|HC|  |TAMS 0x00000000dd700000, 0x00000000dd700000| Complete 
| 472|0x00000000dd800000, 0x00000000dd900000, 0x00000000dd900000|100%| O|  |TAMS 0x00000000dd800000, 0x00000000dd800000| Untracked 
| 473|0x00000000dd900000, 0x00000000dda00000, 0x00000000dda00000|100%| O|  |TAMS 0x00000000dd900000, 0x00000000dd900000| Untracked 
| 474|0x00000000dda00000, 0x00000000ddb00000, 0x00000000ddb00000|100%| O|  |TAMS 0x00000000dda00000, 0x00000000dda00000| Untracked 
| 475|0x00000000ddb00000, 0x00000000ddc00000, 0x00000000ddc00000|100%| O|  |TAMS 0x00000000ddb00000, 0x00000000ddb00000| Untracked 
| 476|0x00000000ddc00000, 0x00000000ddd00000, 0x00000000ddd00000|100%| O|  |TAMS 0x00000000ddc00000, 0x00000000ddc00000| Untracked 
| 477|0x00000000ddd00000, 0x00000000dde00000, 0x00000000dde00000|100%| O|  |TAMS 0x00000000ddd00000, 0x00000000ddd00000| Untracked 
| 478|0x00000000dde00000, 0x00000000ddf00000, 0x00000000ddf00000|100%| O|  |TAMS 0x00000000dde00000, 0x00000000dde00000| Untracked 
| 479|0x00000000ddf00000, 0x00000000de000000, 0x00000000de000000|100%| O|  |TAMS 0x00000000ddf00000, 0x00000000ddf00000| Untracked 
| 480|0x00000000de000000, 0x00000000de100000, 0x00000000de100000|100%| O|  |TAMS 0x00000000de000000, 0x00000000de000000| Untracked 
| 481|0x00000000de100000, 0x00000000de200000, 0x00000000de200000|100%| O|  |TAMS 0x00000000de100000, 0x00000000de100000| Untracked 
| 482|0x00000000de200000, 0x00000000de300000, 0x00000000de300000|100%| O|  |TAMS 0x00000000de200000, 0x00000000de200000| Untracked 
| 483|0x00000000de300000, 0x00000000de400000, 0x00000000de400000|100%| O|  |TAMS 0x00000000de300000, 0x00000000de300000| Untracked 
| 484|0x00000000de400000, 0x00000000de500000, 0x00000000de500000|100%| O|  |TAMS 0x00000000de400000, 0x00000000de400000| Untracked 
| 485|0x00000000de500000, 0x00000000de600000, 0x00000000de600000|100%| O|  |TAMS 0x00000000de500000, 0x00000000de500000| Untracked 
| 486|0x00000000de600000, 0x00000000de700000, 0x00000000de700000|100%| O|  |TAMS 0x00000000de600000, 0x00000000de600000| Untracked 
| 487|0x00000000de700000, 0x00000000de800000, 0x00000000de800000|100%| O|  |TAMS 0x00000000de700000, 0x00000000de700000| Untracked 
| 488|0x00000000de800000, 0x00000000de900000, 0x00000000de900000|100%| O|  |TAMS 0x00000000de800000, 0x00000000de800000| Untracked 
| 489|0x00000000de900000, 0x00000000dea00000, 0x00000000dea00000|100%| O|  |TAMS 0x00000000de900000, 0x00000000de900000| Untracked 
| 490|0x00000000dea00000, 0x00000000deb00000, 0x00000000deb00000|100%| O|  |TAMS 0x00000000dea00000, 0x00000000dea00000| Untracked 
| 491|0x00000000deb00000, 0x00000000dec00000, 0x00000000dec00000|100%| O|  |TAMS 0x00000000deb00000, 0x00000000deb00000| Untracked 
| 492|0x00000000dec00000, 0x00000000ded00000, 0x00000000ded00000|100%| O|  |TAMS 0x00000000dec00000, 0x00000000dec00000| Untracked 
| 493|0x00000000ded00000, 0x00000000dee00000, 0x00000000dee00000|100%| O|  |TAMS 0x00000000ded00000, 0x00000000ded00000| Untracked 
| 494|0x00000000dee00000, 0x00000000def00000, 0x00000000def00000|100%| O|  |TAMS 0x00000000dee00000, 0x00000000dee00000| Untracked 
| 495|0x00000000def00000, 0x00000000df000000, 0x00000000df000000|100%| O|  |TAMS 0x00000000def00000, 0x00000000def00000| Untracked 
| 496|0x00000000df000000, 0x00000000df100000, 0x00000000df100000|100%| O|  |TAMS 0x00000000df000000, 0x00000000df000000| Untracked 
| 497|0x00000000df100000, 0x00000000df200000, 0x00000000df200000|100%| O|  |TAMS 0x00000000df100000, 0x00000000df100000| Untracked 
| 498|0x00000000df200000, 0x00000000df300000, 0x00000000df300000|100%| O|  |TAMS 0x00000000df200000, 0x00000000df200000| Untracked 
| 499|0x00000000df300000, 0x00000000df400000, 0x00000000df400000|100%| O|  |TAMS 0x00000000df300000, 0x00000000df300000| Untracked 
| 500|0x00000000df400000, 0x00000000df500000, 0x00000000df500000|100%| O|  |TAMS 0x00000000df400000, 0x00000000df400000| Untracked 
| 501|0x00000000df500000, 0x00000000df600000, 0x00000000df600000|100%| O|  |TAMS 0x00000000df500000, 0x00000000df500000| Untracked 
| 502|0x00000000df600000, 0x00000000df700000, 0x00000000df700000|100%| O|  |TAMS 0x00000000df600000, 0x00000000df600000| Untracked 
| 503|0x00000000df700000, 0x00000000df800000, 0x00000000df800000|100%| O|  |TAMS 0x00000000df700000, 0x00000000df700000| Untracked 
| 504|0x00000000df800000, 0x00000000df900000, 0x00000000df900000|100%| O|  |TAMS 0x00000000df800000, 0x00000000df800000| Untracked 
| 505|0x00000000df900000, 0x00000000dfa00000, 0x00000000dfa00000|100%| O|  |TAMS 0x00000000df900000, 0x00000000df900000| Untracked 
| 506|0x00000000dfa00000, 0x00000000dfb00000, 0x00000000dfb00000|100%| O|  |TAMS 0x00000000dfa00000, 0x00000000dfa00000| Untracked 
| 507|0x00000000dfb00000, 0x00000000dfc00000, 0x00000000dfc00000|100%| O|  |TAMS 0x00000000dfb00000, 0x00000000dfb00000| Untracked 
| 508|0x00000000dfc00000, 0x00000000dfd00000, 0x00000000dfd00000|100%| O|  |TAMS 0x00000000dfc00000, 0x00000000dfc00000| Untracked 
| 509|0x00000000dfd00000, 0x00000000dfe00000, 0x00000000dfe00000|100%| O|  |TAMS 0x00000000dfd00000, 0x00000000dfd00000| Untracked 
| 510|0x00000000dfe00000, 0x00000000dff00000, 0x00000000dff00000|100%| O|  |TAMS 0x00000000dfe00000, 0x00000000dfe00000| Untracked 
| 511|0x00000000dff00000, 0x00000000e0000000, 0x00000000e0000000|100%| O|  |TAMS 0x00000000dff00000, 0x00000000dff00000| Untracked 
| 512|0x00000000e0000000, 0x00000000e0100000, 0x00000000e0100000|100%| O|  |TAMS 0x00000000e0000000, 0x00000000e0000000| Untracked 
| 513|0x00000000e0100000, 0x00000000e0200000, 0x00000000e0200000|100%| O|  |TAMS 0x00000000e0100000, 0x00000000e0100000| Untracked 
| 514|0x00000000e0200000, 0x00000000e0300000, 0x00000000e0300000|100%| O|  |TAMS 0x00000000e0200000, 0x00000000e0200000| Untracked 
| 515|0x00000000e0300000, 0x00000000e0400000, 0x00000000e0400000|100%| O|  |TAMS 0x00000000e0300000, 0x00000000e0300000| Untracked 
| 516|0x00000000e0400000, 0x00000000e0500000, 0x00000000e0500000|100%| O|  |TAMS 0x00000000e0400000, 0x00000000e0400000| Untracked 
| 517|0x00000000e0500000, 0x00000000e0600000, 0x00000000e0600000|100%| O|  |TAMS 0x00000000e0500000, 0x00000000e0500000| Untracked 
| 518|0x00000000e0600000, 0x00000000e0700000, 0x00000000e0700000|100%| O|  |TAMS 0x00000000e0600000, 0x00000000e0600000| Untracked 
| 519|0x00000000e0700000, 0x00000000e0800000, 0x00000000e0800000|100%| O|  |TAMS 0x00000000e0700000, 0x00000000e0700000| Untracked 
| 520|0x00000000e0800000, 0x00000000e0900000, 0x00000000e0900000|100%| O|  |TAMS 0x00000000e0800000, 0x00000000e0800000| Untracked 
| 521|0x00000000e0900000, 0x00000000e0a00000, 0x00000000e0a00000|100%| O|  |TAMS 0x00000000e0900000, 0x00000000e0900000| Untracked 
| 522|0x00000000e0a00000, 0x00000000e0b00000, 0x00000000e0b00000|100%| O|  |TAMS 0x00000000e0a00000, 0x00000000e0a00000| Untracked 
| 523|0x00000000e0b00000, 0x00000000e0c00000, 0x00000000e0c00000|100%| O|  |TAMS 0x00000000e0b00000, 0x00000000e0b00000| Untracked 
| 524|0x00000000e0c00000, 0x00000000e0d00000, 0x00000000e0d00000|100%| O|  |TAMS 0x00000000e0c00000, 0x00000000e0c00000| Untracked 
| 525|0x00000000e0d00000, 0x00000000e0e00000, 0x00000000e0e00000|100%| O|  |TAMS 0x00000000e0d00000, 0x00000000e0d00000| Untracked 
| 526|0x00000000e0e00000, 0x00000000e0f00000, 0x00000000e0f00000|100%| O|  |TAMS 0x00000000e0e00000, 0x00000000e0e00000| Untracked 
| 527|0x00000000e0f00000, 0x00000000e1000000, 0x00000000e1000000|100%| O|  |TAMS 0x00000000e0f00000, 0x00000000e0f00000| Untracked 
| 528|0x00000000e1000000, 0x00000000e1100000, 0x00000000e1100000|100%| O|  |TAMS 0x00000000e1000000, 0x00000000e1000000| Untracked 
| 529|0x00000000e1100000, 0x00000000e1200000, 0x00000000e1200000|100%| O|  |TAMS 0x00000000e1100000, 0x00000000e1100000| Untracked 
| 530|0x00000000e1200000, 0x00000000e1300000, 0x00000000e1300000|100%| O|  |TAMS 0x00000000e1200000, 0x00000000e1200000| Untracked 
| 531|0x00000000e1300000, 0x00000000e1400000, 0x00000000e1400000|100%| O|  |TAMS 0x00000000e1300000, 0x00000000e1300000| Untracked 
| 532|0x00000000e1400000, 0x00000000e1500000, 0x00000000e1500000|100%| O|  |TAMS 0x00000000e1400000, 0x00000000e1400000| Untracked 
| 533|0x00000000e1500000, 0x00000000e1600000, 0x00000000e1600000|100%| O|  |TAMS 0x00000000e1500000, 0x00000000e1500000| Untracked 
| 534|0x00000000e1600000, 0x00000000e1700000, 0x00000000e1700000|100%| O|  |TAMS 0x00000000e1600000, 0x00000000e1600000| Untracked 
| 535|0x00000000e1700000, 0x00000000e1800000, 0x00000000e1800000|100%| O|  |TAMS 0x00000000e1700000, 0x00000000e1700000| Untracked 
| 536|0x00000000e1800000, 0x00000000e1900000, 0x00000000e1900000|100%| O|  |TAMS 0x00000000e1800000, 0x00000000e1800000| Untracked 
| 537|0x00000000e1900000, 0x00000000e1a00000, 0x00000000e1a00000|100%| O|  |TAMS 0x00000000e1900000, 0x00000000e1900000| Untracked 
| 538|0x00000000e1a00000, 0x00000000e1b00000, 0x00000000e1b00000|100%| O|  |TAMS 0x00000000e1a00000, 0x00000000e1a00000| Untracked 
| 539|0x00000000e1b00000, 0x00000000e1c00000, 0x00000000e1c00000|100%| O|  |TAMS 0x00000000e1b00000, 0x00000000e1b00000| Untracked 
| 540|0x00000000e1c00000, 0x00000000e1d00000, 0x00000000e1d00000|100%| O|  |TAMS 0x00000000e1c00000, 0x00000000e1c00000| Untracked 
| 541|0x00000000e1d00000, 0x00000000e1e00000, 0x00000000e1e00000|100%| O|  |TAMS 0x00000000e1d00000, 0x00000000e1d00000| Untracked 
| 542|0x00000000e1e00000, 0x00000000e1f00000, 0x00000000e1f00000|100%| O|  |TAMS 0x00000000e1e00000, 0x00000000e1e00000| Untracked 
| 543|0x00000000e1f00000, 0x00000000e2000000, 0x00000000e2000000|100%| O|  |TAMS 0x00000000e1f00000, 0x00000000e1f00000| Untracked 
| 544|0x00000000e2000000, 0x00000000e2100000, 0x00000000e2100000|100%| O|  |TAMS 0x00000000e2000000, 0x00000000e2000000| Untracked 
| 545|0x00000000e2100000, 0x00000000e2200000, 0x00000000e2200000|100%| O|  |TAMS 0x00000000e2100000, 0x00000000e2100000| Untracked 
| 546|0x00000000e2200000, 0x00000000e2300000, 0x00000000e2300000|100%| O|  |TAMS 0x00000000e2200000, 0x00000000e2200000| Untracked 
| 547|0x00000000e2300000, 0x00000000e2400000, 0x00000000e2400000|100%| O|  |TAMS 0x00000000e2300000, 0x00000000e2300000| Untracked 
| 548|0x00000000e2400000, 0x00000000e2500000, 0x00000000e2500000|100%| O|  |TAMS 0x00000000e2400000, 0x00000000e2400000| Untracked 
| 549|0x00000000e2500000, 0x00000000e2600000, 0x00000000e2600000|100%| O|  |TAMS 0x00000000e2500000, 0x00000000e2500000| Untracked 
| 550|0x00000000e2600000, 0x00000000e2700000, 0x00000000e2700000|100%| O|  |TAMS 0x00000000e2600000, 0x00000000e2600000| Untracked 
| 551|0x00000000e2700000, 0x00000000e2800000, 0x00000000e2800000|100%| O|  |TAMS 0x00000000e2700000, 0x00000000e2700000| Untracked 
| 552|0x00000000e2800000, 0x00000000e2900000, 0x00000000e2900000|100%| O|  |TAMS 0x00000000e2800000, 0x00000000e2800000| Untracked 
| 553|0x00000000e2900000, 0x00000000e2a00000, 0x00000000e2a00000|100%| O|  |TAMS 0x00000000e2900000, 0x00000000e2900000| Untracked 
| 554|0x00000000e2a00000, 0x00000000e2b00000, 0x00000000e2b00000|100%| O|  |TAMS 0x00000000e2a00000, 0x00000000e2a00000| Untracked 
| 555|0x00000000e2b00000, 0x00000000e2c00000, 0x00000000e2c00000|100%| O|  |TAMS 0x00000000e2b00000, 0x00000000e2b00000| Untracked 
| 556|0x00000000e2c00000, 0x00000000e2d00000, 0x00000000e2d00000|100%| O|  |TAMS 0x00000000e2c00000, 0x00000000e2c00000| Untracked 
| 557|0x00000000e2d00000, 0x00000000e2e00000, 0x00000000e2e00000|100%| O|  |TAMS 0x00000000e2d00000, 0x00000000e2d00000| Untracked 
| 558|0x00000000e2e00000, 0x00000000e2f00000, 0x00000000e2f00000|100%| O|  |TAMS 0x00000000e2e00000, 0x00000000e2e00000| Untracked 
| 559|0x00000000e2f00000, 0x00000000e3000000, 0x00000000e3000000|100%| O|  |TAMS 0x00000000e2f00000, 0x00000000e2f00000| Untracked 
| 560|0x00000000e3000000, 0x00000000e3100000, 0x00000000e3100000|100%| O|  |TAMS 0x00000000e3000000, 0x00000000e3000000| Untracked 
| 561|0x00000000e3100000, 0x00000000e3200000, 0x00000000e3200000|100%| O|  |TAMS 0x00000000e3100000, 0x00000000e3100000| Untracked 
| 562|0x00000000e3200000, 0x00000000e3300000, 0x00000000e3300000|100%| O|  |TAMS 0x00000000e3200000, 0x00000000e3200000| Untracked 
| 563|0x00000000e3300000, 0x00000000e3400000, 0x00000000e3400000|100%| O|  |TAMS 0x00000000e3300000, 0x00000000e3300000| Untracked 
| 564|0x00000000e3400000, 0x00000000e3500000, 0x00000000e3500000|100%| O|  |TAMS 0x00000000e3400000, 0x00000000e3400000| Untracked 
| 565|0x00000000e3500000, 0x00000000e3600000, 0x00000000e3600000|100%| O|  |TAMS 0x00000000e3500000, 0x00000000e3500000| Untracked 
| 566|0x00000000e3600000, 0x00000000e3700000, 0x00000000e3700000|100%| O|  |TAMS 0x00000000e3600000, 0x00000000e3600000| Untracked 
| 567|0x00000000e3700000, 0x00000000e3800000, 0x00000000e3800000|100%| O|  |TAMS 0x00000000e3700000, 0x00000000e3700000| Untracked 
| 568|0x00000000e3800000, 0x00000000e3900000, 0x00000000e3900000|100%| O|  |TAMS 0x00000000e3800000, 0x00000000e3800000| Untracked 
| 569|0x00000000e3900000, 0x00000000e3a00000, 0x00000000e3a00000|100%| O|  |TAMS 0x00000000e3900000, 0x00000000e3900000| Untracked 
| 570|0x00000000e3a00000, 0x00000000e3b00000, 0x00000000e3b00000|100%| O|  |TAMS 0x00000000e3a00000, 0x00000000e3a00000| Untracked 
| 571|0x00000000e3b00000, 0x00000000e3c00000, 0x00000000e3c00000|100%| O|  |TAMS 0x00000000e3b00000, 0x00000000e3b00000| Untracked 
| 572|0x00000000e3c00000, 0x00000000e3d00000, 0x00000000e3d00000|100%| O|  |TAMS 0x00000000e3c00000, 0x00000000e3c00000| Untracked 
| 573|0x00000000e3d00000, 0x00000000e3e00000, 0x00000000e3e00000|100%| O|  |TAMS 0x00000000e3d00000, 0x00000000e3d00000| Untracked 
| 574|0x00000000e3e00000, 0x00000000e3f00000, 0x00000000e3f00000|100%| O|  |TAMS 0x00000000e3e00000, 0x00000000e3e00000| Untracked 
| 575|0x00000000e3f00000, 0x00000000e4000000, 0x00000000e4000000|100%| O|  |TAMS 0x00000000e3f00000, 0x00000000e3f00000| Untracked 
| 576|0x00000000e4000000, 0x00000000e4100000, 0x00000000e4100000|100%| O|  |TAMS 0x00000000e4000000, 0x00000000e4000000| Untracked 
| 577|0x00000000e4100000, 0x00000000e4200000, 0x00000000e4200000|100%| O|  |TAMS 0x00000000e4100000, 0x00000000e4100000| Untracked 
| 578|0x00000000e4200000, 0x00000000e4300000, 0x00000000e4300000|100%| O|  |TAMS 0x00000000e4200000, 0x00000000e4200000| Untracked 
| 579|0x00000000e4300000, 0x00000000e4400000, 0x00000000e4400000|100%| O|  |TAMS 0x00000000e4300000, 0x00000000e4300000| Untracked 
| 580|0x00000000e4400000, 0x00000000e4500000, 0x00000000e4500000|100%| O|  |TAMS 0x00000000e4400000, 0x00000000e4400000| Untracked 
| 581|0x00000000e4500000, 0x00000000e4600000, 0x00000000e4600000|100%| O|  |TAMS 0x00000000e4500000, 0x00000000e4500000| Untracked 
| 582|0x00000000e4600000, 0x00000000e4700000, 0x00000000e4700000|100%| O|  |TAMS 0x00000000e4600000, 0x00000000e4600000| Untracked 
| 583|0x00000000e4700000, 0x00000000e4800000, 0x00000000e4800000|100%| O|  |TAMS 0x00000000e4700000, 0x00000000e4700000| Untracked 
| 584|0x00000000e4800000, 0x00000000e4900000, 0x00000000e4900000|100%|HS|  |TAMS 0x00000000e4800000, 0x00000000e4800000| Complete 
| 585|0x00000000e4900000, 0x00000000e4a00000, 0x00000000e4a00000|100%| O|  |TAMS 0x00000000e4900000, 0x00000000e4900000| Untracked 
| 586|0x00000000e4a00000, 0x00000000e4b00000, 0x00000000e4b00000|100%| O|  |TAMS 0x00000000e4a00000, 0x00000000e4a00000| Untracked 
| 587|0x00000000e4b00000, 0x00000000e4c00000, 0x00000000e4c00000|100%| O|  |TAMS 0x00000000e4b00000, 0x00000000e4b00000| Untracked 
| 588|0x00000000e4c00000, 0x00000000e4d00000, 0x00000000e4d00000|100%| O|  |TAMS 0x00000000e4c00000, 0x00000000e4c00000| Untracked 
| 589|0x00000000e4d00000, 0x00000000e4e00000, 0x00000000e4e00000|100%| O|  |TAMS 0x00000000e4d00000, 0x00000000e4d00000| Untracked 
| 590|0x00000000e4e00000, 0x00000000e4f00000, 0x00000000e4f00000|100%| O|  |TAMS 0x00000000e4e00000, 0x00000000e4e00000| Untracked 
| 591|0x00000000e4f00000, 0x00000000e5000000, 0x00000000e5000000|100%| O|  |TAMS 0x00000000e4f00000, 0x00000000e4f00000| Untracked 
| 592|0x00000000e5000000, 0x00000000e5100000, 0x00000000e5100000|100%| O|  |TAMS 0x00000000e5000000, 0x00000000e5000000| Untracked 
| 593|0x00000000e5100000, 0x00000000e5200000, 0x00000000e5200000|100%| O|  |TAMS 0x00000000e5100000, 0x00000000e5100000| Untracked 
| 594|0x00000000e5200000, 0x00000000e5300000, 0x00000000e5300000|100%|HS|  |TAMS 0x00000000e5200000, 0x00000000e5200000| Complete 
| 595|0x00000000e5300000, 0x00000000e5400000, 0x00000000e5400000|100%|HS|  |TAMS 0x00000000e5300000, 0x00000000e5300000| Complete 
| 596|0x00000000e5400000, 0x00000000e5500000, 0x00000000e5500000|100%|HC|  |TAMS 0x00000000e5400000, 0x00000000e5400000| Complete 
| 597|0x00000000e5500000, 0x00000000e5600000, 0x00000000e5600000|100%|HS|  |TAMS 0x00000000e5500000, 0x00000000e5500000| Complete 
| 598|0x00000000e5600000, 0x00000000e5700000, 0x00000000e5700000|100%|HS|  |TAMS 0x00000000e5600000, 0x00000000e5600000| Complete 
| 599|0x00000000e5700000, 0x00000000e5800000, 0x00000000e5800000|100%|HC|  |TAMS 0x00000000e5700000, 0x00000000e5700000| Complete 
| 600|0x00000000e5800000, 0x00000000e5900000, 0x00000000e5900000|100%|HS|  |TAMS 0x00000000e5800000, 0x00000000e5800000| Complete 
| 601|0x00000000e5900000, 0x00000000e5a00000, 0x00000000e5a00000|100%|HS|  |TAMS 0x00000000e5900000, 0x00000000e5900000| Complete 
| 602|0x00000000e5a00000, 0x00000000e5b00000, 0x00000000e5b00000|100%|HS|  |TAMS 0x00000000e5a00000, 0x00000000e5a00000| Complete 
| 603|0x00000000e5b00000, 0x00000000e5c00000, 0x00000000e5c00000|100%|HS|  |TAMS 0x00000000e5b00000, 0x00000000e5b00000| Complete 
| 604|0x00000000e5c00000, 0x00000000e5d00000, 0x00000000e5d00000|100%|HS|  |TAMS 0x00000000e5c00000, 0x00000000e5c00000| Complete 
| 605|0x00000000e5d00000, 0x00000000e5e00000, 0x00000000e5e00000|100%|HC|  |TAMS 0x00000000e5d00000, 0x00000000e5d00000| Complete 
| 606|0x00000000e5e00000, 0x00000000e5f00000, 0x00000000e5f00000|100%|HS|  |TAMS 0x00000000e5e00000, 0x00000000e5e00000| Complete 
| 607|0x00000000e5f00000, 0x00000000e6000000, 0x00000000e6000000|100%|HS|  |TAMS 0x00000000e5f00000, 0x00000000e5f00000| Complete 
| 608|0x00000000e6000000, 0x00000000e6100000, 0x00000000e6100000|100%|HS|  |TAMS 0x00000000e6000000, 0x00000000e6000000| Complete 
| 609|0x00000000e6100000, 0x00000000e6200000, 0x00000000e6200000|100%|HS|  |TAMS 0x00000000e6100000, 0x00000000e6100000| Complete 
| 610|0x00000000e6200000, 0x00000000e6300000, 0x00000000e6300000|100%|HS|  |TAMS 0x00000000e6200000, 0x00000000e6200000| Complete 
| 611|0x00000000e6300000, 0x00000000e6400000, 0x00000000e6400000|100%|HS|  |TAMS 0x00000000e6300000, 0x00000000e6300000| Complete 
| 612|0x00000000e6400000, 0x00000000e6500000, 0x00000000e6500000|100%|HS|  |TAMS 0x00000000e6400000, 0x00000000e6400000| Complete 
| 613|0x00000000e6500000, 0x00000000e6600000, 0x00000000e6600000|100%|HC|  |TAMS 0x00000000e6500000, 0x00000000e6500000| Complete 
| 614|0x00000000e6600000, 0x00000000e6700000, 0x00000000e6700000|100%| O|  |TAMS 0x00000000e6600000, 0x00000000e6600000| Untracked 
| 615|0x00000000e6700000, 0x00000000e6800000, 0x00000000e6800000|100%| O|  |TAMS 0x00000000e6700000, 0x00000000e6700000| Untracked 
| 616|0x00000000e6800000, 0x00000000e6900000, 0x00000000e6900000|100%| O|  |TAMS 0x00000000e6800000, 0x00000000e6800000| Untracked 
| 617|0x00000000e6900000, 0x00000000e6a00000, 0x00000000e6a00000|100%|HS|  |TAMS 0x00000000e6900000, 0x00000000e6900000| Complete 
| 618|0x00000000e6a00000, 0x00000000e6b00000, 0x00000000e6b00000|100%| O|  |TAMS 0x00000000e6a00000, 0x00000000e6a00000| Untracked 
| 619|0x00000000e6b00000, 0x00000000e6c00000, 0x00000000e6c00000|100%| O|  |TAMS 0x00000000e6b00000, 0x00000000e6b00000| Untracked 
| 620|0x00000000e6c00000, 0x00000000e6d00000, 0x00000000e6d00000|100%| O|  |TAMS 0x00000000e6c00000, 0x00000000e6c00000| Untracked 
| 621|0x00000000e6d00000, 0x00000000e6e00000, 0x00000000e6e00000|100%| O|  |TAMS 0x00000000e6d00000, 0x00000000e6d00000| Untracked 
| 622|0x00000000e6e00000, 0x00000000e6f00000, 0x00000000e6f00000|100%| O|  |TAMS 0x00000000e6e00000, 0x00000000e6e00000| Untracked 
| 623|0x00000000e6f00000, 0x00000000e7000000, 0x00000000e7000000|100%| O|  |TAMS 0x00000000e6f00000, 0x00000000e6f00000| Untracked 
| 624|0x00000000e7000000, 0x00000000e7100000, 0x00000000e7100000|100%| O|  |TAMS 0x00000000e7000000, 0x00000000e7000000| Untracked 
| 625|0x00000000e7100000, 0x00000000e7200000, 0x00000000e7200000|100%|HS|  |TAMS 0x00000000e7100000, 0x00000000e7100000| Complete 
| 626|0x00000000e7200000, 0x00000000e7300000, 0x00000000e7300000|100%| O|  |TAMS 0x00000000e7200000, 0x00000000e7200000| Untracked 
| 627|0x00000000e7300000, 0x00000000e7400000, 0x00000000e7400000|100%| O|  |TAMS 0x00000000e7300000, 0x00000000e7300000| Untracked 
| 628|0x00000000e7400000, 0x00000000e7500000, 0x00000000e7500000|100%| O|  |TAMS 0x00000000e7400000, 0x00000000e7400000| Untracked 
| 629|0x00000000e7500000, 0x00000000e7600000, 0x00000000e7600000|100%| O|  |TAMS 0x00000000e7500000, 0x00000000e7500000| Untracked 
| 630|0x00000000e7600000, 0x00000000e7700000, 0x00000000e7700000|100%|HS|  |TAMS 0x00000000e7600000, 0x00000000e7600000| Complete 
| 631|0x00000000e7700000, 0x00000000e7800000, 0x00000000e7800000|100%| O|  |TAMS 0x00000000e7700000, 0x00000000e7700000| Untracked 
| 632|0x00000000e7800000, 0x00000000e7900000, 0x00000000e7900000|100%| O|  |TAMS 0x00000000e7800000, 0x00000000e7800000| Untracked 
| 633|0x00000000e7900000, 0x00000000e7a00000, 0x00000000e7a00000|100%| O|  |TAMS 0x00000000e7900000, 0x00000000e7900000| Untracked 
| 634|0x00000000e7a00000, 0x00000000e7b00000, 0x00000000e7b00000|100%| O|  |TAMS 0x00000000e7a00000, 0x00000000e7a00000| Untracked 
| 635|0x00000000e7b00000, 0x00000000e7c00000, 0x00000000e7c00000|100%| O|  |TAMS 0x00000000e7b00000, 0x00000000e7b00000| Untracked 
| 636|0x00000000e7c00000, 0x00000000e7d00000, 0x00000000e7d00000|100%| O|  |TAMS 0x00000000e7c00000, 0x00000000e7c00000| Untracked 
| 637|0x00000000e7d00000, 0x00000000e7e00000, 0x00000000e7e00000|100%| O|  |TAMS 0x00000000e7d00000, 0x00000000e7d00000| Untracked 
| 638|0x00000000e7e00000, 0x00000000e7f00000, 0x00000000e7f00000|100%| O|  |TAMS 0x00000000e7e00000, 0x00000000e7e00000| Untracked 
| 639|0x00000000e7f00000, 0x00000000e8000000, 0x00000000e8000000|100%|HS|  |TAMS 0x00000000e7f00000, 0x00000000e7f00000| Complete 
| 640|0x00000000e8000000, 0x00000000e8100000, 0x00000000e8100000|100%|HS|  |TAMS 0x00000000e8000000, 0x00000000e8000000| Complete 
| 641|0x00000000e8100000, 0x00000000e8200000, 0x00000000e8200000|100%|HS|  |TAMS 0x00000000e8100000, 0x00000000e8100000| Complete 
| 642|0x00000000e8200000, 0x00000000e8300000, 0x00000000e8300000|100%|HC|  |TAMS 0x00000000e8200000, 0x00000000e8200000| Complete 
| 643|0x00000000e8300000, 0x00000000e8400000, 0x00000000e8400000|100%| O|  |TAMS 0x00000000e8300000, 0x00000000e8300000| Untracked 
| 644|0x00000000e8400000, 0x00000000e8500000, 0x00000000e8500000|100%|HS|  |TAMS 0x00000000e8400000, 0x00000000e8400000| Complete 
| 645|0x00000000e8500000, 0x00000000e8600000, 0x00000000e8600000|100%|HS|  |TAMS 0x00000000e8500000, 0x00000000e8500000| Complete 
| 646|0x00000000e8600000, 0x00000000e8700000, 0x00000000e8700000|100%|HS|  |TAMS 0x00000000e8600000, 0x00000000e8600000| Complete 
| 647|0x00000000e8700000, 0x00000000e8800000, 0x00000000e8800000|100%|HC|  |TAMS 0x00000000e8700000, 0x00000000e8700000| Complete 
| 648|0x00000000e8800000, 0x00000000e8900000, 0x00000000e8900000|100%| O|  |TAMS 0x00000000e8800000, 0x00000000e8800000| Untracked 
| 649|0x00000000e8900000, 0x00000000e8a00000, 0x00000000e8a00000|100%| O|  |TAMS 0x00000000e8900000, 0x00000000e8900000| Untracked 
| 650|0x00000000e8a00000, 0x00000000e8b00000, 0x00000000e8b00000|100%| O|  |TAMS 0x00000000e8a00000, 0x00000000e8a00000| Untracked 
| 651|0x00000000e8b00000, 0x00000000e8c00000, 0x00000000e8c00000|100%| O|  |TAMS 0x00000000e8b00000, 0x00000000e8b00000| Untracked 
| 652|0x00000000e8c00000, 0x00000000e8d00000, 0x00000000e8d00000|100%| O|  |TAMS 0x00000000e8c00000, 0x00000000e8c00000| Untracked 
| 653|0x00000000e8d00000, 0x00000000e8e00000, 0x00000000e8e00000|100%| O|  |TAMS 0x00000000e8d00000, 0x00000000e8d00000| Untracked 
| 654|0x00000000e8e00000, 0x00000000e8f00000, 0x00000000e8f00000|100%|HS|  |TAMS 0x00000000e8e00000, 0x00000000e8e00000| Complete 
| 655|0x00000000e8f00000, 0x00000000e9000000, 0x00000000e9000000|100%|HC|  |TAMS 0x00000000e8f00000, 0x00000000e8f00000| Complete 
| 656|0x00000000e9000000, 0x00000000e9100000, 0x00000000e9100000|100%|HC|  |TAMS 0x00000000e9000000, 0x00000000e9000000| Complete 
| 657|0x00000000e9100000, 0x00000000e9200000, 0x00000000e9200000|100%|HC|  |TAMS 0x00000000e9100000, 0x00000000e9100000| Complete 
| 658|0x00000000e9200000, 0x00000000e9300000, 0x00000000e9300000|100%|HC|  |TAMS 0x00000000e9200000, 0x00000000e9200000| Complete 
| 659|0x00000000e9300000, 0x00000000e9400000, 0x00000000e9400000|100%|HC|  |TAMS 0x00000000e9300000, 0x00000000e9300000| Complete 
| 660|0x00000000e9400000, 0x00000000e9500000, 0x00000000e9500000|100%|HC|  |TAMS 0x00000000e9400000, 0x00000000e9400000| Complete 
| 661|0x00000000e9500000, 0x00000000e9600000, 0x00000000e9600000|100%|HC|  |TAMS 0x00000000e9500000, 0x00000000e9500000| Complete 
| 662|0x00000000e9600000, 0x00000000e9700000, 0x00000000e9700000|100%|HC|  |TAMS 0x00000000e9600000, 0x00000000e9600000| Complete 
| 663|0x00000000e9700000, 0x00000000e9800000, 0x00000000e9800000|100%|HC|  |TAMS 0x00000000e9700000, 0x00000000e9700000| Complete 
| 664|0x00000000e9800000, 0x00000000e9900000, 0x00000000e9900000|100%|HC|  |TAMS 0x00000000e9800000, 0x00000000e9800000| Complete 
| 665|0x00000000e9900000, 0x00000000e9a00000, 0x00000000e9a00000|100%|HC|  |TAMS 0x00000000e9900000, 0x00000000e9900000| Complete 
| 666|0x00000000e9a00000, 0x00000000e9b00000, 0x00000000e9b00000|100%|HC|  |TAMS 0x00000000e9a00000, 0x00000000e9a00000| Complete 
| 667|0x00000000e9b00000, 0x00000000e9c00000, 0x00000000e9c00000|100%|HC|  |TAMS 0x00000000e9b00000, 0x00000000e9b00000| Complete 
| 668|0x00000000e9c00000, 0x00000000e9d00000, 0x00000000e9d00000|100%| O|  |TAMS 0x00000000e9c00000, 0x00000000e9c00000| Untracked 
| 669|0x00000000e9d00000, 0x00000000e9e00000, 0x00000000e9e00000|100%| O|  |TAMS 0x00000000e9d00000, 0x00000000e9d00000| Untracked 
| 670|0x00000000e9e00000, 0x00000000e9f00000, 0x00000000e9f00000|100%| O|  |TAMS 0x00000000e9e00000, 0x00000000e9e00000| Untracked 
| 671|0x00000000e9f00000, 0x00000000ea000000, 0x00000000ea000000|100%| O|  |TAMS 0x00000000e9f00000, 0x00000000e9f00000| Untracked 
| 672|0x00000000ea000000, 0x00000000ea100000, 0x00000000ea100000|100%| O|  |TAMS 0x00000000ea000000, 0x00000000ea000000| Untracked 
| 673|0x00000000ea100000, 0x00000000ea200000, 0x00000000ea200000|100%| O|  |TAMS 0x00000000ea100000, 0x00000000ea100000| Untracked 
| 674|0x00000000ea200000, 0x00000000ea300000, 0x00000000ea300000|100%| O|  |TAMS 0x00000000ea200000, 0x00000000ea200000| Untracked 
| 675|0x00000000ea300000, 0x00000000ea300000, 0x00000000ea400000|  0%| F|  |TAMS 0x00000000ea300000, 0x00000000ea300000| Untracked 
| 676|0x00000000ea400000, 0x00000000ea400000, 0x00000000ea500000|  0%| F|  |TAMS 0x00000000ea400000, 0x00000000ea400000| Untracked 
| 677|0x00000000ea500000, 0x00000000ea500000, 0x00000000ea600000|  0%| F|  |TAMS 0x00000000ea500000, 0x00000000ea500000| Untracked 
| 678|0x00000000ea600000, 0x00000000ea600000, 0x00000000ea700000|  0%| F|  |TAMS 0x00000000ea600000, 0x00000000ea600000| Untracked 
| 679|0x00000000ea700000, 0x00000000ea700000, 0x00000000ea800000|  0%| F|  |TAMS 0x00000000ea700000, 0x00000000ea700000| Untracked 
| 680|0x00000000ea800000, 0x00000000ea800000, 0x00000000ea900000|  0%| F|  |TAMS 0x00000000ea800000, 0x00000000ea800000| Untracked 
| 681|0x00000000ea900000, 0x00000000ea900000, 0x00000000eaa00000|  0%| F|  |TAMS 0x00000000ea900000, 0x00000000ea900000| Untracked 
| 682|0x00000000eaa00000, 0x00000000eaa00000, 0x00000000eab00000|  0%| F|  |TAMS 0x00000000eaa00000, 0x00000000eaa00000| Untracked 
| 683|0x00000000eab00000, 0x00000000eab00000, 0x00000000eac00000|  0%| F|  |TAMS 0x00000000eab00000, 0x00000000eab00000| Untracked 
| 684|0x00000000eac00000, 0x00000000eac00000, 0x00000000ead00000|  0%| F|  |TAMS 0x00000000eac00000, 0x00000000eac00000| Untracked 
| 685|0x00000000ead00000, 0x00000000ead00000, 0x00000000eae00000|  0%| F|  |TAMS 0x00000000ead00000, 0x00000000ead00000| Untracked 
| 686|0x00000000eae00000, 0x00000000eae00000, 0x00000000eaf00000|  0%| F|  |TAMS 0x00000000eae00000, 0x00000000eae00000| Untracked 
| 687|0x00000000eaf00000, 0x00000000eaf00000, 0x00000000eb000000|  0%| F|  |TAMS 0x00000000eaf00000, 0x00000000eaf00000| Untracked 
| 688|0x00000000eb000000, 0x00000000eb000000, 0x00000000eb100000|  0%| F|  |TAMS 0x00000000eb000000, 0x00000000eb000000| Untracked 
| 689|0x00000000eb100000, 0x00000000eb100000, 0x00000000eb200000|  0%| F|  |TAMS 0x00000000eb100000, 0x00000000eb100000| Untracked 
| 690|0x00000000eb200000, 0x00000000eb200000, 0x00000000eb300000|  0%| F|  |TAMS 0x00000000eb200000, 0x00000000eb200000| Untracked 
| 691|0x00000000eb300000, 0x00000000eb300000, 0x00000000eb400000|  0%| F|  |TAMS 0x00000000eb300000, 0x00000000eb300000| Untracked 
| 692|0x00000000eb400000, 0x00000000eb400000, 0x00000000eb500000|  0%| F|  |TAMS 0x00000000eb400000, 0x00000000eb400000| Untracked 
| 693|0x00000000eb500000, 0x00000000eb500000, 0x00000000eb600000|  0%| F|  |TAMS 0x00000000eb500000, 0x00000000eb500000| Untracked 
| 694|0x00000000eb600000, 0x00000000eb600000, 0x00000000eb700000|  0%| F|  |TAMS 0x00000000eb600000, 0x00000000eb600000| Untracked 
| 695|0x00000000eb700000, 0x00000000eb700000, 0x00000000eb800000|  0%| F|  |TAMS 0x00000000eb700000, 0x00000000eb700000| Untracked 
| 696|0x00000000eb800000, 0x00000000eb800000, 0x00000000eb900000|  0%| F|  |TAMS 0x00000000eb800000, 0x00000000eb800000| Untracked 
| 697|0x00000000eb900000, 0x00000000eb900000, 0x00000000eba00000|  0%| F|  |TAMS 0x00000000eb900000, 0x00000000eb900000| Untracked 
| 698|0x00000000eba00000, 0x00000000eba00000, 0x00000000ebb00000|  0%| F|  |TAMS 0x00000000eba00000, 0x00000000eba00000| Untracked 
| 699|0x00000000ebb00000, 0x00000000ebb00000, 0x00000000ebc00000|  0%| F|  |TAMS 0x00000000ebb00000, 0x00000000ebb00000| Untracked 
| 700|0x00000000ebc00000, 0x00000000ebc00000, 0x00000000ebd00000|  0%| F|  |TAMS 0x00000000ebc00000, 0x00000000ebc00000| Untracked 
| 701|0x00000000ebd00000, 0x00000000ebd00000, 0x00000000ebe00000|  0%| F|  |TAMS 0x00000000ebd00000, 0x00000000ebd00000| Untracked 
| 702|0x00000000ebe00000, 0x00000000ebe00000, 0x00000000ebf00000|  0%| F|  |TAMS 0x00000000ebe00000, 0x00000000ebe00000| Untracked 
| 703|0x00000000ebf00000, 0x00000000ebf00000, 0x00000000ec000000|  0%| F|  |TAMS 0x00000000ebf00000, 0x00000000ebf00000| Untracked 
| 704|0x00000000ec000000, 0x00000000ec000000, 0x00000000ec100000|  0%| F|  |TAMS 0x00000000ec000000, 0x00000000ec000000| Untracked 
| 705|0x00000000ec100000, 0x00000000ec100000, 0x00000000ec200000|  0%| F|  |TAMS 0x00000000ec100000, 0x00000000ec100000| Untracked 
| 706|0x00000000ec200000, 0x00000000ec200000, 0x00000000ec300000|  0%| F|  |TAMS 0x00000000ec200000, 0x00000000ec200000| Untracked 
| 707|0x00000000ec300000, 0x00000000ec300000, 0x00000000ec400000|  0%| F|  |TAMS 0x00000000ec300000, 0x00000000ec300000| Untracked 
| 708|0x00000000ec400000, 0x00000000ec400000, 0x00000000ec500000|  0%| F|  |TAMS 0x00000000ec400000, 0x00000000ec400000| Untracked 
| 709|0x00000000ec500000, 0x00000000ec500000, 0x00000000ec600000|  0%| F|  |TAMS 0x00000000ec500000, 0x00000000ec500000| Untracked 
| 710|0x00000000ec600000, 0x00000000ec600000, 0x00000000ec700000|  0%| F|  |TAMS 0x00000000ec600000, 0x00000000ec600000| Untracked 
| 711|0x00000000ec700000, 0x00000000ec700000, 0x00000000ec800000|  0%| F|  |TAMS 0x00000000ec700000, 0x00000000ec700000| Untracked 
| 712|0x00000000ec800000, 0x00000000ec800000, 0x00000000ec900000|  0%| F|  |TAMS 0x00000000ec800000, 0x00000000ec800000| Untracked 
| 713|0x00000000ec900000, 0x00000000ec900000, 0x00000000eca00000|  0%| F|  |TAMS 0x00000000ec900000, 0x00000000ec900000| Untracked 
| 714|0x00000000eca00000, 0x00000000eca00000, 0x00000000ecb00000|  0%| F|  |TAMS 0x00000000eca00000, 0x00000000eca00000| Untracked 
| 715|0x00000000ecb00000, 0x00000000ecb00000, 0x00000000ecc00000|  0%| F|  |TAMS 0x00000000ecb00000, 0x00000000ecb00000| Untracked 
| 716|0x00000000ecc00000, 0x00000000ecc00000, 0x00000000ecd00000|  0%| F|  |TAMS 0x00000000ecc00000, 0x00000000ecc00000| Untracked 
| 717|0x00000000ecd00000, 0x00000000ecd00000, 0x00000000ece00000|  0%| F|  |TAMS 0x00000000ecd00000, 0x00000000ecd00000| Untracked 
| 718|0x00000000ece00000, 0x00000000ece00000, 0x00000000ecf00000|  0%| F|  |TAMS 0x00000000ece00000, 0x00000000ece00000| Untracked 
| 719|0x00000000ecf00000, 0x00000000ecf00000, 0x00000000ed000000|  0%| F|  |TAMS 0x00000000ecf00000, 0x00000000ecf00000| Untracked 
| 720|0x00000000ed000000, 0x00000000ed000000, 0x00000000ed100000|  0%| F|  |TAMS 0x00000000ed000000, 0x00000000ed000000| Untracked 
| 721|0x00000000ed100000, 0x00000000ed100000, 0x00000000ed200000|  0%| F|  |TAMS 0x00000000ed100000, 0x00000000ed100000| Untracked 
| 722|0x00000000ed200000, 0x00000000ed200000, 0x00000000ed300000|  0%| F|  |TAMS 0x00000000ed200000, 0x00000000ed200000| Untracked 
| 723|0x00000000ed300000, 0x00000000ed300000, 0x00000000ed400000|  0%| F|  |TAMS 0x00000000ed300000, 0x00000000ed300000| Untracked 
| 724|0x00000000ed400000, 0x00000000ed400000, 0x00000000ed500000|  0%| F|  |TAMS 0x00000000ed400000, 0x00000000ed400000| Untracked 
| 725|0x00000000ed500000, 0x00000000ed500000, 0x00000000ed600000|  0%| F|  |TAMS 0x00000000ed500000, 0x00000000ed500000| Untracked 
| 726|0x00000000ed600000, 0x00000000ed600000, 0x00000000ed700000|  0%| F|  |TAMS 0x00000000ed600000, 0x00000000ed600000| Untracked 
| 727|0x00000000ed700000, 0x00000000ed700000, 0x00000000ed800000|  0%| F|  |TAMS 0x00000000ed700000, 0x00000000ed700000| Untracked 
| 728|0x00000000ed800000, 0x00000000ed800000, 0x00000000ed900000|  0%| F|  |TAMS 0x00000000ed800000, 0x00000000ed800000| Untracked 
| 729|0x00000000ed900000, 0x00000000ed900000, 0x00000000eda00000|  0%| F|  |TAMS 0x00000000ed900000, 0x00000000ed900000| Untracked 
| 730|0x00000000eda00000, 0x00000000eda00000, 0x00000000edb00000|  0%| F|  |TAMS 0x00000000eda00000, 0x00000000eda00000| Untracked 
| 731|0x00000000edb00000, 0x00000000edb00000, 0x00000000edc00000|  0%| F|  |TAMS 0x00000000edb00000, 0x00000000edb00000| Untracked 
| 732|0x00000000edc00000, 0x00000000edc00000, 0x00000000edd00000|  0%| F|  |TAMS 0x00000000edc00000, 0x00000000edc00000| Untracked 
| 733|0x00000000edd00000, 0x00000000edd00000, 0x00000000ede00000|  0%| F|  |TAMS 0x00000000edd00000, 0x00000000edd00000| Untracked 
| 734|0x00000000ede00000, 0x00000000ede00000, 0x00000000edf00000|  0%| F|  |TAMS 0x00000000ede00000, 0x00000000ede00000| Untracked 
| 735|0x00000000edf00000, 0x00000000edf00000, 0x00000000ee000000|  0%| F|  |TAMS 0x00000000edf00000, 0x00000000edf00000| Untracked 
| 736|0x00000000ee000000, 0x00000000ee000000, 0x00000000ee100000|  0%| F|  |TAMS 0x00000000ee000000, 0x00000000ee000000| Untracked 
| 737|0x00000000ee100000, 0x00000000ee100000, 0x00000000ee200000|  0%| F|  |TAMS 0x00000000ee100000, 0x00000000ee100000| Untracked 
| 738|0x00000000ee200000, 0x00000000ee200000, 0x00000000ee300000|  0%| F|  |TAMS 0x00000000ee200000, 0x00000000ee200000| Untracked 
| 739|0x00000000ee300000, 0x00000000ee300000, 0x00000000ee400000|  0%| F|  |TAMS 0x00000000ee300000, 0x00000000ee300000| Untracked 
| 740|0x00000000ee400000, 0x00000000ee400000, 0x00000000ee500000|  0%| F|  |TAMS 0x00000000ee400000, 0x00000000ee400000| Untracked 
| 741|0x00000000ee500000, 0x00000000ee500000, 0x00000000ee600000|  0%| F|  |TAMS 0x00000000ee500000, 0x00000000ee500000| Untracked 
| 742|0x00000000ee600000, 0x00000000ee600000, 0x00000000ee700000|  0%| F|  |TAMS 0x00000000ee600000, 0x00000000ee600000| Untracked 
| 743|0x00000000ee700000, 0x00000000ee700000, 0x00000000ee800000|  0%| F|  |TAMS 0x00000000ee700000, 0x00000000ee700000| Untracked 
| 744|0x00000000ee800000, 0x00000000ee800000, 0x00000000ee900000|  0%| F|  |TAMS 0x00000000ee800000, 0x00000000ee800000| Untracked 
| 745|0x00000000ee900000, 0x00000000ee900000, 0x00000000eea00000|  0%| F|  |TAMS 0x00000000ee900000, 0x00000000ee900000| Untracked 
| 746|0x00000000eea00000, 0x00000000eea00000, 0x00000000eeb00000|  0%| F|  |TAMS 0x00000000eea00000, 0x00000000eea00000| Untracked 
| 747|0x00000000eeb00000, 0x00000000eeb00000, 0x00000000eec00000|  0%| F|  |TAMS 0x00000000eeb00000, 0x00000000eeb00000| Untracked 
| 748|0x00000000eec00000, 0x00000000eec00000, 0x00000000eed00000|  0%| F|  |TAMS 0x00000000eec00000, 0x00000000eec00000| Untracked 
| 749|0x00000000eed00000, 0x00000000eed00000, 0x00000000eee00000|  0%| F|  |TAMS 0x00000000eed00000, 0x00000000eed00000| Untracked 
| 750|0x00000000eee00000, 0x00000000eee00000, 0x00000000eef00000|  0%| F|  |TAMS 0x00000000eee00000, 0x00000000eee00000| Untracked 
| 751|0x00000000eef00000, 0x00000000eef00000, 0x00000000ef000000|  0%| F|  |TAMS 0x00000000eef00000, 0x00000000eef00000| Untracked 
| 752|0x00000000ef000000, 0x00000000ef000000, 0x00000000ef100000|  0%| F|  |TAMS 0x00000000ef000000, 0x00000000ef000000| Untracked 
| 753|0x00000000ef100000, 0x00000000ef100000, 0x00000000ef200000|  0%| F|  |TAMS 0x00000000ef100000, 0x00000000ef100000| Untracked 
| 754|0x00000000ef200000, 0x00000000ef200000, 0x00000000ef300000|  0%| F|  |TAMS 0x00000000ef200000, 0x00000000ef200000| Untracked 
| 755|0x00000000ef300000, 0x00000000ef300000, 0x00000000ef400000|  0%| F|  |TAMS 0x00000000ef300000, 0x00000000ef300000| Untracked 
| 756|0x00000000ef400000, 0x00000000ef400000, 0x00000000ef500000|  0%| F|  |TAMS 0x00000000ef400000, 0x00000000ef400000| Untracked 
| 757|0x00000000ef500000, 0x00000000ef500000, 0x00000000ef600000|  0%| F|  |TAMS 0x00000000ef500000, 0x00000000ef500000| Untracked 
| 758|0x00000000ef600000, 0x00000000ef600000, 0x00000000ef700000|  0%| F|  |TAMS 0x00000000ef600000, 0x00000000ef600000| Untracked 
| 759|0x00000000ef700000, 0x00000000ef700000, 0x00000000ef800000|  0%| F|  |TAMS 0x00000000ef700000, 0x00000000ef700000| Untracked 
| 760|0x00000000ef800000, 0x00000000ef800000, 0x00000000ef900000|  0%| F|  |TAMS 0x00000000ef800000, 0x00000000ef800000| Untracked 
| 761|0x00000000ef900000, 0x00000000ef900000, 0x00000000efa00000|  0%| F|  |TAMS 0x00000000ef900000, 0x00000000ef900000| Untracked 
| 762|0x00000000efa00000, 0x00000000efa00000, 0x00000000efb00000|  0%| F|  |TAMS 0x00000000efa00000, 0x00000000efa00000| Untracked 
| 763|0x00000000efb00000, 0x00000000efb00000, 0x00000000efc00000|  0%| F|  |TAMS 0x00000000efb00000, 0x00000000efb00000| Untracked 
| 764|0x00000000efc00000, 0x00000000efc00000, 0x00000000efd00000|  0%| F|  |TAMS 0x00000000efc00000, 0x00000000efc00000| Untracked 
| 765|0x00000000efd00000, 0x00000000efd00000, 0x00000000efe00000|  0%| F|  |TAMS 0x00000000efd00000, 0x00000000efd00000| Untracked 
| 766|0x00000000efe00000, 0x00000000efe00000, 0x00000000eff00000|  0%| F|  |TAMS 0x00000000efe00000, 0x00000000efe00000| Untracked 
| 767|0x00000000eff00000, 0x00000000eff00000, 0x00000000f0000000|  0%| F|  |TAMS 0x00000000eff00000, 0x00000000eff00000| Untracked 
| 768|0x00000000f0000000, 0x00000000f0000000, 0x00000000f0100000|  0%| F|  |TAMS 0x00000000f0000000, 0x00000000f0000000| Untracked 
| 769|0x00000000f0100000, 0x00000000f0100000, 0x00000000f0200000|  0%| F|  |TAMS 0x00000000f0100000, 0x00000000f0100000| Untracked 
| 770|0x00000000f0200000, 0x00000000f0200000, 0x00000000f0300000|  0%| F|  |TAMS 0x00000000f0200000, 0x00000000f0200000| Untracked 
| 771|0x00000000f0300000, 0x00000000f0300000, 0x00000000f0400000|  0%| F|  |TAMS 0x00000000f0300000, 0x00000000f0300000| Untracked 
| 772|0x00000000f0400000, 0x00000000f0400000, 0x00000000f0500000|  0%| F|  |TAMS 0x00000000f0400000, 0x00000000f0400000| Untracked 
| 773|0x00000000f0500000, 0x00000000f0500000, 0x00000000f0600000|  0%| F|  |TAMS 0x00000000f0500000, 0x00000000f0500000| Untracked 
| 774|0x00000000f0600000, 0x00000000f0600000, 0x00000000f0700000|  0%| F|  |TAMS 0x00000000f0600000, 0x00000000f0600000| Untracked 
| 775|0x00000000f0700000, 0x00000000f0700000, 0x00000000f0800000|  0%| F|  |TAMS 0x00000000f0700000, 0x00000000f0700000| Untracked 
| 776|0x00000000f0800000, 0x00000000f0800000, 0x00000000f0900000|  0%| F|  |TAMS 0x00000000f0800000, 0x00000000f0800000| Untracked 
| 777|0x00000000f0900000, 0x00000000f0900000, 0x00000000f0a00000|  0%| F|  |TAMS 0x00000000f0900000, 0x00000000f0900000| Untracked 
| 778|0x00000000f0a00000, 0x00000000f0a00000, 0x00000000f0b00000|  0%| F|  |TAMS 0x00000000f0a00000, 0x00000000f0a00000| Untracked 
| 779|0x00000000f0b00000, 0x00000000f0b00000, 0x00000000f0c00000|  0%| F|  |TAMS 0x00000000f0b00000, 0x00000000f0b00000| Untracked 
| 780|0x00000000f0c00000, 0x00000000f0d00000, 0x00000000f0d00000|100%| S|CS|TAMS 0x00000000f0c00000, 0x00000000f0c00000| Complete 
| 781|0x00000000f0d00000, 0x00000000f0d00000, 0x00000000f0e00000|  0%| F|  |TAMS 0x00000000f0d00000, 0x00000000f0d00000| Untracked 
| 782|0x00000000f0e00000, 0x00000000f0e00000, 0x00000000f0f00000|  0%| F|  |TAMS 0x00000000f0e00000, 0x00000000f0e00000| Untracked 
| 783|0x00000000f0f00000, 0x00000000f0f00000, 0x00000000f1000000|  0%| F|  |TAMS 0x00000000f0f00000, 0x00000000f0f00000| Untracked 
| 784|0x00000000f1000000, 0x00000000f1000000, 0x00000000f1100000|  0%| F|  |TAMS 0x00000000f1000000, 0x00000000f1000000| Untracked 
| 785|0x00000000f1100000, 0x00000000f1100000, 0x00000000f1200000|  0%| F|  |TAMS 0x00000000f1100000, 0x00000000f1100000| Untracked 
| 786|0x00000000f1200000, 0x00000000f1200000, 0x00000000f1300000|  0%| F|  |TAMS 0x00000000f1200000, 0x00000000f1200000| Untracked 
| 787|0x00000000f1300000, 0x00000000f1300000, 0x00000000f1400000|  0%| F|  |TAMS 0x00000000f1300000, 0x00000000f1300000| Untracked 
| 788|0x00000000f1400000, 0x00000000f1400000, 0x00000000f1500000|  0%| F|  |TAMS 0x00000000f1400000, 0x00000000f1400000| Untracked 
| 789|0x00000000f1500000, 0x00000000f1500000, 0x00000000f1600000|  0%| F|  |TAMS 0x00000000f1500000, 0x00000000f1500000| Untracked 
| 790|0x00000000f1600000, 0x00000000f1600000, 0x00000000f1700000|  0%| F|  |TAMS 0x00000000f1600000, 0x00000000f1600000| Untracked 
| 791|0x00000000f1700000, 0x00000000f1700000, 0x00000000f1800000|  0%| F|  |TAMS 0x00000000f1700000, 0x00000000f1700000| Untracked 
| 792|0x00000000f1800000, 0x00000000f1800000, 0x00000000f1900000|  0%| F|  |TAMS 0x00000000f1800000, 0x00000000f1800000| Untracked 
| 793|0x00000000f1900000, 0x00000000f1900000, 0x00000000f1a00000|  0%| F|  |TAMS 0x00000000f1900000, 0x00000000f1900000| Untracked 
| 794|0x00000000f1a00000, 0x00000000f1a00000, 0x00000000f1b00000|  0%| F|  |TAMS 0x00000000f1a00000, 0x00000000f1a00000| Untracked 
| 795|0x00000000f1b00000, 0x00000000f1b00000, 0x00000000f1c00000|  0%| F|  |TAMS 0x00000000f1b00000, 0x00000000f1b00000| Untracked 
| 796|0x00000000f1c00000, 0x00000000f1c00000, 0x00000000f1d00000|  0%| F|  |TAMS 0x00000000f1c00000, 0x00000000f1c00000| Untracked 
| 797|0x00000000f1d00000, 0x00000000f1d00000, 0x00000000f1e00000|  0%| F|  |TAMS 0x00000000f1d00000, 0x00000000f1d00000| Untracked 
| 798|0x00000000f1e00000, 0x00000000f1e00000, 0x00000000f1f00000|  0%| F|  |TAMS 0x00000000f1e00000, 0x00000000f1e00000| Untracked 
| 799|0x00000000f1f00000, 0x00000000f1f00000, 0x00000000f2000000|  0%| F|  |TAMS 0x00000000f1f00000, 0x00000000f1f00000| Untracked 
| 800|0x00000000f2000000, 0x00000000f2000000, 0x00000000f2100000|  0%| F|  |TAMS 0x00000000f2000000, 0x00000000f2000000| Untracked 
| 801|0x00000000f2100000, 0x00000000f2100000, 0x00000000f2200000|  0%| F|  |TAMS 0x00000000f2100000, 0x00000000f2100000| Untracked 
| 802|0x00000000f2200000, 0x00000000f2200000, 0x00000000f2300000|  0%| F|  |TAMS 0x00000000f2200000, 0x00000000f2200000| Untracked 
| 803|0x00000000f2300000, 0x00000000f2300000, 0x00000000f2400000|  0%| F|  |TAMS 0x00000000f2300000, 0x00000000f2300000| Untracked 
| 804|0x00000000f2400000, 0x00000000f2400000, 0x00000000f2500000|  0%| F|  |TAMS 0x00000000f2400000, 0x00000000f2400000| Untracked 
| 805|0x00000000f2500000, 0x00000000f2500000, 0x00000000f2600000|  0%| F|  |TAMS 0x00000000f2500000, 0x00000000f2500000| Untracked 
| 806|0x00000000f2600000, 0x00000000f2600000, 0x00000000f2700000|  0%| F|  |TAMS 0x00000000f2600000, 0x00000000f2600000| Untracked 
| 807|0x00000000f2700000, 0x00000000f2700000, 0x00000000f2800000|  0%| F|  |TAMS 0x00000000f2700000, 0x00000000f2700000| Untracked 
| 808|0x00000000f2800000, 0x00000000f2800000, 0x00000000f2900000|  0%| F|  |TAMS 0x00000000f2800000, 0x00000000f2800000| Untracked 
| 809|0x00000000f2900000, 0x00000000f2900000, 0x00000000f2a00000|  0%| F|  |TAMS 0x00000000f2900000, 0x00000000f2900000| Untracked 
| 810|0x00000000f2a00000, 0x00000000f2a00000, 0x00000000f2b00000|  0%| F|  |TAMS 0x00000000f2a00000, 0x00000000f2a00000| Untracked 
| 811|0x00000000f2b00000, 0x00000000f2b00000, 0x00000000f2c00000|  0%| F|  |TAMS 0x00000000f2b00000, 0x00000000f2b00000| Untracked 
| 812|0x00000000f2c00000, 0x00000000f2c00000, 0x00000000f2d00000|  0%| F|  |TAMS 0x00000000f2c00000, 0x00000000f2c00000| Untracked 
| 813|0x00000000f2d00000, 0x00000000f2d00000, 0x00000000f2e00000|  0%| F|  |TAMS 0x00000000f2d00000, 0x00000000f2d00000| Untracked 
| 814|0x00000000f2e00000, 0x00000000f2e00000, 0x00000000f2f00000|  0%| F|  |TAMS 0x00000000f2e00000, 0x00000000f2e00000| Untracked 
| 815|0x00000000f2f00000, 0x00000000f2f00000, 0x00000000f3000000|  0%| F|  |TAMS 0x00000000f2f00000, 0x00000000f2f00000| Untracked 
| 816|0x00000000f3000000, 0x00000000f3000000, 0x00000000f3100000|  0%| F|  |TAMS 0x00000000f3000000, 0x00000000f3000000| Untracked 
| 817|0x00000000f3100000, 0x00000000f3100000, 0x00000000f3200000|  0%| F|  |TAMS 0x00000000f3100000, 0x00000000f3100000| Untracked 
| 818|0x00000000f3200000, 0x00000000f3200000, 0x00000000f3300000|  0%| F|  |TAMS 0x00000000f3200000, 0x00000000f3200000| Untracked 
| 819|0x00000000f3300000, 0x00000000f3300000, 0x00000000f3400000|  0%| F|  |TAMS 0x00000000f3300000, 0x00000000f3300000| Untracked 
| 820|0x00000000f3400000, 0x00000000f3400000, 0x00000000f3500000|  0%| F|  |TAMS 0x00000000f3400000, 0x00000000f3400000| Untracked 
| 821|0x00000000f3500000, 0x00000000f3500000, 0x00000000f3600000|  0%| F|  |TAMS 0x00000000f3500000, 0x00000000f3500000| Untracked 
| 822|0x00000000f3600000, 0x00000000f3600000, 0x00000000f3700000|  0%| F|  |TAMS 0x00000000f3600000, 0x00000000f3600000| Untracked 
| 823|0x00000000f3700000, 0x00000000f3700000, 0x00000000f3800000|  0%| F|  |TAMS 0x00000000f3700000, 0x00000000f3700000| Untracked 
| 824|0x00000000f3800000, 0x00000000f3800000, 0x00000000f3900000|  0%| F|  |TAMS 0x00000000f3800000, 0x00000000f3800000| Untracked 
| 825|0x00000000f3900000, 0x00000000f3900000, 0x00000000f3a00000|  0%| F|  |TAMS 0x00000000f3900000, 0x00000000f3900000| Untracked 
| 826|0x00000000f3a00000, 0x00000000f3a00000, 0x00000000f3b00000|  0%| F|  |TAMS 0x00000000f3a00000, 0x00000000f3a00000| Untracked 
| 827|0x00000000f3b00000, 0x00000000f3b00000, 0x00000000f3c00000|  0%| F|  |TAMS 0x00000000f3b00000, 0x00000000f3b00000| Untracked 
|1022|0x00000000ffe00000, 0x00000000ffe75000, 0x00000000fff00000| 45%|OA|  |TAMS 0x00000000ffe75000, 0x00000000ffe75000| Untracked 
|1023|0x00000000fff00000, 0x00000000fff78000, 0x0000000100000000| 46%|CA|  |TAMS 0x00000000fff78000, 0x00000000fff78000| Untracked 

Card table byte_map: [0x00007f1b6a63f000,0x00007f1b6a83f000] _byte_map_base: 0x00007f1b6a03f000

Marking Bits (Prev, Next): (CMBitMap*) 0x00007f1b64057810, (CMBitMap*) 0x00007f1b64057850
 Prev Bits: [0x00007f1b6943f000, 0x00007f1b6a43f000)
 Next Bits: [0x00007f1b6843f000, 0x00007f1b6943f000)

Polling page: 0x00007f1b6c802000

Metaspace:

Usage:
  Non-class:     94.99 MB used.
      Class:     15.16 MB used.
       Both:    110.15 MB used.

Virtual space:
  Non-class space:      128.00 MB reserved,      95.38 MB ( 75%) committed,  2 nodes.
      Class space:      416.00 MB reserved,      15.56 MB (  4%) committed,  1 nodes.
             Both:      544.00 MB reserved,     110.94 MB ( 20%) committed. 

Chunk freelists:
   Non-Class:  192.00 KB
       Class:  463.00 KB
        Both:  655.00 KB

MaxMetaspaceSize: 512.00 MB
CompressedClassSpaceSize: 416.00 MB
Initial GC threshold: 21.00 MB
Current GC threshold: 173.12 MB
CDS: on
MetaspaceReclaimPolicy: balanced
 - commit_granule_bytes: 65536.
 - commit_granule_words: 8192.
 - virtual_space_node_default_size: 8388608.
 - enlarge_chunks_in_place: 1.
 - new_chunks_are_fully_committed: 0.
 - uncommit_free_chunks: 1.
 - use_allocation_guard: 0.
 - handle_deallocations: 1.


Internal statistics:

num_allocs_failed_limit: 6.
num_arena_births: 1324.
num_arena_deaths: 0.
num_vsnodes_births: 3.
num_vsnodes_deaths: 0.
num_space_committed: 1774.
num_space_uncommitted: 0.
num_chunks_returned_to_freelist: 6.
num_chunks_taken_from_freelist: 6134.
num_chunk_merges: 6.
num_chunk_splits: 4040.
num_chunks_enlarged: 2715.
num_inconsistent_stats: 0.

CodeHeap 'non-profiled nmethods': size=120036Kb used=11027Kb max_used=11027Kb free=109008Kb
 bounds [0x00007f1b54fd8000, 0x00007f1b55aa8000, 0x00007f1b5c511000]
CodeHeap 'profiled nmethods': size=120032Kb used=37261Kb max_used=37261Kb free=82770Kb
 bounds [0x00007f1b4d511000, 0x00007f1b4f981000, 0x00007f1b54a49000]
CodeHeap 'non-nmethods': size=5692Kb used=1748Kb max_used=1863Kb free=3943Kb
 bounds [0x00007f1b54a49000, 0x00007f1b54cb9000, 0x00007f1b54fd8000]
 total_blobs=18284 nmethods=17446 adapters=750
 compilation: enabled
              stopped_count=0, restarted_count=0
 full_count=0

Compilation events (20 events):
Event: 271.802 Thread 0x00007f1b640b86c0 23431       1       com.android.tools.r8.dex.code.k0::p (4 bytes)
Event: 271.802 Thread 0x00007f1b640b86c0 nmethod 23431 0x00007f1b55a9c390 code [0x00007f1b55a9c520, 0x00007f1b55a9c5f0]
Event: 271.803 Thread 0x00007f1b640b86c0 23432       2       com.android.tools.r8.dex.code.z0::a (67 bytes)
Event: 271.804 Thread 0x00007f1b640b86c0 nmethod 23432 0x00007f1b4f971410 code [0x00007f1b4f9715e0, 0x00007f1b4f971850]
Event: 271.806 Thread 0x00007f1b640b86c0 23433       3       com.android.tools.r8.dex.code.b1::a (32 bytes)
Event: 271.806 Thread 0x00007f1b640b86c0 nmethod 23433 0x00007f1b4f971a10 code [0x00007f1b4f971be0, 0x00007f1b4f971f00]
Event: 271.899 Thread 0x00007f1b640b86c0 23434       3       com.android.tools.r8.dex.code.N2::a (35 bytes)
Event: 271.900 Thread 0x00007f1b640b86c0 nmethod 23434 0x00007f1b4f972110 code [0x00007f1b4f9722e0, 0x00007f1b4f972740]
Event: 271.913 Thread 0x00007f1b640b86c0 23435       3       com.android.tools.r8.dex.code.X0::a (55 bytes)
Event: 271.914 Thread 0x00007f1b640b86c0 nmethod 23435 0x00007f1b4f972910 code [0x00007f1b4f972ae0, 0x00007f1b4f972e40]
Event: 272.012 Thread 0x00007f1b640b86c0 23436       3       com.android.tools.r8.dex.code.a3::a (57 bytes)
Event: 272.013 Thread 0x00007f1b640b86c0 nmethod 23436 0x00007f1b4f972f90 code [0x00007f1b4f973180, 0x00007f1b4f9735f0]
Event: 272.013 Thread 0x00007f1b640b86c0 23437       1       com.android.tools.r8.dex.code.C3::p (4 bytes)
Event: 272.013 Thread 0x00007f1b640b86c0 nmethod 23437 0x00007f1b55a9c690 code [0x00007f1b55a9c820, 0x00007f1b55a9c8f0]
Event: 272.013 Thread 0x00007f1b640b86c0 23438       3       com.android.tools.r8.dex.code.V0::a (37 bytes)
Event: 272.016 Thread 0x00007f1b640b86c0 nmethod 23438 0x00007f1b4f973810 code [0x00007f1b4f9739e0, 0x00007f1b4f973d40]
Event: 272.031 Thread 0x00007f1b640b86c0 23439       2       com.android.tools.r8.dex.code.y0::a (59 bytes)
Event: 272.032 Thread 0x00007f1b640b86c0 nmethod 23439 0x00007f1b4f973f90 code [0x00007f1b4f974160, 0x00007f1b4f9743d0]
Event: 272.032 Thread 0x00007f1b640b86c0 23440       1       com.android.tools.r8.dex.code.l0::p (4 bytes)
Event: 272.032 Thread 0x00007f1b640b86c0 nmethod 23440 0x00007f1b55a9c990 code [0x00007f1b55a9cb20, 0x00007f1b55a9cbf0]

GC Heap History (20 events):
Event: 263.795 GC heap after
{Heap after GC invocations=158 (full 0):
 garbage-first heap   total 787456K, used 584116K [0x00000000c0000000, 0x0000000100000000)
  region size 1024K, 7 young (7168K), 7 survivors (7168K)
 Metaspace       used 112539K, committed 113344K, reserved 557056K
  class space    used 15511K, committed 15936K, reserved 425984K
}
Event: 264.735 GC heap before
{Heap before GC invocations=158 (full 0):
 garbage-first heap   total 787456K, used 635316K [0x00000000c0000000, 0x0000000100000000)
  region size 1024K, 58 young (59392K), 7 survivors (7168K)
 Metaspace       used 112686K, committed 113536K, reserved 557056K
  class space    used 15516K, committed 15936K, reserved 425984K
}
Event: 264.904 GC heap after
{Heap after GC invocations=159 (full 0):
 garbage-first heap   total 787456K, used 597428K [0x00000000c0000000, 0x0000000100000000)
  region size 1024K, 8 young (8192K), 8 survivors (8192K)
 Metaspace       used 112686K, committed 113536K, reserved 557056K
  class space    used 15516K, committed 15936K, reserved 425984K
}
Event: 265.594 GC heap before
{Heap before GC invocations=159 (full 0):
 garbage-first heap   total 787456K, used 648628K [0x00000000c0000000, 0x0000000100000000)
  region size 1024K, 59 young (60416K), 8 survivors (8192K)
 Metaspace       used 112695K, committed 113536K, reserved 557056K
  class space    used 15516K, committed 15936K, reserved 425984K
}
Event: 265.637 GC heap after
{Heap after GC invocations=160 (full 0):
 garbage-first heap   total 787456K, used 607156K [0x00000000c0000000, 0x0000000100000000)
  region size 1024K, 8 young (8192K), 8 survivors (8192K)
 Metaspace       used 112695K, committed 113536K, reserved 557056K
  class space    used 15516K, committed 15936K, reserved 425984K
}
Event: 266.321 GC heap before
{Heap before GC invocations=160 (full 0):
 garbage-first heap   total 787456K, used 659380K [0x00000000c0000000, 0x0000000100000000)
  region size 1024K, 58 young (59392K), 8 survivors (8192K)
 Metaspace       used 112697K, committed 113536K, reserved 557056K
  class space    used 15516K, committed 15936K, reserved 425984K
}
Event: 266.408 GC heap after
{Heap after GC invocations=161 (full 0):
 garbage-first heap   total 787456K, used 611892K [0x00000000c0000000, 0x0000000100000000)
  region size 1024K, 3 young (3072K), 3 survivors (3072K)
 Metaspace       used 112697K, committed 113536K, reserved 557056K
  class space    used 15516K, committed 15936K, reserved 425984K
}
Event: 267.239 GC heap before
{Heap before GC invocations=161 (full 0):
 garbage-first heap   total 787456K, used 670260K [0x00000000c0000000, 0x0000000100000000)
  region size 1024K, 55 young (56320K), 3 survivors (3072K)
 Metaspace       used 112698K, committed 113536K, reserved 557056K
  class space    used 15516K, committed 15936K, reserved 425984K
}
Event: 267.402 GC heap after
{Heap after GC invocations=162 (full 0):
 garbage-first heap   total 849920K, used 619110K [0x00000000c0000000, 0x0000000100000000)
  region size 1024K, 4 young (4096K), 4 survivors (4096K)
 Metaspace       used 112698K, committed 113536K, reserved 557056K
  class space    used 15516K, committed 15936K, reserved 425984K
}
Event: 268.415 GC heap before
{Heap before GC invocations=162 (full 0):
 garbage-first heap   total 849920K, used 670310K [0x00000000c0000000, 0x0000000100000000)
  region size 1024K, 41 young (41984K), 4 survivors (4096K)
 Metaspace       used 112702K, committed 113536K, reserved 557056K
  class space    used 15516K, committed 15936K, reserved 425984K
}
Event: 268.500 GC heap after
{Heap after GC invocations=163 (full 0):
 garbage-first heap   total 849920K, used 630523K [0x00000000c0000000, 0x0000000100000000)
  region size 1024K, 5 young (5120K), 5 survivors (5120K)
 Metaspace       used 112702K, committed 113536K, reserved 557056K
  class space    used 15516K, committed 15936K, reserved 425984K
}
Event: 269.229 GC heap before
{Heap before GC invocations=163 (full 0):
 garbage-first heap   total 849920K, used 671483K [0x00000000c0000000, 0x0000000100000000)
  region size 1024K, 41 young (41984K), 5 survivors (5120K)
 Metaspace       used 112792K, committed 113600K, reserved 557056K
  class space    used 15522K, committed 15936K, reserved 425984K
}
Event: 269.303 GC heap after
{Heap after GC invocations=164 (full 0):
 garbage-first heap   total 849920K, used 638388K [0x00000000c0000000, 0x0000000100000000)
  region size 1024K, 6 young (6144K), 6 survivors (6144K)
 Metaspace       used 112792K, committed 113600K, reserved 557056K
  class space    used 15522K, committed 15936K, reserved 425984K
}
Event: 269.797 GC heap before
{Heap before GC invocations=164 (full 0):
 garbage-first heap   total 849920K, used 674228K [0x00000000c0000000, 0x0000000100000000)
  region size 1024K, 41 young (41984K), 6 survivors (6144K)
 Metaspace       used 112794K, committed 113600K, reserved 557056K
  class space    used 15522K, committed 15936K, reserved 425984K
}
Event: 269.816 GC heap after
{Heap after GC invocations=165 (full 0):
 garbage-first heap   total 849920K, used 647092K [0x00000000c0000000, 0x0000000100000000)
  region size 1024K, 6 young (6144K), 6 survivors (6144K)
 Metaspace       used 112794K, committed 113600K, reserved 557056K
  class space    used 15522K, committed 15936K, reserved 425984K
}
Event: 270.912 GC heap before
{Heap before GC invocations=165 (full 0):
 garbage-first heap   total 849920K, used 751540K [0x00000000c0000000, 0x0000000100000000)
  region size 1024K, 86 young (88064K), 6 survivors (6144K)
 Metaspace       used 112794K, committed 113600K, reserved 557056K
  class space    used 15522K, committed 15936K, reserved 425984K
}
Event: 270.942 GC heap after
{Heap after GC invocations=166 (full 0):
 garbage-first heap   total 849920K, used 667541K [0x00000000c0000000, 0x0000000100000000)
  region size 1024K, 11 young (11264K), 11 survivors (11264K)
 Metaspace       used 112794K, committed 113600K, reserved 557056K
  class space    used 15522K, committed 15936K, reserved 425984K
}
Event: 271.416 GC heap before
{Heap before GC invocations=166 (full 0):
 garbage-first heap   total 849920K, used 748437K [0x00000000c0000000, 0x0000000100000000)
  region size 1024K, 75 young (76800K), 11 survivors (11264K)
 Metaspace       used 112794K, committed 113600K, reserved 557056K
  class space    used 15522K, committed 15936K, reserved 425984K
}
Event: 271.522 GC heap after
{Heap after GC invocations=167 (full 0):
 garbage-first heap   total 849920K, used 692840K [0x00000000c0000000, 0x0000000100000000)
  region size 1024K, 10 young (10240K), 10 survivors (10240K)
 Metaspace       used 112794K, committed 113600K, reserved 557056K
  class space    used 15522K, committed 15936K, reserved 425984K
}
Event: 272.098 GC heap before
{Heap before GC invocations=167 (full 0):
 garbage-first heap   total 849920K, used 740968K [0x00000000c0000000, 0x0000000100000000)
  region size 1024K, 57 young (58368K), 10 survivors (10240K)
 Metaspace       used 112795K, committed 113600K, reserved 557056K
  class space    used 15522K, committed 15936K, reserved 425984K
}

Dll operation events (16 events):
Event: 0.003 Loaded shared library /usr/lib/jvm/java-17-openjdk-amd64/lib/libjava.so
Event: 0.030 Loaded shared library /usr/lib/jvm/java-17-openjdk-amd64/lib/libjsvml.so
Event: 0.131 Loaded shared library /usr/lib/jvm/java-17-openjdk-amd64/lib/libzip.so
Event: 0.132 Loaded shared library /usr/lib/jvm/java-17-openjdk-amd64/lib/libinstrument.so
Event: 0.134 Loaded shared library /usr/lib/jvm/java-17-openjdk-amd64/lib/libnio.so
Event: 0.138 Loaded shared library /usr/lib/jvm/java-17-openjdk-amd64/lib/libzip.so
Event: 0.312 Loaded shared library /usr/lib/jvm/java-17-openjdk-amd64/lib/libjimage.so
Event: 0.402 Loaded shared library /usr/lib/jvm/java-17-openjdk-amd64/lib/libverify.so
Event: 0.633 Loaded shared library /usr/lib/jvm/java-17-openjdk-amd64/lib/libnet.so
Event: 0.634 Loaded shared library /root/.gradle/native/c067742578af261105cb4f569cf0c3c89f3d7b1fecec35dd04571415982c5e48/linux-amd64/libnative-platform.so
Event: 0.638 Loaded shared library /root/.gradle/native/38dada09dfb8b06ba9b0570ebf7e218e3eb74d4ef43ca46872605cf95ebc2f47/linux-amd64/libnative-platform-file-events.so
Event: 1.737 Loaded shared library /usr/lib/jvm/java-17-openjdk-amd64/lib/libmanagement.so
Event: 1.738 Loaded shared library /usr/lib/jvm/java-17-openjdk-amd64/lib/libmanagement_ext.so
Event: 1.943 Loaded shared library /usr/lib/jvm/java-17-openjdk-amd64/lib/libextnet.so
Event: 27.110 Loaded shared library /usr/lib/jvm/java-17-openjdk-amd64/lib/librmi.so
Event: 27.302 Loaded shared library /tmp/native-platform5666705625611393235dir/libnative-platform.so

Deoptimization events (20 events):
Event: 269.630 Thread 0x00007f1b4419ff00 DEOPT PACKING pc=0x00007f1b556ab130 sp=0x00007f1aeb4f8b90
Event: 269.630 Thread 0x00007f1b4419ff00 DEOPT UNPACKING pc=0x00007f1b54aa2b19 sp=0x00007f1aeb4f8b50 mode 2
Event: 270.437 Thread 0x00007f1b383dbb00 Uncommon trap: trap_request=0xffffffde fr.pc=0x00007f1b5583bc50 relative=0x0000000000000450
Event: 270.437 Thread 0x00007f1b383dbb00 Uncommon trap: reason=class_check action=maybe_recompile pc=0x00007f1b5583bc50 method=com.android.tools.r8.graph.W0$a.a(Lcom/android/tools/r8/graph/W0;Lcom/android/tools/r8/utils/structural/a;)I @ 27 c2
Event: 270.437 Thread 0x00007f1b383dbb00 DEOPT PACKING pc=0x00007f1b5583bc50 sp=0x00007f1aeb6fab90
Event: 270.437 Thread 0x00007f1b383dbb00 DEOPT UNPACKING pc=0x00007f1b54aa2b19 sp=0x00007f1aeb6faac0 mode 2
Event: 270.437 Thread 0x00007f1b383dbb00 Uncommon trap: trap_request=0xffffffde fr.pc=0x00007f1b5583bc50 relative=0x0000000000000450
Event: 270.437 Thread 0x00007f1b383dbb00 Uncommon trap: reason=class_check action=maybe_recompile pc=0x00007f1b5583bc50 method=com.android.tools.r8.graph.W0$a.a(Lcom/android/tools/r8/graph/W0;Lcom/android/tools/r8/utils/structural/a;)I @ 27 c2
Event: 270.437 Thread 0x00007f1b383dbb00 DEOPT PACKING pc=0x00007f1b5583bc50 sp=0x00007f1aeb6fab90
Event: 270.437 Thread 0x00007f1b383dbb00 DEOPT UNPACKING pc=0x00007f1b54aa2b19 sp=0x00007f1aeb6faac0 mode 2
Event: 270.437 Thread 0x00007f1b383dbb00 Uncommon trap: trap_request=0xffffffde fr.pc=0x00007f1b5583bc50 relative=0x0000000000000450
Event: 270.437 Thread 0x00007f1b383dbb00 Uncommon trap: reason=class_check action=maybe_recompile pc=0x00007f1b5583bc50 method=com.android.tools.r8.graph.W0$a.a(Lcom/android/tools/r8/graph/W0;Lcom/android/tools/r8/utils/structural/a;)I @ 27 c2
Event: 270.437 Thread 0x00007f1b383dbb00 DEOPT PACKING pc=0x00007f1b5583bc50 sp=0x00007f1aeb6fab90
Event: 270.437 Thread 0x00007f1b383dbb00 DEOPT UNPACKING pc=0x00007f1b54aa2b19 sp=0x00007f1aeb6faac0 mode 2
Event: 270.437 Thread 0x00007f1b383dbb00 Uncommon trap: trap_request=0xffffffde fr.pc=0x00007f1b5583bc50 relative=0x0000000000000450
Event: 270.437 Thread 0x00007f1b383dbb00 Uncommon trap: reason=class_check action=maybe_recompile pc=0x00007f1b5583bc50 method=com.android.tools.r8.graph.W0$a.a(Lcom/android/tools/r8/graph/W0;Lcom/android/tools/r8/utils/structural/a;)I @ 27 c2
Event: 270.437 Thread 0x00007f1b383dbb00 DEOPT PACKING pc=0x00007f1b5583bc50 sp=0x00007f1aeb6fab90
Event: 270.437 Thread 0x00007f1b383dbb00 DEOPT UNPACKING pc=0x00007f1b54aa2b19 sp=0x00007f1aeb6faac0 mode 2
Event: 270.524 Thread 0x00007f1b4419ff00 DEOPT PACKING pc=0x00007f1b4f68d3ca sp=0x00007f1aeb4f8680
Event: 270.524 Thread 0x00007f1b4419ff00 DEOPT UNPACKING pc=0x00007f1b54aa364f sp=0x00007f1aeb4f7b48 mode 0

Classes loaded (20 events):
Event: 253.742 Loading class java/time/Instant$1
Event: 253.793 Loading class java/time/Instant$1 done
Event: 259.499 Loading class java/util/HashMap$UnsafeHolder
Event: 259.500 Loading class java/util/HashMap$UnsafeHolder done
Event: 259.518 Loading class java/nio/file/FileTreeIterator
Event: 259.519 Loading class java/nio/file/FileTreeIterator done
Event: 259.860 Loading class java/nio/BufferUnderflowException
Event: 259.894 Loading class java/nio/BufferUnderflowException done
Event: 261.231 Loading class java/util/concurrent/ForkJoinTask$AdaptedCallable
Event: 261.232 Loading class java/util/concurrent/ForkJoinTask$AdaptedCallable done
Event: 261.232 Loading class java/util/concurrent/ForkJoinPool$DefaultForkJoinWorkerThreadFactory$1
Event: 261.232 Loading class java/util/concurrent/ForkJoinPool$DefaultForkJoinWorkerThreadFactory$1 done
Event: 261.304 Loading class java/nio/HeapShortBuffer
Event: 261.304 Loading class java/nio/HeapShortBuffer done
Event: 261.312 Loading class java/util/AbstractList$RandomAccessSubList
Event: 261.313 Loading class java/util/AbstractList$RandomAccessSubList done
Event: 268.838 Loading class java/util/IdentityHashMap$EntryIterator
Event: 268.839 Loading class java/util/IdentityHashMap$EntryIterator done
Event: 268.896 Loading class java/util/IdentityHashMap$EntryIterator$Entry
Event: 268.896 Loading class java/util/IdentityHashMap$EntryIterator$Entry done

Classes unloaded (0 events):
No events

Classes redefined (0 events):
No events

Internal exceptions (20 events):
Event: 235.410 Thread 0x00007f1b3218bbd0 Exception <a 'sun/nio/fs/UnixException'{0x00000000e1c61600}> (0x00000000e1c61600) 
thrown [./src/hotspot/share/prims/jni.cpp, line 516]
Event: 235.513 Thread 0x00007f1b3218bbd0 Exception <a 'sun/nio/fs/UnixException'{0x00000000e0355178}> (0x00000000e0355178) 
thrown [./src/hotspot/share/prims/jni.cpp, line 516]
Event: 236.124 Thread 0x00007f1b3218bbd0 Exception <a 'sun/nio/fs/UnixException'{0x00000000dbc52970}> (0x00000000dbc52970) 
thrown [./src/hotspot/share/prims/jni.cpp, line 516]
Event: 236.794 Thread 0x00007f1b3218bbd0 Exception <a 'sun/nio/fs/UnixException'{0x00000000e4cd2a88}> (0x00000000e4cd2a88) 
thrown [./src/hotspot/share/prims/jni.cpp, line 516]
Event: 236.837 Thread 0x00007f1b3218bbd0 Exception <a 'sun/nio/fs/UnixException'{0x00000000e4112178}> (0x00000000e4112178) 
thrown [./src/hotspot/share/prims/jni.cpp, line 516]
Event: 236.922 Thread 0x00007f1b38045fe0 Exception <a 'sun/nio/fs/UnixException'{0x00000000e3e80f20}> (0x00000000e3e80f20) 
thrown [./src/hotspot/share/prims/jni.cpp, line 516]
Event: 236.936 Thread 0x00007f1b3218bbd0 Exception <a 'sun/nio/fs/UnixException'{0x00000000e3845f10}> (0x00000000e3845f10) 
thrown [./src/hotspot/share/prims/jni.cpp, line 516]
Event: 237.039 Thread 0x00007f1b3218bbd0 Exception <a 'sun/nio/fs/UnixException'{0x00000000e2e5d9d8}> (0x00000000e2e5d9d8) 
thrown [./src/hotspot/share/prims/jni.cpp, line 516]
Event: 237.104 Thread 0x00007f1b38045fe0 Exception <a 'sun/nio/fs/UnixException'{0x00000000e2a4ae68}> (0x00000000e2a4ae68) 
thrown [./src/hotspot/share/prims/jni.cpp, line 516]
Event: 237.501 Thread 0x00007f1b3218bbd0 Exception <a 'sun/nio/fs/UnixException'{0x00000000de45e7d8}> (0x00000000de45e7d8) 
thrown [./src/hotspot/share/prims/jni.cpp, line 516]
Event: 237.620 Thread 0x00007f1b3218bbd0 Exception <a 'sun/nio/fs/UnixException'{0x00000000dd1e6d08}> (0x00000000dd1e6d08) 
thrown [./src/hotspot/share/prims/jni.cpp, line 516]
Event: 250.615 Thread 0x00007f1b38045fe0 Exception <a 'sun/nio/fs/UnixException'{0x00000000e22cc8b0}> (0x00000000e22cc8b0) 
thrown [./src/hotspot/share/prims/jni.cpp, line 516]
Event: 250.821 Thread 0x00007f1b38045fe0 Exception <a 'sun/nio/fs/UnixException'{0x00000000dfc25448}> (0x00000000dfc25448) 
thrown [./src/hotspot/share/prims/jni.cpp, line 516]
Event: 250.910 Thread 0x00007f1b38045fe0 Exception <a 'sun/nio/fs/UnixException'{0x00000000df404a70}> (0x00000000df404a70) 
thrown [./src/hotspot/share/prims/jni.cpp, line 516]
Event: 253.643 Thread 0x00007f1b38045fe0 Exception <a 'sun/nio/fs/UnixException'{0x00000000e03f3a78}> (0x00000000e03f3a78) 
thrown [./src/hotspot/share/prims/jni.cpp, line 516]
Event: 253.710 Thread 0x00007f1b38045fe0 Exception <a 'sun/nio/fs/UnixException'{0x00000000dff806e8}> (0x00000000dff806e8) 
thrown [./src/hotspot/share/prims/jni.cpp, line 516]
Event: 259.235 Thread 0x00007f1b3218bbd0 Exception <a 'sun/nio/fs/UnixException'{0x00000000e26460a0}> (0x00000000e26460a0) 
thrown [./src/hotspot/share/prims/jni.cpp, line 516]
Event: 259.443 Thread 0x00007f1b3218bbd0 Exception <a 'java/lang/NoSuchMethodError'{0x00000000e217f518}: static Lkotlin/InitializedLazyImpl;.<clinit>()V> (0x00000000e217f518) 
thrown [./src/hotspot/share/prims/jni.cpp, line 1112]
Event: 261.312 Thread 0x00007f1b4419ff00 Exception <a 'java/lang/NoSuchMethodError'{0x00000000e41352d0}: 'long java.lang.invoke.DirectMethodHandle$Holder.invokeStatic(java.lang.Object, java.lang.Object, java.lang.Object)'> (0x00000000e41352d0) 
thrown [./src/hotspot/share/interpreter/linkResolver.cpp, line 758]
Event: 270.815 Thread 0x00007f1b4419ff00 Exception <a 'sun/nio/fs/UnixException'{0x00000000ef8eee10}> (0x00000000ef8eee10) 
thrown [./src/hotspot/share/prims/jni.cpp, line 516]

VM Operations (20 events):
Event: 266.408 Executing VM operation: G1CollectForAllocation done
Event: 267.239 Executing VM operation: G1CollectForAllocation
Event: 267.402 Executing VM operation: G1CollectForAllocation done
Event: 268.402 Executing VM operation: Cleanup
Event: 268.403 Executing VM operation: Cleanup done
Event: 268.415 Executing VM operation: G1CollectForAllocation
Event: 268.500 Executing VM operation: G1CollectForAllocation done
Event: 268.837 Executing VM operation: HandshakeAllThreads
Event: 268.837 Executing VM operation: HandshakeAllThreads done
Event: 269.229 Executing VM operation: G1CollectForAllocation
Event: 269.303 Executing VM operation: G1CollectForAllocation done
Event: 269.797 Executing VM operation: G1CollectForAllocation
Event: 269.816 Executing VM operation: G1CollectForAllocation done
Event: 270.817 Executing VM operation: Cleanup
Event: 270.819 Executing VM operation: Cleanup done
Event: 270.911 Executing VM operation: G1CollectForAllocation
Event: 270.942 Executing VM operation: G1CollectForAllocation done
Event: 271.414 Executing VM operation: G1CollectForAllocation
Event: 271.522 Executing VM operation: G1CollectForAllocation done
Event: 272.097 Executing VM operation: G1CollectForAllocation

Memory protections (20 events):
Event: 25.902 Protecting memory [0x00007f1b144f6000,0x00007f1b144fa000] with protection modes 0
Event: 26.730 Protecting memory [0x00007f1b143f5000,0x00007f1b143f9000] with protection modes 0
Event: 26.824 Protecting memory [0x00007f1b142f4000,0x00007f1b142f8000] with protection modes 0
Event: 27.023 Protecting memory [0x00007f1b141f3000,0x00007f1b141f7000] with protection modes 0
Event: 27.097 Protecting memory [0x00007f1b140f2000,0x00007f1b140f6000] with protection modes 0
Event: 27.112 Protecting memory [0x00007f1aebf00000,0x00007f1aebf04000] with protection modes 0
Event: 27.115 Protecting memory [0x00007f1aebdff000,0x00007f1aebe03000] with protection modes 0
Event: 27.321 Protecting memory [0x00007f1b4c03a000,0x00007f1b4c03e000] with protection modes 0
Event: 27.326 Protecting memory [0x00007f1aebcfe000,0x00007f1aebd02000] with protection modes 0
Event: 27.505 Protecting memory [0x00007f1aeb900000,0x00007f1aeb904000] with protection modes 0
Event: 29.335 Protecting memory [0x00007f1aebcfe000,0x00007f1aebd02000] with protection modes 0
Event: 29.396 Protecting memory [0x00007f1aebf00000,0x00007f1aebf04000] with protection modes 0
Event: 29.615 Protecting memory [0x00007f1aebdff000,0x00007f1aebe03000] with protection modes 0
Event: 30.013 Protecting memory [0x00007f1aeb7ff000,0x00007f1aeb803000] with protection modes 0
Event: 30.022 Protecting memory [0x00007f1aeb6fe000,0x00007f1aeb702000] with protection modes 0
Event: 30.394 Protecting memory [0x00007f1aeb5fd000,0x00007f1aeb601000] with protection modes 0
Event: 96.903 Protecting memory [0x00007f1aeb4fc000,0x00007f1aeb500000] with protection modes 0
Event: 259.502 Protecting memory [0x00007f1aeb4fc000,0x00007f1aeb500000] with protection modes 0
Event: 261.234 Protecting memory [0x00007f1aeb5fd000,0x00007f1aeb601000] with protection modes 0
Event: 261.236 Protecting memory [0x00007f1aeb3fb000,0x00007f1aeb3ff000] with protection modes 0

Nmethod flushes (20 events):
Event: 263.895 Thread 0x00007f1b640b9b30 flushing  nmethod 0x00007f1b4ea95310
Event: 263.895 Thread 0x00007f1b640b9b30 flushing  nmethod 0x00007f1b4eaa7010
Event: 263.895 Thread 0x00007f1b640b9b30 flushing  nmethod 0x00007f1b4eaf7110
Event: 263.895 Thread 0x00007f1b640b9b30 flushing osr nmethod 0x00007f1b4ec12c10
Event: 263.896 Thread 0x00007f1b640b9b30 flushing  nmethod 0x00007f1b4ec70910
Event: 263.896 Thread 0x00007f1b640b9b30 flushing  nmethod 0x00007f1b4ed8b410
Event: 263.897 Thread 0x00007f1b640b9b30 flushing  nmethod 0x00007f1b4ed8c410
Event: 263.897 Thread 0x00007f1b640b9b30 flushing  nmethod 0x00007f1b4edd2310
Event: 263.897 Thread 0x00007f1b640b9b30 flushing  nmethod 0x00007f1b4ee21a10
Event: 263.897 Thread 0x00007f1b640b9b30 flushing  nmethod 0x00007f1b4ee67290
Event: 263.897 Thread 0x00007f1b640b9b30 flushing  nmethod 0x00007f1b4ee8e090
Event: 263.897 Thread 0x00007f1b640b9b30 flushing osr nmethod 0x00007f1b4ee93010
Event: 263.897 Thread 0x00007f1b640b9b30 flushing  nmethod 0x00007f1b4ef55c90
Event: 263.898 Thread 0x00007f1b640b9b30 flushing  nmethod 0x00007f1b4f160d90
Event: 263.899 Thread 0x00007f1b640b9b30 flushing  nmethod 0x00007f1b4f1aa890
Event: 263.899 Thread 0x00007f1b640b9b30 flushing  nmethod 0x00007f1b4f2aa590
Event: 263.899 Thread 0x00007f1b640b9b30 flushing  nmethod 0x00007f1b4f2e1d10
Event: 263.901 Thread 0x00007f1b640b9b30 flushing  nmethod 0x00007f1b4f5b9290
Event: 263.902 Thread 0x00007f1b640b9b30 flushing  nmethod 0x00007f1b4f7f1c90
Event: 263.902 Thread 0x00007f1b640b9b30 flushing  nmethod 0x00007f1b4f80ac90

Events (20 events):
Event: 27.319 Thread 0x00007f1b441698c0 Thread added: 0x00007f1b30661fc0
Event: 27.325 Thread 0x00007f1b441698c0 Thread added: 0x00007f1b32059e90
Event: 27.505 Thread 0x00007f1b3218bbd0 Thread added: 0x00007f1b38045fe0
Event: 27.915 Thread 0x00007f1b30647e00 Thread exited: 0x00007f1b30647e00
Event: 27.917 Thread 0x00007f1b30645930 Thread exited: 0x00007f1b30645930
Event: 29.319 Thread 0x00007f1b32059e90 Thread exited: 0x00007f1b32059e90
Event: 29.334 Thread 0x00007f1b441698c0 Thread added: 0x00007f1b30645930
Event: 29.396 Thread 0x00007f1b441698c0 Thread added: 0x00007f1b30647e00
Event: 29.615 Thread 0x00007f1b441698c0 Thread added: 0x00007f1b3205bfa0
Event: 30.012 Thread 0x00007f1b441698c0 Thread added: 0x00007f1b3217ad80
Event: 30.021 Thread 0x00007f1b441698c0 Thread added: 0x00007f1b3217be40
Event: 30.394 Thread 0x00007f1b3217ad80 Thread added: 0x00007f1b00010ae0
Event: 32.628 Thread 0x00007f1b30645930 Thread exited: 0x00007f1b30645930
Event: 96.903 Thread 0x00007f1b441698c0 Thread added: 0x00007f1b3205db80
Event: 105.407 Thread 0x00007f1b00010ae0 Thread exited: 0x00007f1b00010ae0
Event: 168.306 Thread 0x00007f1b3205db80 Thread exited: 0x00007f1b3205db80
Event: 228.306 Thread 0x00007f1b30661fc0 Thread exited: 0x00007f1b30661fc0
Event: 259.493 Thread 0x00007f1b3218bbd0 Thread added: 0x00007f1b3833e300
Event: 261.233 Thread 0x00007f1b3833e300 Thread added: 0x00007f1b383dbb00
Event: 261.235 Thread 0x00007f1b383dbb00 Thread added: 0x00007f1b4419ff00


Dynamic libraries:
c0000000-f3c00000 rw-p 00000000 00:00 0 
f5700000-ffe00000 ---p 00000000 00:00 0 
ffe00000-ffe75000 rw-p 00c7a000 00:25 13853                              /usr/lib/jvm/java-17-openjdk-amd64/lib/server/classes.jsa
ffe75000-fff00000 rw-p 00000000 00:00 0 
fff00000-fff78000 rw-p 00c02000 00:25 13853                              /usr/lib/jvm/java-17-openjdk-amd64/lib/server/classes.jsa
fff78000-100000000 rw-p 00000000 00:00 0 
55ae22e33000-55ae22e34000 r--p 00000000 00:25 13495                      /usr/lib/jvm/java-17-openjdk-amd64/bin/java
55ae22e34000-55ae22e35000 r-xp 00001000 00:25 13495                      /usr/lib/jvm/java-17-openjdk-amd64/bin/java
55ae22e35000-55ae22e36000 r--p 00002000 00:25 13495                      /usr/lib/jvm/java-17-openjdk-amd64/bin/java
55ae22e36000-55ae22e37000 r--p 00002000 00:25 13495                      /usr/lib/jvm/java-17-openjdk-amd64/bin/java
55ae22e37000-55ae22e38000 rw-p 00003000 00:25 13495                      /usr/lib/jvm/java-17-openjdk-amd64/bin/java
55ae2415d000-55ae241c6000 rw-p 00000000 00:00 0                          [heap]
7f1ae4000000-7f1ae4a76000 rw-p 00000000 00:00 0 
7f1ae4a76000-7f1ae8000000 ---p 00000000 00:00 0 
7f1aeaf82000-7f1aeb3fa000 rw-p 00000000 00:00 0 
7f1aeb3fa000-7f1aeb3fb000 ---p 00000000 00:00 0 
7f1aeb3fb000-7f1aeb3ff000 ---p 00000000 00:00 0 
7f1aeb3ff000-7f1aeb4fb000 rw-p 00000000 00:00 0 
7f1aeb4fb000-7f1aeb4fc000 ---p 00000000 00:00 0 
7f1aeb4fc000-7f1aeb500000 ---p 00000000 00:00 0 
7f1aeb500000-7f1aeb5fc000 rw-p 00000000 00:00 0 
7f1aeb5fc000-7f1aeb5fd000 ---p 00000000 00:00 0 
7f1aeb5fd000-7f1aeb601000 ---p 00000000 00:00 0 
7f1aeb601000-7f1aeb6fd000 rw-p 00000000 00:00 0 
7f1aeb6fd000-7f1aeb6fe000 ---p 00000000 00:00 0 
7f1aeb6fe000-7f1aeb702000 ---p 00000000 00:00 0 
7f1aeb702000-7f1aeb7fe000 rw-p 00000000 00:00 0 
7f1aeb7fe000-7f1aeb7ff000 ---p 00000000 00:00 0 
7f1aeb7ff000-7f1aeb803000 ---p 00000000 00:00 0 
7f1aeb803000-7f1aeb8ff000 rw-p 00000000 00:00 0 
7f1aeb8ff000-7f1aeb900000 ---p 00000000 00:00 0 
7f1aeb900000-7f1aeb904000 ---p 00000000 00:00 0 
7f1aeb904000-7f1aeba00000 rw-p 00000000 00:00 0 
7f1aeba00000-7f1aeba05000 r-xp 00000000 fe:00 525811                     /tmp/native-platform5666705625611393235dir/libnative-platform.so
7f1aeba05000-7f1aebc04000 ---p 00005000 fe:00 525811                     /tmp/native-platform5666705625611393235dir/libnative-platform.so
7f1aebc04000-7f1aebc05000 rw-p 00004000 fe:00 525811                     /tmp/native-platform5666705625611393235dir/libnative-platform.so
7f1aebcfd000-7f1aebcfe000 ---p 00000000 00:00 0 
7f1aebcfe000-7f1aebd02000 ---p 00000000 00:00 0 
7f1aebd02000-7f1aebdfe000 rw-p 00000000 00:00 0 
7f1aebdfe000-7f1aebdff000 ---p 00000000 00:00 0 
7f1aebdff000-7f1aebe03000 ---p 00000000 00:00 0 
7f1aebe03000-7f1aebeff000 rw-p 00000000 00:00 0 
7f1aebeff000-7f1aebf00000 ---p 00000000 00:00 0 
7f1aebf00000-7f1aebf04000 ---p 00000000 00:00 0 
7f1aebf04000-7f1aec500000 rw-p 00000000 00:00 0 
7f1aec500000-7f1aecd00000 rw-p 00000000 00:00 0 
7f1aecd00000-7f1aedf50000 rw-p 00000000 00:00 0 
7f1aedf50000-7f1aedf80000 ---p 00000000 00:00 0 
7f1aedf80000-7f1aedf90000 rw-p 00000000 00:00 0 
7f1aedf90000-7f1af0000000 ---p 00000000 00:00 0 
7f1af0000000-7f1af2d1d000 rw-p 00000000 00:00 0 
7f1af2d1d000-7f1af4000000 ---p 00000000 00:00 0 
7f1af4000000-7f1af414b000 rw-p 00000000 00:00 0 
7f1af414b000-7f1af8000000 ---p 00000000 00:00 0 
7f1af8000000-7f1af802c000 rw-p 00000000 00:00 0 
7f1af802c000-7f1afc000000 ---p 00000000 00:00 0 
7f1afc000000-7f1b00000000 rw-p 00000000 00:00 0 
7f1b00000000-7f1b00021000 rw-p 00000000 00:00 0 
7f1b00021000-7f1b04000000 ---p 00000000 00:00 0 
7f1b04000000-7f1b04054000 rw-p 00000000 00:00 0 
7f1b04054000-7f1b08000000 ---p 00000000 00:00 0 
7f1b08000000-7f1b08052000 rw-p 00000000 00:00 0 
7f1b08052000-7f1b0c000000 ---p 00000000 00:00 0 
7f1b0c000000-7f1b0c023000 rw-p 00000000 00:00 0 
7f1b0c023000-7f1b10000000 ---p 00000000 00:00 0 
7f1b10000000-7f1b10617000 rw-p 00000000 00:00 0 
7f1b10617000-7f1b14000000 ---p 00000000 00:00 0 
7f1b140f1000-7f1b140f2000 ---p 00000000 00:00 0 
7f1b140f2000-7f1b140f6000 ---p 00000000 00:00 0 
7f1b140f6000-7f1b141f2000 rw-p 00000000 00:00 0 
7f1b141f2000-7f1b141f3000 ---p 00000000 00:00 0 
7f1b141f3000-7f1b141f7000 ---p 00000000 00:00 0 
7f1b141f7000-7f1b142f3000 rw-p 00000000 00:00 0 
7f1b142f3000-7f1b142f4000 ---p 00000000 00:00 0 
7f1b142f4000-7f1b142f8000 ---p 00000000 00:00 0 
7f1b142f8000-7f1b143f4000 rw-p 00000000 00:00 0 
7f1b143f4000-7f1b143f5000 ---p 00000000 00:00 0 
7f1b143f5000-7f1b143f9000 ---p 00000000 00:00 0 
7f1b143f9000-7f1b144f5000 rw-p 00000000 00:00 0 
7f1b144f5000-7f1b144f6000 ---p 00000000 00:00 0 
7f1b144f6000-7f1b144fa000 ---p 00000000 00:00 0 
7f1b144fa000-7f1b145f6000 rw-p 00000000 00:00 0 
7f1b145f6000-7f1b145f7000 ---p 00000000 00:00 0 
7f1b145f7000-7f1b145fb000 ---p 00000000 00:00 0 
7f1b145fb000-7f1b146f7000 rw-p 00000000 00:00 0 
7f1b146f7000-7f1b146f8000 ---p 00000000 00:00 0 
7f1b146f8000-7f1b146fc000 ---p 00000000 00:00 0 
7f1b146fc000-7f1b147f8000 rw-p 00000000 00:00 0 
7f1b147f8000-7f1b147f9000 ---p 00000000 00:00 0 
7f1b147f9000-7f1b147fd000 ---p 00000000 00:00 0 
7f1b147fd000-7f1b148f9000 rw-p 00000000 00:00 0 
7f1b148f9000-7f1b148fa000 ---p 00000000 00:00 0 
7f1b148fa000-7f1b148fe000 ---p 00000000 00:00 0 
7f1b148fe000-7f1b149fa000 rw-p 00000000 00:00 0 
7f1b149fa000-7f1b149fb000 ---p 00000000 00:00 0 
7f1b149fb000-7f1b149ff000 ---p 00000000 00:00 0 
7f1b149ff000-7f1b14afb000 rw-p 00000000 00:00 0 
7f1b14afb000-7f1b14afc000 ---p 00000000 00:00 0 
7f1b14afc000-7f1b14b00000 ---p 00000000 00:00 0 
7f1b14b00000-7f1b14bfc000 rw-p 00000000 00:00 0 
7f1b14bfc000-7f1b14bfd000 ---p 00000000 00:00 0 
7f1b14bfd000-7f1b14c01000 ---p 00000000 00:00 0 
7f1b14c01000-7f1b14cfd000 rw-p 00000000 00:00 0 
7f1b14cfd000-7f1b14cfe000 ---p 00000000 00:00 0 
7f1b14cfe000-7f1b14d02000 ---p 00000000 00:00 0 
7f1b14d02000-7f1b14dfe000 rw-p 00000000 00:00 0 
7f1b14dfe000-7f1b14dff000 ---p 00000000 00:00 0 
7f1b14dff000-7f1b14e03000 ---p 00000000 00:00 0 
7f1b14e03000-7f1b14eff000 rw-p 00000000 00:00 0 
7f1b14eff000-7f1b14f00000 ---p 00000000 00:00 0 
7f1b14f00000-7f1b14f04000 ---p 00000000 00:00 0 
7f1b14f04000-7f1b15000000 rw-p 00000000 00:00 0 
7f1b15000000-7f1b15455000 rw-p 00001000 00:25 13853                      /usr/lib/jvm/java-17-openjdk-amd64/lib/server/classes.jsa
7f1b15455000-7f1b15bca000 rw-p 00456000 00:25 13853                      /usr/lib/jvm/java-17-openjdk-amd64/lib/server/classes.jsa
7f1b15bca000-7f1b16000000 ---p 00000000 00:00 0 
7f1b16000000-7f1b16040000 rw-p 00000000 00:00 0 
7f1b16040000-7f1b16080000 rw-p 00000000 00:00 0 
7f1b16080000-7f1b16140000 rw-p 00000000 00:00 0 
7f1b16140000-7f1b16180000 rw-p 00000000 00:00 0 
7f1b16180000-7f1b16440000 rw-p 00000000 00:00 0 
7f1b16440000-7f1b16740000 rw-p 00000000 00:00 0 
7f1b16740000-7f1b16780000 rw-p 00000000 00:00 0 
7f1b16780000-7f1b16b60000 rw-p 00000000 00:00 0 
7f1b16b60000-7f1b16b80000 rw-p 00000000 00:00 0 
7f1b16b80000-7f1b16c60000 rw-p 00000000 00:00 0 
7f1b16c60000-7f1b16c80000 rw-p 00000000 00:00 0 
7f1b16c80000-7f1b16f90000 rw-p 00000000 00:00 0 
7f1b16f90000-7f1b30000000 ---p 00000000 00:00 0 
7f1b30000000-7f1b3220e000 rw-p 00000000 00:00 0 
7f1b3220e000-7f1b34000000 ---p 00000000 00:00 0 
7f1b34000000-7f1b34400000 rw-p 00000000 00:00 0 
7f1b34400000-7f1b34900000 rw-p 00000000 00:00 0 
7f1b34900000-7f1b34a00000 rw-p 00000000 00:00 0 
7f1b34a00000-7f1b35580000 rw-p 00000000 00:00 0 
7f1b35580000-7f1b35600000 rw-p 00000000 00:00 0 
7f1b35600000-7f1b35700000 rw-p 00000000 00:00 0 
7f1b35700000-7f1b35800000 rw-p 00000000 00:00 0 
7f1b35800000-7f1b35900000 rw-p 00000000 00:00 0 
7f1b35900000-7f1b35a00000 rw-p 00000000 00:00 0 
7f1b35a00000-7f1b36380000 rw-p 00000000 00:00 0 
7f1b36380000-7f1b36400000 rw-p 00000000 00:00 0 
7f1b36400000-7f1b36ac0000 rw-p 00000000 00:00 0 
7f1b36ac0000-7f1b36b00000 rw-p 00000000 00:00 0 
7f1b36b00000-7f1b36f80000 rw-p 00000000 00:00 0 
7f1b36f80000-7f1b37100000 rw-p 00000000 00:00 0 
7f1b37100000-7f1b38000000 rw-p 00000000 00:00 0 
7f1b38000000-7f1b3ac31000 rw-p 00000000 00:00 0 
7f1b3ac31000-7f1b3c000000 ---p 00000000 00:00 0 
7f1b3c03d000-7f1b3c03e000 ---p 00000000 00:00 0 
7f1b3c03e000-7f1b3c042000 ---p 00000000 00:00 0 
7f1b3c042000-7f1b3c13e000 rw-p 00000000 00:00 0 
7f1b3c13e000-7f1b3c13f000 ---p 00000000 00:00 0 
7f1b3c13f000-7f1b3c143000 ---p 00000000 00:00 0 
7f1b3c143000-7f1b3c23f000 rw-p 00000000 00:00 0 
7f1b3c283000-7f1b3c284000 ---p 00000000 00:00 0 
7f1b3c284000-7f1b3c288000 ---p 00000000 00:00 0 
7f1b3c288000-7f1b3c384000 rw-p 00000000 00:00 0 
7f1b3c384000-7f1b3c385000 ---p 00000000 00:00 0 
7f1b3c385000-7f1b3c389000 ---p 00000000 00:00 0 
7f1b3c389000-7f1b3c485000 rw-p 00000000 00:00 0 
7f1b3c485000-7f1b3c486000 ---p 00000000 00:00 0 
7f1b3c486000-7f1b3c48a000 ---p 00000000 00:00 0 
7f1b3c48a000-7f1b3c586000 rw-p 00000000 00:00 0 
7f1b3c586000-7f1b3c587000 ---p 00000000 00:00 0 
7f1b3c587000-7f1b3c58b000 ---p 00000000 00:00 0 
7f1b3c58b000-7f1b3c687000 rw-p 00000000 00:00 0 
7f1b3c687000-7f1b3c688000 ---p 00000000 00:00 0 
7f1b3c688000-7f1b3c68c000 ---p 00000000 00:00 0 
7f1b3c68c000-7f1b3c788000 rw-p 00000000 00:00 0 
7f1b3c788000-7f1b3c789000 ---p 00000000 00:00 0 
7f1b3c789000-7f1b3c78d000 ---p 00000000 00:00 0 
7f1b3c78d000-7f1b3c889000 rw-p 00000000 00:00 0 
7f1b3c889000-7f1b3c88a000 ---p 00000000 00:00 0 
7f1b3c88a000-7f1b3c88e000 ---p 00000000 00:00 0 
7f1b3c88e000-7f1b3c98a000 rw-p 00000000 00:00 0 
7f1b3c98a000-7f1b3c98b000 ---p 00000000 00:00 0 
7f1b3c98b000-7f1b3c98f000 ---p 00000000 00:00 0 
7f1b3c98f000-7f1b3ca8b000 rw-p 00000000 00:00 0 
7f1b3ca8b000-7f1b3ca8c000 ---p 00000000 00:00 0 
7f1b3ca8c000-7f1b3ca90000 ---p 00000000 00:00 0 
7f1b3ca90000-7f1b3cb8c000 rw-p 00000000 00:00 0 
7f1b3cb8c000-7f1b3cb8d000 ---p 00000000 00:00 0 
7f1b3cb8d000-7f1b3cb91000 ---p 00000000 00:00 0 
7f1b3cb91000-7f1b3cc8d000 rw-p 00000000 00:00 0 
7f1b3cc8d000-7f1b3cc8e000 ---p 00000000 00:00 0 
7f1b3cc8e000-7f1b3cc92000 ---p 00000000 00:00 0 
7f1b3cc92000-7f1b3cd8e000 rw-p 00000000 00:00 0 
7f1b3cd8e000-7f1b3cd8f000 ---p 00000000 00:00 0 
7f1b3cd8f000-7f1b3cd93000 ---p 00000000 00:00 0 
7f1b3cd93000-7f1b3ce8f000 rw-p 00000000 00:00 0 
7f1b3cef7000-7f1b3cef8000 ---p 00000000 00:00 0 
7f1b3cef8000-7f1b3cefc000 ---p 00000000 00:00 0 
7f1b3cefc000-7f1b3cff8000 rw-p 00000000 00:00 0 
7f1b3cff8000-7f1b3cff9000 ---p 00000000 00:00 0 
7f1b3cff9000-7f1b3cffd000 ---p 00000000 00:00 0 
7f1b3cffd000-7f1b3d0f9000 rw-p 00000000 00:00 0 
7f1b3d0f9000-7f1b3d0fa000 ---p 00000000 00:00 0 
7f1b3d0fa000-7f1b3d0fe000 ---p 00000000 00:00 0 
7f1b3d0fe000-7f1b3d1fa000 rw-p 00000000 00:00 0 
7f1b3d1fa000-7f1b3d1fb000 ---p 00000000 00:00 0 
7f1b3d1fb000-7f1b3d1ff000 ---p 00000000 00:00 0 
7f1b3d1ff000-7f1b3d2fb000 rw-p 00000000 00:00 0 
7f1b3d2fb000-7f1b3d2fc000 ---p 00000000 00:00 0 
7f1b3d2fc000-7f1b3d300000 ---p 00000000 00:00 0 
7f1b3d300000-7f1b3d3fc000 rw-p 00000000 00:00 0 
7f1b3d3fc000-7f1b3d3fd000 ---p 00000000 00:00 0 
7f1b3d3fd000-7f1b3d401000 ---p 00000000 00:00 0 
7f1b3d401000-7f1b3d4fd000 rw-p 00000000 00:00 0 
7f1b3d4fd000-7f1b3d4fe000 ---p 00000000 00:00 0 
7f1b3d4fe000-7f1b3d502000 ---p 00000000 00:00 0 
7f1b3d502000-7f1b3d5fe000 rw-p 00000000 00:00 0 
7f1b3d5fe000-7f1b3d5ff000 ---p 00000000 00:00 0 
7f1b3d5ff000-7f1b3d603000 ---p 00000000 00:00 0 
7f1b3d603000-7f1b3d6ff000 rw-p 00000000 00:00 0 
7f1b3d6ff000-7f1b3d700000 ---p 00000000 00:00 0 
7f1b3d700000-7f1b3d704000 ---p 00000000 00:00 0 
7f1b3d704000-7f1b3d800000 rw-p 00000000 00:00 0 
7f1b3d800000-7f1b3d853000 r-xp 00000000 fe:00 402                        /root/.gradle/native/38dada09dfb8b06ba9b0570ebf7e218e3eb74d4ef43ca46872605cf95ebc2f47/linux-amd64/libnative-platform-file-events.so
7f1b3d853000-7f1b3da52000 ---p 00053000 fe:00 402                        /root/.gradle/native/38dada09dfb8b06ba9b0570ebf7e218e3eb74d4ef43ca46872605cf95ebc2f47/linux-amd64/libnative-platform-file-events.so
7f1b3da52000-7f1b3da53000 r--p 00052000 fe:00 402                        /root/.gradle/native/38dada09dfb8b06ba9b0570ebf7e218e3eb74d4ef43ca46872605cf95ebc2f47/linux-amd64/libnative-platform-file-events.so
7f1b3da53000-7f1b3da55000 rw-p 00053000 fe:00 402                        /root/.gradle/native/38dada09dfb8b06ba9b0570ebf7e218e3eb74d4ef43ca46872605cf95ebc2f47/linux-amd64/libnative-platform-file-events.so
7f1b3daff000-7f1b3db00000 ---p 00000000 00:00 0 
7f1b3db00000-7f1b3db04000 ---p 00000000 00:00 0 
7f1b3db04000-7f1b3dc00000 rw-p 00000000 00:00 0 
7f1b3dc00000-7f1b3dc05000 r-xp 00000000 fe:00 525894                     /root/.gradle/native/c067742578af261105cb4f569cf0c3c89f3d7b1fecec35dd04571415982c5e48/linux-amd64/libnative-platform.so
7f1b3dc05000-7f1b3de05000 ---p 00005000 fe:00 525894                     /root/.gradle/native/c067742578af261105cb4f569cf0c3c89f3d7b1fecec35dd04571415982c5e48/linux-amd64/libnative-platform.so
7f1b3de05000-7f1b3de06000 r--p 00005000 fe:00 525894                     /root/.gradle/native/c067742578af261105cb4f569cf0c3c89f3d7b1fecec35dd04571415982c5e48/linux-amd64/libnative-platform.so
7f1b3de06000-7f1b3de07000 rw-p 00006000 fe:00 525894                     /root/.gradle/native/c067742578af261105cb4f569cf0c3c89f3d7b1fecec35dd04571415982c5e48/linux-amd64/libnative-platform.so
7f1b3deff000-7f1b3df00000 ---p 00000000 00:00 0 
7f1b3df00000-7f1b3df04000 ---p 00000000 00:00 0 
7f1b3df04000-7f1b40000000 rw-p 00000000 00:00 0 
7f1b40000000-7f1b40036000 rw-p 00000000 00:00 0 
7f1b40036000-7f1b44000000 ---p 00000000 00:00 0 
7f1b44000000-7f1b441b6000 rw-p 00000000 00:00 0 
7f1b441b6000-7f1b48000000 ---p 00000000 00:00 0 
7f1b48000000-7f1b48085000 rw-p 00000000 00:00 0 
7f1b48085000-7f1b4c000000 ---p 00000000 00:00 0 
7f1b4c039000-7f1b4c03a000 ---p 00000000 00:00 0 
7f1b4c03a000-7f1b4c03e000 ---p 00000000 00:00 0 
7f1b4c03e000-7f1b4c05c000 rw-p 00000000 00:00 0 
7f1b4c05c000-7f1b4c05d000 r--p 00000000 00:25 13837                      /usr/lib/jvm/java-17-openjdk-amd64/lib/librmi.so
7f1b4c05d000-7f1b4c05e000 r-xp 00001000 00:25 13837                      /usr/lib/jvm/java-17-openjdk-amd64/lib/librmi.so
7f1b4c05e000-7f1b4c05f000 r--p 00002000 00:25 13837                      /usr/lib/jvm/java-17-openjdk-amd64/lib/librmi.so
7f1b4c05f000-7f1b4c060000 r--p 00002000 00:25 13837                      /usr/lib/jvm/java-17-openjdk-amd64/lib/librmi.so
7f1b4c060000-7f1b4c061000 rw-p 00003000 00:25 13837                      /usr/lib/jvm/java-17-openjdk-amd64/lib/librmi.so
7f1b4c061000-7f1b4c062000 ---p 00000000 00:00 0 
7f1b4c062000-7f1b4c066000 ---p 00000000 00:00 0 
7f1b4c066000-7f1b4c162000 rw-p 00000000 00:00 0 
7f1b4c162000-7f1b4c163000 r--p 00000000 00:25 13813                      /usr/lib/jvm/java-17-openjdk-amd64/lib/libextnet.so
7f1b4c163000-7f1b4c164000 r-xp 00001000 00:25 13813                      /usr/lib/jvm/java-17-openjdk-amd64/lib/libextnet.so
7f1b4c164000-7f1b4c165000 r--p 00002000 00:25 13813                      /usr/lib/jvm/java-17-openjdk-amd64/lib/libextnet.so
7f1b4c165000-7f1b4c166000 r--p 00002000 00:25 13813                      /usr/lib/jvm/java-17-openjdk-amd64/lib/libextnet.so
7f1b4c166000-7f1b4c167000 rw-p 00003000 00:25 13813                      /usr/lib/jvm/java-17-openjdk-amd64/lib/libextnet.so
7f1b4c167000-7f1b4c168000 ---p 00000000 00:00 0 
7f1b4c168000-7f1b4c16c000 ---p 00000000 00:00 0 
7f1b4c16c000-7f1b4c268000 rw-p 00000000 00:00 0 
7f1b4c268000-7f1b4c26a000 r--p 00000000 00:25 13832                      /usr/lib/jvm/java-17-openjdk-amd64/lib/libmanagement_ext.so
7f1b4c26a000-7f1b4c26d000 r-xp 00002000 00:25 13832                      /usr/lib/jvm/java-17-openjdk-amd64/lib/libmanagement_ext.so
7f1b4c26d000-7f1b4c26e000 r--p 00005000 00:25 13832                      /usr/lib/jvm/java-17-openjdk-amd64/lib/libmanagement_ext.so
7f1b4c26e000-7f1b4c26f000 r--p 00006000 00:25 13832                      /usr/lib/jvm/java-17-openjdk-amd64/lib/libmanagement_ext.so
7f1b4c26f000-7f1b4c270000 rw-p 00007000 00:25 13832                      /usr/lib/jvm/java-17-openjdk-amd64/lib/libmanagement_ext.so
7f1b4c270000-7f1b4c271000 r--p 00000000 00:25 18162                      /usr/lib/x86_64-linux-gnu/libpthread.so.0
7f1b4c271000-7f1b4c272000 r-xp 00001000 00:25 18162                      /usr/lib/x86_64-linux-gnu/libpthread.so.0
7f1b4c272000-7f1b4c273000 r--p 00002000 00:25 18162                      /usr/lib/x86_64-linux-gnu/libpthread.so.0
7f1b4c273000-7f1b4c274000 r--p 00002000 00:25 18162                      /usr/lib/x86_64-linux-gnu/libpthread.so.0
7f1b4c274000-7f1b4c275000 rw-p 00003000 00:25 18162                      /usr/lib/x86_64-linux-gnu/libpthread.so.0
7f1b4c275000-7f1b4c279000 r--p 00000000 00:25 13842                      /usr/lib/jvm/java-17-openjdk-amd64/lib/libverify.so
7f1b4c279000-7f1b4c280000 r-xp 00004000 00:25 13842                      /usr/lib/jvm/java-17-openjdk-amd64/lib/libverify.so
7f1b4c280000-7f1b4c282000 r--p 0000b000 00:25 13842                      /usr/lib/jvm/java-17-openjdk-amd64/lib/libverify.so
7f1b4c282000-7f1b4c284000 r--p 0000c000 00:25 13842                      /usr/lib/jvm/java-17-openjdk-amd64/lib/libverify.so
7f1b4c284000-7f1b4c285000 rw-p 0000e000 00:25 13842                      /usr/lib/jvm/java-17-openjdk-amd64/lib/libverify.so
7f1b4c285000-7f1b4c286000 ---p 00000000 00:00 0 
7f1b4c286000-7f1b4c386000 rw-p 00000000 00:00 0 
7f1b4c386000-7f1b4c387000 ---p 00000000 00:00 0 
7f1b4c387000-7f1b4c487000 rw-p 00000000 00:00 0 
7f1b4c487000-7f1b4c488000 ---p 00000000 00:00 0 
7f1b4c488000-7f1b4c48c000 ---p 00000000 00:00 0 
7f1b4c48c000-7f1b4c588000 rw-p 00000000 00:00 0 
7f1b4c588000-7f1b4c589000 ---p 00000000 00:00 0 
7f1b4c589000-7f1b4c58d000 ---p 00000000 00:00 0 
7f1b4c58d000-7f1b4c689000 rw-p 00000000 00:00 0 
7f1b4c689000-7f1b4c68a000 ---p 00000000 00:00 0 
7f1b4c68a000-7f1b4c68e000 ---p 00000000 00:00 0 
7f1b4c68e000-7f1b4c78a000 rw-p 00000000 00:00 0 
7f1b4c78a000-7f1b4c78b000 ---p 00000000 00:00 0 
7f1b4c78b000-7f1b4c78f000 ---p 00000000 00:00 0 
7f1b4c78f000-7f1b4c88b000 rw-p 00000000 00:00 0 
7f1b4c88b000-7f1b4c88c000 ---p 00000000 00:00 0 
7f1b4c88c000-7f1b4c890000 ---p 00000000 00:00 0 
7f1b4c890000-7f1b4c98c000 rw-p 00000000 00:00 0 
7f1b4c98c000-7f1b4c98d000 ---p 00000000 00:00 0 
7f1b4c98d000-7f1b4c991000 ---p 00000000 00:00 0 
7f1b4c991000-7f1b4ca8d000 rw-p 00000000 00:00 0 
7f1b4ca8d000-7f1b4ca8e000 ---p 00000000 00:00 0 
7f1b4ca8e000-7f1b4ca92000 ---p 00000000 00:00 0 
7f1b4ca92000-7f1b4cb8e000 rw-p 00000000 00:00 0 
7f1b4cb8e000-7f1b4cb8f000 ---p 00000000 00:00 0 
7f1b4cb8f000-7f1b4cb93000 ---p 00000000 00:00 0 
7f1b4cb93000-7f1b4cc8f000 rw-p 00000000 00:00 0 
7f1b4cc8f000-7f1b4cce6000 r--p 00000000 00:25 13893                      /usr/lib/locale/C.utf8/LC_CTYPE
7f1b4cce6000-7f1b4cce7000 ---p 00000000 00:00 0 
7f1b4cce7000-7f1b4cceb000 ---p 00000000 00:00 0 
7f1b4cceb000-7f1b4cde7000 rw-p 00000000 00:00 0 
7f1b4cde7000-7f1b4cde8000 ---p 00000000 00:00 0 
7f1b4cde8000-7f1b4cdec000 ---p 00000000 00:00 0 
7f1b4cdec000-7f1b4cee8000 rw-p 00000000 00:00 0 
7f1b4cee8000-7f1b4cee9000 ---p 00000000 00:00 0 
7f1b4cee9000-7f1b4cfe9000 rw-p 00000000 00:00 0 
7f1b4cfe9000-7f1b4cfee000 r--p 00000000 00:25 13828                      /usr/lib/jvm/java-17-openjdk-amd64/lib/libjsvml.so
7f1b4cfee000-7f1b4d02f000 r-xp 00005000 00:25 13828                      /usr/lib/jvm/java-17-openjdk-amd64/lib/libjsvml.so
7f1b4d02f000-7f1b4d0b8000 r--p 00046000 00:25 13828                      /usr/lib/jvm/java-17-openjdk-amd64/lib/libjsvml.so
7f1b4d0b8000-7f1b4d0b9000 r--p 000ce000 00:25 13828                      /usr/lib/jvm/java-17-openjdk-amd64/lib/libjsvml.so
7f1b4d0b9000-7f1b4d0ba000 rw-p 000cf000 00:25 13828                      /usr/lib/jvm/java-17-openjdk-amd64/lib/libjsvml.so
7f1b4d0ba000-7f1b4d1d7000 rw-p 00000000 00:00 0 
7f1b4d1da000-7f1b4d1dc000 r--p 00000000 00:25 13830                      /usr/lib/jvm/java-17-openjdk-amd64/lib/libmanagement.so
7f1b4d1dc000-7f1b4d1dd000 r-xp 00002000 00:25 13830                      /usr/lib/jvm/java-17-openjdk-amd64/lib/libmanagement.so
7f1b4d1dd000-7f1b4d1de000 r--p 00003000 00:25 13830                      /usr/lib/jvm/java-17-openjdk-amd64/lib/libmanagement.so
7f1b4d1de000-7f1b4d1df000 r--p 00003000 00:25 13830                      /usr/lib/jvm/java-17-openjdk-amd64/lib/libmanagement.so
7f1b4d1df000-7f1b4d1e0000 rw-p 00004000 00:25 13830                      /usr/lib/jvm/java-17-openjdk-amd64/lib/libmanagement.so
7f1b4d1e0000-7f1b4d1e4000 r--p 00000000 00:25 13834                      /usr/lib/jvm/java-17-openjdk-amd64/lib/libnet.so
7f1b4d1e4000-7f1b4d1f2000 r-xp 00004000 00:25 13834                      /usr/lib/jvm/java-17-openjdk-amd64/lib/libnet.so
7f1b4d1f2000-7f1b4d1f6000 r--p 00012000 00:25 13834                      /usr/lib/jvm/java-17-openjdk-amd64/lib/libnet.so
7f1b4d1f6000-7f1b4d1f7000 r--p 00015000 00:25 13834                      /usr/lib/jvm/java-17-openjdk-amd64/lib/libnet.so
7f1b4d1f7000-7f1b4d1f8000 rw-p 00016000 00:25 13834                      /usr/lib/jvm/java-17-openjdk-amd64/lib/libnet.so
7f1b4d1f8000-7f1b4d1ff000 r--p 00000000 00:25 13835                      /usr/lib/jvm/java-17-openjdk-amd64/lib/libnio.so
7f1b4d1ff000-7f1b4d208000 r-xp 00007000 00:25 13835                      /usr/lib/jvm/java-17-openjdk-amd64/lib/libnio.so
7f1b4d208000-7f1b4d20c000 r--p 00010000 00:25 13835                      /usr/lib/jvm/java-17-openjdk-amd64/lib/libnio.so
7f1b4d20c000-7f1b4d20d000 r--p 00014000 00:25 13835                      /usr/lib/jvm/java-17-openjdk-amd64/lib/libnio.so
7f1b4d20d000-7f1b4d20e000 rw-p 00015000 00:25 13835                      /usr/lib/jvm/java-17-openjdk-amd64/lib/libnio.so
7f1b4d20e000-7f1b4d20f000 ---p 00000000 00:00 0 
7f1b4d20f000-7f1b4d30f000 rw-p 00000000 00:00 0 
7f1b4d30f000-7f1b4d310000 ---p 00000000 00:00 0 
7f1b4d310000-7f1b4d511000 rw-p 00000000 00:00 0 
7f1b4d511000-7f1b4f981000 rwxp 00000000 00:00 0 
7f1b4f981000-7f1b54a49000 ---p 00000000 00:00 0 
7f1b54a49000-7f1b54cb9000 rwxp 00000000 00:00 0 
7f1b54cb9000-7f1b54fd8000 ---p 00000000 00:00 0 
7f1b54fd8000-7f1b55aa8000 rwxp 00000000 00:00 0 
7f1b55aa8000-7f1b5c511000 ---p 00000000 00:00 0 
7f1b5c511000-7f1b64000000 r--s 00000000 00:25 13844                      /usr/lib/jvm/java-17-openjdk-amd64/lib/modules
7f1b64000000-7f1b65253000 rw-p 00000000 00:00 0 
7f1b65253000-7f1b68000000 ---p 00000000 00:00 0 
7f1b68000000-7f1b68002000 r--p 00000000 00:25 13843                      /usr/lib/jvm/java-17-openjdk-amd64/lib/libzip.so
7f1b68002000-7f1b68006000 r-xp 00002000 00:25 13843                      /usr/lib/jvm/java-17-openjdk-amd64/lib/libzip.so
7f1b68006000-7f1b68008000 r--p 00006000 00:25 13843                      /usr/lib/jvm/java-17-openjdk-amd64/lib/libzip.so
7f1b68008000-7f1b68009000 r--p 00007000 00:25 13843                      /usr/lib/jvm/java-17-openjdk-amd64/lib/libzip.so
7f1b68009000-7f1b6800a000 rw-p 00008000 00:25 13843                      /usr/lib/jvm/java-17-openjdk-amd64/lib/libzip.so
7f1b6800a000-7f1b6800b000 r--p 00000000 00:25 13899                      /usr/lib/locale/C.utf8/LC_NUMERIC
7f1b6800b000-7f1b6800c000 r--p 00000000 00:25 13902                      /usr/lib/locale/C.utf8/LC_TIME
7f1b6800c000-7f1b6800d000 r--p 00000000 00:25 13892                      /usr/lib/locale/C.utf8/LC_COLLATE
7f1b6800d000-7f1b6800e000 r--p 00000000 00:25 13897                      /usr/lib/locale/C.utf8/LC_MONETARY
7f1b6800e000-7f1b6800f000 r--p 00000000 00:25 13896                      /usr/lib/locale/C.utf8/LC_MESSAGES/SYS_LC_MESSAGES
7f1b6800f000-7f1b68010000 r--p 00000000 00:25 13900                      /usr/lib/locale/C.utf8/LC_PAPER
7f1b68010000-7f1b68011000 r--p 00000000 00:25 13898                      /usr/lib/locale/C.utf8/LC_NAME
7f1b68011000-7f1b68018000 r--s 00000000 00:25 17585                      /usr/lib/x86_64-linux-gnu/gconv/gconv-modules.cache
7f1b68018000-7f1b68119000 rw-p 00000000 00:00 0 
7f1b68119000-7f1b6811a000 ---p 00000000 00:00 0 
7f1b6811a000-7f1b6821a000 rw-p 00000000 00:00 0 
7f1b6821a000-7f1b6821b000 ---p 00000000 00:00 0 
7f1b6821b000-7f1b6831b000 rw-p 00000000 00:00 0 
7f1b6831b000-7f1b6831c000 ---p 00000000 00:00 0 
7f1b6831c000-7f1b6912f000 rw-p 00000000 00:00 0 
7f1b6912f000-7f1b69437000 ---p 00000000 00:00 0 
7f1b69437000-7f1b6a12f000 rw-p 00000000 00:00 0 
7f1b6a12f000-7f1b6a437000 ---p 00000000 00:00 0 
7f1b6a437000-7f1b6a5dd000 rw-p 00000000 00:00 0 
7f1b6a5dd000-7f1b6a63e000 ---p 00000000 00:00 0 
7f1b6a63e000-7f1b6a7dd000 rw-p 00000000 00:00 0 
7f1b6a7dd000-7f1b6a83e000 ---p 00000000 00:00 0 
7f1b6a83e000-7f1b6a9dd000 rw-p 00000000 00:00 0 
7f1b6a9dd000-7f1b6aa3e000 ---p 00000000 00:00 0 
7f1b6aa3e000-7f1b6ac57000 rw-p 00000000 00:00 0 
7f1b6ac57000-7f1b6ad2c000 ---p 00000000 00:00 0 
7f1b6ad2c000-7f1b6ad75000 rw-p 00000000 00:00 0 
7f1b6ad75000-7f1b6ae17000 ---p 00000000 00:00 0 
7f1b6ae17000-7f1b6ae1c000 rw-p 00000000 00:00 0 
7f1b6ae1c000-7f1b6ae23000 ---p 00000000 00:00 0 
7f1b6ae23000-7f1b6ae2b000 rw-s 00000000 fe:00 525778                     /tmp/hsperfdata_root/1803
7f1b6ae2b000-7f1b6ae37000 r--p 00000000 00:25 13820                      /usr/lib/jvm/java-17-openjdk-amd64/lib/libjava.so
7f1b6ae37000-7f1b6ae48000 r-xp 0000c000 00:25 13820                      /usr/lib/jvm/java-17-openjdk-amd64/lib/libjava.so
7f1b6ae48000-7f1b6ae4e000 r--p 0001d000 00:25 13820                      /usr/lib/jvm/java-17-openjdk-amd64/lib/libjava.so
7f1b6ae4e000-7f1b6ae4f000 r--p 00022000 00:25 13820                      /usr/lib/jvm/java-17-openjdk-amd64/lib/libjava.so
7f1b6ae4f000-7f1b6ae50000 rw-p 00023000 00:25 13820                      /usr/lib/jvm/java-17-openjdk-amd64/lib/libjava.so
7f1b6ae50000-7f1b6ae51000 rw-p 00000000 00:00 0 
7f1b6ae51000-7f1b6ae52000 r--p 00000000 00:25 13815                      /usr/lib/jvm/java-17-openjdk-amd64/lib/libinstrument.so
7f1b6ae52000-7f1b6ae58000 r-xp 00001000 00:25 13815                      /usr/lib/jvm/java-17-openjdk-amd64/lib/libinstrument.so
7f1b6ae58000-7f1b6ae5b000 r--p 00007000 00:25 13815                      /usr/lib/jvm/java-17-openjdk-amd64/lib/libinstrument.so
7f1b6ae5b000-7f1b6ae5c000 r--p 00009000 00:25 13815                      /usr/lib/jvm/java-17-openjdk-amd64/lib/libinstrument.so
7f1b6ae5c000-7f1b6ae5d000 rw-p 0000a000 00:25 13815                      /usr/lib/jvm/java-17-openjdk-amd64/lib/libinstrument.so
7f1b6ae5d000-7f1b6ae5f000 r--p 00000000 00:25 13824                      /usr/lib/jvm/java-17-openjdk-amd64/lib/libjimage.so
7f1b6ae5f000-7f1b6ae62000 r-xp 00002000 00:25 13824                      /usr/lib/jvm/java-17-openjdk-amd64/lib/libjimage.so
7f1b6ae62000-7f1b6ae63000 r--p 00005000 00:25 13824                      /usr/lib/jvm/java-17-openjdk-amd64/lib/libjimage.so
7f1b6ae63000-7f1b6ae64000 r--p 00006000 00:25 13824                      /usr/lib/jvm/java-17-openjdk-amd64/lib/libjimage.so
7f1b6ae64000-7f1b6ae65000 rw-p 00007000 00:25 13824                      /usr/lib/jvm/java-17-openjdk-amd64/lib/libjimage.so
7f1b6ae65000-7f1b6ae69000 ---p 00000000 00:00 0 
7f1b6ae69000-7f1b6af65000 rw-p 00000000 00:00 0 
7f1b6af65000-7f1b6af68000 r--p 00000000 00:25 17971                      /usr/lib/x86_64-linux-gnu/libgcc_s.so.1
7f1b6af68000-7f1b6af7f000 r-xp 00003000 00:25 17971                      /usr/lib/x86_64-linux-gnu/libgcc_s.so.1
7f1b6af7f000-7f1b6af83000 r--p 0001a000 00:25 17971                      /usr/lib/x86_64-linux-gnu/libgcc_s.so.1
7f1b6af83000-7f1b6af84000 r--p 0001d000 00:25 17971                      /usr/lib/x86_64-linux-gnu/libgcc_s.so.1
7f1b6af84000-7f1b6af85000 rw-p 0001e000 00:25 17971                      /usr/lib/x86_64-linux-gnu/libgcc_s.so.1
7f1b6af85000-7f1b6af95000 r--p 00000000 00:25 18072                      /usr/lib/x86_64-linux-gnu/libm.so.6
7f1b6af95000-7f1b6b009000 r-xp 00010000 00:25 18072                      /usr/lib/x86_64-linux-gnu/libm.so.6
7f1b6b009000-7f1b6b063000 r--p 00084000 00:25 18072                      /usr/lib/x86_64-linux-gnu/libm.so.6
7f1b6b063000-7f1b6b064000 r--p 000dd000 00:25 18072                      /usr/lib/x86_64-linux-gnu/libm.so.6
7f1b6b064000-7f1b6b065000 rw-p 000de000 00:25 18072                      /usr/lib/x86_64-linux-gnu/libm.so.6
7f1b6b065000-7f1b6b0fe000 r--p 00000000 00:25 18239                      /usr/lib/x86_64-linux-gnu/libstdc++.so.6.0.30
7f1b6b0fe000-7f1b6b1ff000 r-xp 00099000 00:25 18239                      /usr/lib/x86_64-linux-gnu/libstdc++.so.6.0.30
7f1b6b1ff000-7f1b6b26e000 r--p 0019a000 00:25 18239                      /usr/lib/x86_64-linux-gnu/libstdc++.so.6.0.30
7f1b6b26e000-7f1b6b279000 r--p 00209000 00:25 18239                      /usr/lib/x86_64-linux-gnu/libstdc++.so.6.0.30
7f1b6b279000-7f1b6b27c000 rw-p 00214000 00:25 18239                      /usr/lib/x86_64-linux-gnu/libstdc++.so.6.0.30
7f1b6b27c000-7f1b6b27f000 rw-p 00000000 00:00 0 
7f1b6b27f000-7f1b6b4d0000 r--p 00000000 00:25 13856                      /usr/lib/jvm/java-17-openjdk-amd64/lib/server/libjvm.so
7f1b6b4d0000-7f1b6c222000 r-xp 00251000 00:25 13856                      /usr/lib/jvm/java-17-openjdk-amd64/lib/server/libjvm.so
7f1b6c222000-7f1b6c4a4000 r--p 00fa3000 00:25 13856                      /usr/lib/jvm/java-17-openjdk-amd64/lib/server/libjvm.so
7f1b6c4a4000-7f1b6c55c000 r--p 01225000 00:25 13856                      /usr/lib/jvm/java-17-openjdk-amd64/lib/server/libjvm.so
7f1b6c55c000-7f1b6c591000 rw-p 012dd000 00:25 13856                      /usr/lib/jvm/java-17-openjdk-amd64/lib/server/libjvm.so
7f1b6c591000-7f1b6c5ed000 rw-p 00000000 00:00 0 
7f1b6c5ed000-7f1b6c613000 r--p 00000000 00:25 17860                      /usr/lib/x86_64-linux-gnu/libc.so.6
7f1b6c613000-7f1b6c769000 r-xp 00026000 00:25 17860                      /usr/lib/x86_64-linux-gnu/libc.so.6
7f1b6c769000-7f1b6c7bc000 r--p 0017c000 00:25 17860                      /usr/lib/x86_64-linux-gnu/libc.so.6
7f1b6c7bc000-7f1b6c7c0000 r--p 001cf000 00:25 17860                      /usr/lib/x86_64-linux-gnu/libc.so.6
7f1b6c7c0000-7f1b6c7c2000 rw-p 001d3000 00:25 17860                      /usr/lib/x86_64-linux-gnu/libc.so.6
7f1b6c7c2000-7f1b6c7cf000 rw-p 00000000 00:00 0 
7f1b6c7cf000-7f1b6c7d1000 r--p 00000000 00:25 13825                      /usr/lib/jvm/java-17-openjdk-amd64/lib/libjli.so
7f1b6c7d1000-7f1b6c7da000 r-xp 00002000 00:25 13825                      /usr/lib/jvm/java-17-openjdk-amd64/lib/libjli.so
7f1b6c7da000-7f1b6c7dd000 r--p 0000b000 00:25 13825                      /usr/lib/jvm/java-17-openjdk-amd64/lib/libjli.so
7f1b6c7dd000-7f1b6c7de000 r--p 0000d000 00:25 13825                      /usr/lib/jvm/java-17-openjdk-amd64/lib/libjli.so
7f1b6c7de000-7f1b6c7df000 rw-p 0000e000 00:25 13825                      /usr/lib/jvm/java-17-openjdk-amd64/lib/libjli.so
7f1b6c7df000-7f1b6c7e2000 r--p 00000000 00:25 1006                       /usr/lib/x86_64-linux-gnu/libz.so.1.2.13
7f1b6c7e2000-7f1b6c7f5000 r-xp 00003000 00:25 1006                       /usr/lib/x86_64-linux-gnu/libz.so.1.2.13
7f1b6c7f5000-7f1b6c7fc000 r--p 00016000 00:25 1006                       /usr/lib/x86_64-linux-gnu/libz.so.1.2.13
7f1b6c7fc000-7f1b6c7fd000 r--p 0001c000 00:25 1006                       /usr/lib/x86_64-linux-gnu/libz.so.1.2.13
7f1b6c7fd000-7f1b6c7fe000 rw-p 0001d000 00:25 1006                       /usr/lib/x86_64-linux-gnu/libz.so.1.2.13
7f1b6c7fe000-7f1b6c7ff000 r--p 00000000 00:25 13891                      /usr/lib/locale/C.utf8/LC_ADDRESS
7f1b6c7ff000-7f1b6c800000 r--p 00000000 00:25 13901                      /usr/lib/locale/C.utf8/LC_TELEPHONE
7f1b6c800000-7f1b6c801000 r--p 00000000 00:25 13895                      /usr/lib/locale/C.utf8/LC_MEASUREMENT
7f1b6c801000-7f1b6c802000 r--p 00000000 00:25 13894                      /usr/lib/locale/C.utf8/LC_IDENTIFICATION
7f1b6c802000-7f1b6c803000 ---p 00000000 00:00 0 
7f1b6c803000-7f1b6c804000 r--p 00000000 00:00 0 
7f1b6c804000-7f1b6c805000 ---p 00000000 00:00 0 
7f1b6c805000-7f1b6c807000 rw-p 00000000 00:00 0 
7f1b6c807000-7f1b6c808000 r--p 00000000 00:25 17646                      /usr/lib/x86_64-linux-gnu/ld-linux-x86-64.so.2
7f1b6c808000-7f1b6c82e000 r-xp 00001000 00:25 17646                      /usr/lib/x86_64-linux-gnu/ld-linux-x86-64.so.2
7f1b6c82e000-7f1b6c838000 r--p 00027000 00:25 17646                      /usr/lib/x86_64-linux-gnu/ld-linux-x86-64.so.2
7f1b6c838000-7f1b6c83a000 r--p 00031000 00:25 17646                      /usr/lib/x86_64-linux-gnu/ld-linux-x86-64.so.2
7f1b6c83a000-7f1b6c83c000 rw-p 00033000 00:25 17646                      /usr/lib/x86_64-linux-gnu/ld-linux-x86-64.so.2
7ffc96047000-7ffc96068000 rw-p 00000000 00:00 0                          [stack]
7ffc96078000-7ffc9607b000 r--p 00000000 00:00 0                          [vvar]
7ffc9607b000-7ffc9607d000 r-xp 00000000 00:00 0                          [vdso]
ffffffffff600000-ffffffffff601000 r-xp 00000000 00:00 0                  [vsyscall]


VM Arguments:
jvm_args: -XX:MaxMetaspaceSize=512m --add-opens=java.base/java.util=ALL-UNNAMED --add-opens=java.base/java.lang=ALL-UNNAMED --add-opens=java.base/java.lang.invoke=ALL-UNNAMED --add-opens=java.prefs/java.util.prefs=ALL-UNNAMED --add-opens=java.base/java.nio.charset=ALL-UNNAMED --add-opens=java.base/java.net=ALL-UNNAMED --add-opens=java.base/java.util.concurrent.atomic=ALL-UNNAMED -Xmx1024m -Dfile.encoding=UTF-8 -Duser.country -Duser.language=en -Duser.variant -javaagent:/root/.gradle/wrapper/dists/gradle-8.7-bin/bhs2wmbdwecv87pi65oeuq5iu/gradle-8.7/lib/agents/gradle-instrumentation-agent-8.7.jar 
java_command: org.gradle.launcher.daemon.bootstrap.GradleDaemon 8.7
java_class_path (initial): /root/.gradle/wrapper/dists/gradle-8.7-bin/bhs2wmbdwecv87pi65oeuq5iu/gradle-8.7/lib/gradle-launcher-8.7.jar
Launcher Type: SUN_STANDARD

[Global flags]
     intx CICompilerCount                          = 2                                         {product} {ergonomic}
   size_t CompressedClassSpaceSize                 = 436207616                                 {product} {ergonomic}
     uint ConcGCThreads                            = 1                                         {product} {ergonomic}
     uint G1ConcRefinementThreads                  = 2                                         {product} {ergonomic}
   size_t G1HeapRegionSize                         = 1048576                                   {product} {ergonomic}
    uintx GCDrainStackTargetSize                   = 64                                        {product} {ergonomic}
   size_t InitialHeapSize                          = 33554432                                  {product} {ergonomic}
   size_t MarkStackSize                            = 4194304                                   {product} {ergonomic}
   size_t MaxHeapSize                              = 1073741824                                {product} {command line}
   size_t MaxMetaspaceSize                         = 536870912                                 {product} {command line}
   size_t MaxNewSize                               = 643825664                                 {product} {ergonomic}
   size_t MinHeapDeltaBytes                        = 1048576                                   {product} {ergonomic}
   size_t MinHeapSize                              = 8388608                                   {product} {ergonomic}
    uintx NonNMethodCodeHeapSize                   = 5826188                                {pd product} {ergonomic}
    uintx NonProfiledCodeHeapSize                  = 122916026                              {pd product} {ergonomic}
    uintx ProfiledCodeHeapSize                     = 122916026                              {pd product} {ergonomic}
    uintx ReservedCodeCacheSize                    = 251658240                              {pd product} {ergonomic}
     bool SegmentedCodeCache                       = true                                      {product} {ergonomic}
   size_t SoftMaxHeapSize                          = 1073741824                             {manageable} {ergonomic}
     bool UseCompressedClassPointers               = true                           {product lp64_product} {ergonomic}
     bool UseCompressedOops                        = true                           {product lp64_product} {ergonomic}
     bool UseG1GC                                  = true                                      {product} {ergonomic}

Logging:
Log output configuration:
 #0: stdout all=warning uptime,level,tags
 #1: stderr all=off uptime,level,tags

Environment Variables:
PATH=/usr/local/sbin:/usr/local/bin:/usr/sbin:/usr/bin:/sbin:/bin
SHELL=/bin/bash
LANG=C.UTF-8
LC_ALL=C.UTF-8
TERM=tmux-256color

Active Locale:
LC_ALL=C.UTF-8
LC_COLLATE=C.UTF-8
LC_CTYPE=C.UTF-8
LC_MESSAGES=C.UTF-8
LC_MONETARY=C.UTF-8
LC_NUMERIC=C.UTF-8
LC_TIME=C.UTF-8

Signal Handlers:
   SIGSEGV: crash_handler in libjvm.so, mask=11100100010111111101111111111110, flags=SA_RESTART|SA_SIGINFO, unblocked
    SIGBUS: crash_handler in libjvm.so, mask=11100100010111111101111111111110, flags=SA_RESTART|SA_SIGINFO, unblocked
    SIGFPE: crash_handler in libjvm.so, mask=11100100010111111101111111111110, flags=SA_RESTART|SA_SIGINFO, unblocked
   SIGPIPE: javaSignalHandler in libjvm.so, mask=11100100010111111101111111111110, flags=SA_RESTART|SA_SIGINFO, unblocked
   SIGXFSZ: javaSignalHandler in libjvm.so, mask=11100100010111111101111111111110, flags=SA_RESTART|SA_SIGINFO, unblocked
    SIGILL: crash_handler in libjvm.so, mask=11100100010111111101111111111110, flags=SA_RESTART|SA_SIGINFO, unblocked
   SIGUSR2: SR_handler in libjvm.so, mask=00100000000000000000000000000000, flags=SA_RESTART|SA_SIGINFO, unblocked
    SIGHUP: UserHandler in libjvm.so, mask=11100100010111111101111111111110, flags=SA_RESTART|SA_SIGINFO, unblocked
    SIGINT: UserHandler in libjvm.so, mask=11100100010111111101111111111110, flags=SA_RESTART|SA_SIGINFO, unblocked
   SIGTERM: UserHandler in libjvm.so, mask=11100100010111111101111111111110, flags=SA_RESTART|SA_SIGINFO, unblocked
   SIGQUIT: UserHandler in libjvm.so, mask=11100100010111111101111111111110, flags=SA_RESTART|SA_SIGINFO, unblocked
   SIGTRAP: crash_handler in libjvm.so, mask=11100100010111111101111111111110, flags=SA_RESTART|SA_SIGINFO, unblocked


Periodic native trim disabled


---------------  S Y S T E M  ---------------

OS:
PRETTY_NAME="Debian GNU/Linux 12 (bookworm)"
NAME="Debian GNU/Linux"
VERSION_ID="12"
VERSION="12 (bookworm)"
VERSION_CODENAME=bookworm
ID=debian
HOME_URL="https://www.debian.org/"
SUPPORT_URL="https://www.debian.org/support"
BUG_REPORT_URL="https://bugs.debian.org/"
uname: Linux 4.19.91-c8dfc93.al7.x86_64 #1 SMP Tue Sep 26 10:25:51 UTC 2023 x86_64
OS uptime: 0 days 0:20 hours
libc: glibc 2.36 NPTL 2.36 
rlimit (soft/hard): STACK 8192k/infinity , CORE 0k/0k , NPROC 100000/100000 , NOFILE 100000/100000 , AS infinity/infinity , CPU infinity/infinity , DATA infinity/infinity , FSIZE infinity/infinity , MEMLOCK 64k/64k
load average: 2.64 3.02 1.60

/proc/meminfo:
MemTotal:        2152516 kB
MemFree:           30532 kB
MemAvailable:      11336 kB
Buffers:             220 kB
Cached:            11080 kB
SwapCached:            0 kB
Active:          2032668 kB
Inactive:           7004 kB
Active(anon):    2028512 kB
Inactive(anon):       16 kB
Active(file):       4156 kB
Inactive(file):     6988 kB
Unevictable:           0 kB
Mlocked:               0 kB
SwapTotal:             0 kB
SwapFree:              0 kB
Dirty:               132 kB
Writeback:             0 kB
AnonPages:       2028496 kB
Mapped:             7632 kB
Shmem:                32 kB
Slab:              31104 kB
SReclaimable:      17916 kB
SUnreclaim:        13188 kB
KernelStack:        3376 kB
PageTables:         5820 kB
NFS_Unstable:          0 kB
Bounce:                0 kB
WritebackTmp:          0 kB
CommitLimit:     1076256 kB
Committed_AS:    2418976 kB
VmallocTotal:   34359738367 kB
VmallocUsed:           0 kB
VmallocChunk:          0 kB
Percpu:              384 kB
AnonHugePages:    438272 kB
ShmemHugePages:        0 kB
ShmemPmdMapped:        0 kB
HugePages_Total:       0
HugePages_Free:        0
HugePages_Rsvd:        0
HugePages_Surp:        0
Hugepagesize:       2048 kB
Hugetlb:               0 kB
DirectMap4k:        8192 kB
DirectMap2M:     2523136 kB
DirectMap1G:           0 kB

/sys/kernel/mm/transparent_hugepage/enabled: [always] madvise never
/sys/kernel/mm/transparent_hugepage/hpage_pmd_size: 2097152
/sys/kernel/mm/transparent_hugepage/defrag (defrag/compaction efforts parameter): always defer defer+madvise madvise [never]

Process Memory:
Virtual Size: 3204728K (peak: 3293336K)
Resident Set Size: 1190496K (peak: 1190496K) (anon: 1190496K, file: 0K, shmem: 0K)
Swapped out: 0K
C-Heap outstanding allocations: 107454K, retained: 66553K
glibc malloc tunables: (default)

/proc/sys/kernel/threads-max (system-wide limit on the number of threads): 1129
/proc/sys/vm/max_map_count (maximum number of memory map areas a process may have): 65530
/proc/sys/vm/swappiness (control to define how aggressively the kernel swaps out anonymous memory): 60
/proc/sys/kernel/pid_max (system-wide limit on number of process identifiers): 32768

container (cgroup) information:
container_type: cgroupv1
cpu_cpuset_cpus: 0-1
cpu_memory_nodes: 0
active_processor_count: 2
cpu_quota: no quota
cpu_period: 100000
cpu_shares: 12288
memory_limit_in_bytes: 2097152 k
memory_and_swap_limit_in_bytes: unlimited
memory_soft_limit_in_bytes: unlimited
memory_usage_in_bytes: 2058656 k
memory_max_usage_in_bytes: 2068880 k
rss_usage_in_bytes: 2019992 k
cache_usage_in_bytes: 11404 k
kernel_memory_limit_in_bytes: unlimited
kernel_memory_usage_in_bytes: 27136 k
kernel_memory_max_usage_in_bytes: 81324 k
maximum number of tasks: unlimited
current number of tasks: 134

KVM virtualization detected
Steal ticks since vm start: 25822
Steal ticks percentage since vm start:  0.461

CPU: total 2 (initial active 2) (2 cores per cpu, 1 threads per core) family 6 model 85 stepping 7 microcode 0x1, cx8, cmov, fxsr, mmx, 3dnowpref, sse, sse2, sse3, ssse3, sse4.1, sse4.2, popcnt, lzcnt, tsc, tscinvbit, avx, avx2, aes, erms, clmul, bmi1, bmi2, adx, avx512f, avx512dq, avx512cd, avx512bw, avx512vl, fma, vzeroupper, avx512_vnni, clflush, clflushopt, clwb, hv
CPU Model and flags from /proc/cpuinfo:
model name	: Intel(R) Xeon(R) Processor @ 2.50GHz
flags		: fpu vme de pse tsc msr pae mce cx8 apic sep mtrr pge mca cmov pat pse36 clflush mmx fxsr sse sse2 ss ht syscall nx pdpe1gb rdtscp lm constant_tsc rep_good nopl xtopology nonstop_tsc cpuid tsc_known_freq pni pclmulqdq ssse3 fma cx16 pcid sse4_1 sse4_2 x2apic movbe popcnt tsc_deadline_timer aes xsave avx f16c rdrand hypervisor lahf_lm abm 3dnowprefetch cpuid_fault invpcid_single ssbd ibrs ibpb stibp ibrs_enhanced fsgsbase tsc_adjust bmi1 avx2 smep bmi2 erms invpcid mpx avx512f avx512dq rdseed adx smap clflushopt clwb avx512cd avx512bw avx512vl xsaveopt xsavec xgetbv1 xsaves umip avx512_vnni md_clear arch_capabilities

Online cpus: 0-1
Offline cpus: 
BIOS frequency limitation: <Not Available>
Frequency switch latency (ns): <Not Available>
Available cpu frequencies: <Not Available>
Current governor: <Not Available>
Core performance/turbo boost: <Not Available>

Memory: 4k page, physical 2097152k(38496k free), swap 0k(0k free)
Page Sizes: 4k

vm_info: OpenJDK 64-Bit Server VM (17.0.20+8-1-deb12u1-Debian) for linux-amd64 JRE (17.0.20+8-1-deb12u1-Debian), built on Jul 28 2026 07:08:51 by "buildd" with gcc 12.2.0

END.
