#
# There is insufficient memory for the Java Runtime Environment to continue.
# Native memory allocation (mmap) failed to map 397410304 bytes. Error detail: committing reserved memory.
# Possible reasons:
#   The system is out of physical RAM or swap space
#   This process is running with CompressedOops enabled, and the Java Heap may be blocking the growth of the native heap
# Possible solutions:
#   Reduce memory load on the system
#   Increase physical memory or swap space
#   Check if swap backing store is full
#   Decrease Java heap size (-Xmx/-Xms)
#   Decrease number of Java threads
#   Decrease Java thread stack sizes (-Xss)
#   Set larger code cache with -XX:ReservedCodeCacheSize=
#   JVM is running with Unscaled Compressed Oops mode in which the Java heap is
#     placed in the first 4GB address space. The Java Heap base address is the
#     maximum limit for the native heap growth. Please use -XX:HeapBaseMinAddress
#     to set the Java Heap base and to place the Java Heap above 4GB virtual address.
# This output file may be truncated or incomplete.
#
#  Out of Memory Error (os_linux.cpp:2834), pid=1428, tid=1438
#
# JRE version: OpenJDK Runtime Environment (17.0.20+8) (build 17.0.20+8-1-deb12u1-Debian)
# Java VM: OpenJDK 64-Bit Server VM (17.0.20+8-1-deb12u1-Debian, mixed mode, sharing, tiered, compressed oops, compressed class ptrs, g1 gc, linux-amd64)
# No core dump will be written. Core dumps have been disabled. To enable core dumping, try "ulimit -c unlimited" before starting Java again
#

---------------  S U M M A R Y ------------

Command Line: --add-opens=java.base/java.util=ALL-UNNAMED --add-opens=java.base/java.lang=ALL-UNNAMED --add-opens=java.base/java.lang.invoke=ALL-UNNAMED --add-opens=java.prefs/java.util.prefs=ALL-UNNAMED --add-opens=java.base/java.nio.charset=ALL-UNNAMED --add-opens=java.base/java.net=ALL-UNNAMED --add-opens=java.base/java.util.concurrent.atomic=ALL-UNNAMED -Xmx2048m -Dfile.encoding=UTF-8 -Duser.country -Duser.language=en -Duser.variant -javaagent:/root/.gradle/wrapper/dists/gradle-8.7-bin/bhs2wmbdwecv87pi65oeuq5iu/gradle-8.7/lib/agents/gradle-instrumentation-agent-8.7.jar org.gradle.launcher.daemon.bootstrap.GradleDaemon 8.7

Host: Intel(R) Xeon(R) Processor @ 2.50GHz, 2 cores, 2G, Debian GNU/Linux 12 (bookworm)
Time: Thu Sep 24 16:40:26 2026 UTC elapsed time: 98.614022 seconds (0d 0h 1m 38s)

---------------  T H R E A D  ---------------

Current thread (0x00007f4d340d31f0):  VMThread "VM Thread" [stack: 0x00007f4d38781000,0x00007f4d38881000] [id=1438]

Stack: [0x00007f4d38781000,0x00007f4d38881000],  sp=0x00007f4d3887ed70,  free space=1015k
Native frames: (J=compiled Java code, j=interpreted, Vv=VM code, C=native code)
V  [libjvm.so+0xf21211]  VMError::report_and_die(int, char const*, char const*, __va_list_tag*, Thread*, unsigned char*, void*, void*, char const*, int, unsigned long)+0x171
V  [libjvm.so+0xf21d7d]  VMError::report_and_die(Thread*, char const*, int, unsigned long, VMErrorType, char const*, __va_list_tag*)+0x2d
V  [libjvm.so+0x60378c]  report_vm_out_of_memory(char const*, int, unsigned long, VMErrorType, char const*, ...)+0xdc
V  [libjvm.so+0xc2a14b]  os::pd_commit_memory_or_exit(char*, unsigned long, unsigned long, bool, char const*)+0xeb
V  [libjvm.so+0xc23ffb]  os::commit_memory_or_exit(char*, unsigned long, unsigned long, bool, char const*)+0x1b
V  [libjvm.so+0x733436]  G1PageBasedVirtualSpace::commit(unsigned long, unsigned long)+0x66
V  [libjvm.so+0x7473e0]  G1RegionsLargerThanCommitSizeMapper::commit_regions(unsigned int, unsigned long, WorkGang*)+0x110
V  [libjvm.so+0x7dadc8]  HeapRegionManager::commit_regions(unsigned int, unsigned long, WorkGang*)+0x88
V  [libjvm.so+0x7dcc0b]  HeapRegionManager::expand(unsigned int, unsigned int, WorkGang*)+0x2b
V  [libjvm.so+0x7dce27]  HeapRegionManager::expand_by(unsigned int, WorkGang*)+0x77
V  [libjvm.so+0x6ebed8]  G1CollectedHeap::expand(unsigned long, WorkGang*, double*)+0xe8
V  [libjvm.so+0x6efb29]  G1CollectedHeap::do_collection_pause_at_safepoint_helper(double)+0x8a9
V  [libjvm.so+0x6efb8f]  G1CollectedHeap::do_collection_pause_at_safepoint(double)+0x2f
V  [libjvm.so+0x76b9d7]  VM_G1CollectForAllocation::doit()+0x47
V  [libjvm.so+0xf26715]  VM_Operation::evaluate()+0xe5
V  [libjvm.so+0xf28005]  VMThread::evaluate_operation(VM_Operation*)+0x105
V  [libjvm.so+0xf2857f]  VMThread::inner_execute(VM_Operation*)+0x28f
V  [libjvm.so+0xf2878f]  VMThread::run()+0xbf
V  [libjvm.so+0xea40a5]  Thread::call_run()+0xa5
V  [libjvm.so+0xc2c8f3]  thread_native_entry(Thread*)+0xe3

VM_Operation (0x00007f4cba8f16e0): G1CollectForAllocation, mode: safepoint, requested by thread 0x00007f4d04058880


---------------  P R O C E S S  ---------------

Threads class SMR info:
_java_thread_list=0x00007f4d14055010, length=58, elements={
0x00007f4d3401a770, 0x00007f4d340d72f0, 0x00007f4d340d86d0, 0x00007f4d340df710,
0x00007f4d340e0ac0, 0x00007f4d340e1ed0, 0x00007f4d340e3880, 0x00007f4d340e4db0,
0x00007f4d340e6220, 0x00007f4d340f2560, 0x00007f4d341c1cc0, 0x00007f4d35130000,
0x00007f4d35198580, 0x00007f4d351c27b0, 0x00007f4ca8020fc0, 0x00007f4cb0005b80,
0x00007f4cb0008880, 0x00007f4cb0009ed0, 0x00007f4cfc005430, 0x00007f4cfc007d40,
0x00007f4cfc00af10, 0x00007f4cfc190bd0, 0x00007f4cfc19ab10, 0x00007f4cfc1b35b0,
0x00007f4cfc84d620, 0x00007f4cfc971e70, 0x00007f4cfc98c6d0, 0x00007f4cfc994690,
0x00007f4cfc2b8490, 0x00007f4cfceccac0, 0x00007f4cfc4b73b0, 0x00007f4cfc368b50,
0x00007f4cfd63f030, 0x00007f4cfd8d25d0, 0x00007f4cfe205360, 0x00007f4d04018d90,
0x00007f4d100162f0, 0x00007f4d1009d0c0, 0x00007f4d0403f520, 0x00007f4d100b97b0,
0x00007f4d100bc3f0, 0x00007f4d100bb6e0, 0x00007f4d0404a9e0, 0x00007f4d0404e850,
0x00007f4d04037620, 0x00007f4d100516c0, 0x00007f4d10055500, 0x00007f4d10056060,
0x00007f4d10057270, 0x00007f4d101e9cf0, 0x00007f4d0404f760, 0x00007f4d04043250,
0x00007f4cfd554650, 0x00007f4cfc3b8230, 0x00007f4cfc29cc00, 0x00007f4cfc3acc60,
0x000055f58ee27f50, 0x00007f4d04058880
}

Java Threads: ( => current thread )
  0x00007f4d3401a770 JavaThread "main" [_thread_blocked, id=1429, stack(0x00007f4d3a218000,0x00007f4d3a318000)]
  0x00007f4d340d72f0 JavaThread "Reference Handler" daemon [_thread_blocked, id=1439, stack(0x00007f4d38680000,0x00007f4d38780000)]
  0x00007f4d340d86d0 JavaThread "Finalizer" daemon [_thread_blocked, id=1440, stack(0x00007f4d3857f000,0x00007f4d3867f000)]
  0x00007f4d340df710 JavaThread "Signal Dispatcher" daemon [_thread_blocked, id=1441, stack(0x00007f4d38427000,0x00007f4d38527000)]
  0x00007f4d340e0ac0 JavaThread "Service Thread" daemon [_thread_blocked, id=1442, stack(0x00007f4d38326000,0x00007f4d38426000)]
  0x00007f4d340e1ed0 JavaThread "Monitor Deflation Thread" daemon [_thread_blocked, id=1443, stack(0x00007f4d38225000,0x00007f4d38325000)]
  0x00007f4d340e3880 JavaThread "C2 CompilerThread0" daemon [_thread_blocked, id=1444, stack(0x00007f4d38124000,0x00007f4d38224000)]
  0x00007f4d340e4db0 JavaThread "C1 CompilerThread0" daemon [_thread_blocked, id=1445, stack(0x00007f4d38023000,0x00007f4d38123000)]
  0x00007f4d340e6220 JavaThread "Sweeper thread" daemon [_thread_blocked, id=1446, stack(0x00007f4d19411000,0x00007f4d19511000)]
  0x00007f4d340f2560 JavaThread "Common-Cleaner" daemon [_thread_blocked, id=1447, stack(0x00007f4d19310000,0x00007f4d19410000)]
  0x00007f4d341c1cc0 JavaThread "Notification Thread" daemon [_thread_blocked, id=1448, stack(0x00007f4d1920f000,0x00007f4d1930f000)]
  0x00007f4d35130000 JavaThread "Daemon health stats" [_thread_blocked, id=1455, stack(0x00007f4d18ef4000,0x00007f4d18ff4000)]
  0x00007f4d35198580 JavaThread "Incoming local TCP Connector on port 34361" [_thread_in_native, id=1456, stack(0x00007f4d18b00000,0x00007f4d18c00000)]
  0x00007f4d351c27b0 JavaThread "Daemon periodic checks" [_thread_blocked, id=1457, stack(0x00007f4d18700000,0x00007f4d18800000)]
  0x00007f4ca8020fc0 JavaThread "Daemon" [_thread_blocked, id=1458, stack(0x00007f4d185ff000,0x00007f4d186ff000)]
  0x00007f4cb0005b80 JavaThread "Handler for socket connection from /127.0.0.1:34361 to /127.0.0.1:36050" [_thread_in_native, id=1459, stack(0x00007f4d184fe000,0x00007f4d185fe000)]
  0x00007f4cb0008880 JavaThread "Cancel handler" [_thread_blocked, id=1460, stack(0x00007f4d183fd000,0x00007f4d184fd000)]
  0x00007f4cb0009ed0 JavaThread "Daemon worker" [_thread_blocked, id=1461, stack(0x00007f4d182fc000,0x00007f4d183fc000)]
  0x00007f4cfc005430 JavaThread "Asynchronous log dispatcher for DefaultDaemonConnection: socket connection from /127.0.0.1:34361 to /127.0.0.1:36050" [_thread_blocked, id=1464, stack(0x00007f4d181fb000,0x00007f4d182fb000)]
  0x00007f4cfc007d40 JavaThread "Stdin handler" [_thread_blocked, id=1465, stack(0x00007f4d180fa000,0x00007f4d181fa000)]
  0x00007f4cfc00af10 JavaThread "Daemon client event forwarder" [_thread_blocked, id=1466, stack(0x00007f4d09f00000,0x00007f4d0a000000)]
  0x00007f4cfc190bd0 JavaThread "Cache worker for journal cache (/root/.gradle/caches/journal-1)" [_thread_blocked, id=1469, stack(0x00007f4d09dff000,0x00007f4d09eff000)]
  0x00007f4cfc19ab10 JavaThread "File lock request listener" [_thread_in_native, id=1470, stack(0x00007f4d09cfe000,0x00007f4d09dfe000)]
  0x00007f4cfc1b35b0 JavaThread "Cache worker for file hash cache (/root/.gradle/caches/8.7/fileHashes)" [_thread_blocked, id=1471, stack(0x00007f4d09bfd000,0x00007f4d09cfd000)]
  0x00007f4cfc84d620 JavaThread "Cache worker for file hash cache (/workspace/VoiceAssistant/.gradle/8.7/fileHashes)" [_thread_blocked, id=1474, stack(0x00007f4d09afc000,0x00007f4d09bfc000)]
  0x00007f4cfc971e70 JavaThread "Cache worker for checksums cache (/workspace/VoiceAssistant/.gradle/8.7/checksums)" [_thread_blocked, id=1476, stack(0x00007f4d099fb000,0x00007f4d09afb000)]
  0x00007f4cfc98c6d0 JavaThread "Cache worker for cache directory md-supplier (/root/.gradle/caches/8.7/md-supplier)" [_thread_blocked, id=1477, stack(0x00007f4d098fa000,0x00007f4d099fa000)]
  0x00007f4cfc994690 JavaThread "Cache worker for cache directory md-rule (/root/.gradle/caches/8.7/md-rule)" [_thread_blocked, id=1478, stack(0x00007f4d097f9000,0x00007f4d098f9000)]
  0x00007f4cfc2b8490 JavaThread "Cache worker for file content cache (/root/.gradle/caches/8.7/fileContent)" [_thread_blocked, id=1480, stack(0x00007f4d096f8000,0x00007f4d097f8000)]
  0x00007f4cfceccac0 JavaThread "Cache worker for Build Output Cleanup Cache (/workspace/VoiceAssistant/.gradle/buildOutputCleanup)" [_thread_blocked, id=1489, stack(0x00007f4d095f7000,0x00007f4d096f7000)]
  0x00007f4cfc4b73b0 JavaThread "Unconstrained build operations" [_thread_blocked, id=1493, stack(0x00007f4d094f6000,0x00007f4d095f6000)]
  0x00007f4cfc368b50 JavaThread "Unconstrained build operations Thread 2" [_thread_blocked, id=1495, stack(0x00007f4d093f5000,0x00007f4d094f5000)]
  0x00007f4cfd63f030 JavaThread "Memory manager" [_thread_blocked, id=1505, stack(0x00007f4d092f4000,0x00007f4d093f4000)]
  0x00007f4cfd8d25d0 JavaThread "build event listener" [_thread_blocked, id=1511, stack(0x00007f4d091f3000,0x00007f4d092f3000)]
  0x00007f4cfe205360 JavaThread "included builds" [_thread_blocked, id=1527, stack(0x00007f4d090f2000,0x00007f4d091f2000)]
  0x00007f4d04018d90 JavaThread "Execution worker" [_thread_blocked, id=1528, stack(0x00007f4d08ff1000,0x00007f4d090f1000)]
  0x00007f4d100162f0 JavaThread "Cache worker for execution history cache (/workspace/VoiceAssistant/.gradle/8.7/executionHistory)" [_thread_blocked, id=1529, stack(0x00007f4d08ef0000,0x00007f4d08ff0000)]
  0x00007f4d1009d0c0 JavaThread "Unconstrained build operations Thread 3" [_thread_blocked, id=1532, stack(0x00007f4d08def000,0x00007f4d08eef000)]
  0x00007f4d0403f520 JavaThread "Unconstrained build operations Thread 4" [_thread_blocked, id=1536, stack(0x00007f4d08cee000,0x00007f4d08dee000)]
  0x00007f4d100b97b0 JavaThread "Unconstrained build operations Thread 5" [_thread_blocked, id=1538, stack(0x00007f4d08bed000,0x00007f4d08ced000)]
  0x00007f4d100bc3f0 JavaThread "Unconstrained build operations Thread 6" [_thread_blocked, id=1539, stack(0x00007f4d08aec000,0x00007f4d08bec000)]
  0x00007f4d100bb6e0 JavaThread "Unconstrained build operations Thread 7" [_thread_blocked, id=1540, stack(0x00007f4d089eb000,0x00007f4d08aeb000)]
  0x00007f4d0404a9e0 JavaThread "Unconstrained build operations Thread 8" [_thread_blocked, id=1542, stack(0x00007f4d088ea000,0x00007f4d089ea000)]
  0x00007f4d0404e850 JavaThread "Unconstrained build operations Thread 9" [_thread_blocked, id=1543, stack(0x00007f4d087e9000,0x00007f4d088e9000)]
  0x00007f4d04037620 JavaThread "Unconstrained build operations Thread 10" [_thread_blocked, id=1544, stack(0x00007f4d086e8000,0x00007f4d087e8000)]
  0x00007f4d100516c0 JavaThread "Unconstrained build operations Thread 11" [_thread_blocked, id=1546, stack(0x00007f4d085e7000,0x00007f4d086e7000)]
  0x00007f4d10055500 JavaThread "Unconstrained build operations Thread 12" [_thread_blocked, id=1548, stack(0x00007f4d084e6000,0x00007f4d085e6000)]
  0x00007f4d10056060 JavaThread "Unconstrained build operations Thread 13" [_thread_blocked, id=1549, stack(0x00007f4d083e5000,0x00007f4d084e5000)]
  0x00007f4d10057270 JavaThread "Unconstrained build operations Thread 14" [_thread_blocked, id=1550, stack(0x00007f4d082e4000,0x00007f4d083e4000)]
  0x00007f4d101e9cf0 JavaThread "WorkerExecutor Queue" [_thread_blocked, id=1553, stack(0x00007f4d081e3000,0x00007f4d082e3000)]
  0x00007f4d0404f760 JavaThread "Unconstrained build operations Thread 15" [_thread_blocked, id=1554, stack(0x00007f4d080e2000,0x00007f4d081e2000)]
  0x00007f4d04043250 JavaThread "Unconstrained build operations Thread 16" [_thread_blocked, id=1556, stack(0x00007f4cbaf00000,0x00007f4cbb000000)]
  0x00007f4cfd554650 JavaThread "RMI Scheduler(0)" daemon [_thread_blocked, id=1557, stack(0x00007f4cbadff000,0x00007f4cbaeff000)]
  0x00007f4cfc3b8230 JavaThread "RMI GC Daemon" daemon [_thread_blocked, id=1559, stack(0x00007f4cbabfd000,0x00007f4cbacfd000)]
  0x00007f4cfc29cc00 JavaThread "RMI TCP Accept-0" daemon [_thread_in_native, id=1561, stack(0x00007f4cbaafc000,0x00007f4cbabfc000)]
  0x00007f4cfc3acc60 JavaThread "RMI Reaper" [_thread_blocked, id=1562, stack(0x00007f4cba9fb000,0x00007f4cbaafb000)]
  0x000055f58ee27f50 JavaThread "RMI TCP Connection(idle)" daemon [_thread_blocked, id=1564, stack(0x00007f4cba8fa000,0x00007f4cba9fa000)]
  0x00007f4d04058880 JavaThread "Unconstrained build operations Thread 17" [_thread_blocked, id=1568, stack(0x00007f4cba7f9000,0x00007f4cba8f9000)]

Other Threads:
=>0x00007f4d340d31f0 VMThread "VM Thread" [stack: 0x00007f4d38781000,0x00007f4d38881000] [id=1438]
  0x00007f4d3401cae0 WatcherThread [stack: 0x00007f4d1910e000,0x00007f4d1920e000] [id=1449]
  0x00007f4d340755f0 GCTaskThread "GC Thread#0" [stack: 0x00007f4d390ad000,0x00007f4d391ad000] [id=1430]
  0x00007f4cb40047b0 GCTaskThread "GC Thread#1" [stack: 0x00007f4d1900d000,0x00007f4d1910d000] [id=1450]
  0x00007f4d34086bd0 ConcurrentGCThread "G1 Main Marker" [stack: 0x00007f4d38fac000,0x00007f4d390ac000] [id=1431]
  0x00007f4d34087b40 ConcurrentGCThread "G1 Conc#0" [stack: 0x00007f4d38eab000,0x00007f4d38fab000] [id=1432]
  0x00007f4d340a6770 ConcurrentGCThread "G1 Refine#0" [stack: 0x00007f4d38ba8000,0x00007f4d38ca8000] [id=1433]
  0x00007f4d040655e0 ConcurrentGCThread "G1 Refine#1" [stack: 0x00007f4cba6f8000,0x00007f4cba7f8000] [id=1582]
  0x00007f4d340a7670 ConcurrentGCThread "G1 Service" [stack: 0x00007f4d38aa7000,0x00007f4d38ba7000] [id=1435]

Threads with active compile tasks:
C2 CompilerThread0  98621 19679       4       com.android.tools.r8.graph.U0::a (433 bytes)

VM state: at safepoint (normal execution)

VM Mutex/Monitor currently owned by a thread:  ([mutex/lock_event])
[0x00007f4d34017560] Threads_lock - owner thread: 0x00007f4d340d31f0
[0x00007f4d34017d10] Heap_lock - owner thread: 0x00007f4d04058880

Heap address: 0x0000000080000000, size: 2048 MB, Compressed Oops mode: 32-bit

CDS archive(s) mapped at: [0x00007f4cbb000000-0x00007f4cbbbca000-0x00007f4cbbbca000), size 12361728, SharedBaseAddress: 0x00007f4cbb000000, ArchiveRelocationMode: 1.
Compressed class space mapped at: 0x00007f4cbc000000-0x00007f4cfc000000, reserved size: 1073741824
Narrow klass base: 0x00007f4cbb000000, Narrow klass shift: 0, Narrow klass range: 0x100000000

GC Precious Log:
 CPUs: 2 total, 2 available
 Memory: 2048M
 Large Page Support: Disabled
 NUMA Support: Disabled
 Compressed Oops: Enabled (32-bit)
 Heap Region Size: 1M
 Heap Min Capacity: 8M
 Heap Initial Capacity: 32M
 Heap Max Capacity: 2G
 Pre-touch: Disabled
 Parallel Workers: 2
 Concurrent Workers: 1
 Concurrent Refinement Workers: 2
 Periodic GC: Disabled

Heap:
 garbage-first heap   total 635904K, used 200368K [0x0000000080000000, 0x0000000100000000)
  region size 1024K, 5 young (5120K), 5 survivors (5120K)
 Metaspace       used 108949K, committed 109824K, reserved 1179648K
  class space    used 15173K, committed 15616K, reserved 1048576K

Heap Regions: E=young(eden), S=young(survivor), O=old, HS=humongous(starts), HC=humongous(continues), CS=collection set, F=free, OA=open archive, CA=closed archive, TAMS=top-at-mark-start (previous, next)
|   0|0x0000000080000000, 0x0000000080100000, 0x0000000080100000|100%| O|  |TAMS 0x0000000080100000, 0x0000000080000000| Untracked 
|   1|0x0000000080100000, 0x0000000080200000, 0x0000000080200000|100%| O|  |TAMS 0x0000000080200000, 0x0000000080100000| Untracked 
|   2|0x0000000080200000, 0x0000000080300000, 0x0000000080300000|100%| O|  |TAMS 0x0000000080300000, 0x0000000080200000| Untracked 
|   3|0x0000000080300000, 0x0000000080400000, 0x0000000080400000|100%|HS|  |TAMS 0x0000000080400000, 0x0000000080300000| Complete 
|   4|0x0000000080400000, 0x0000000080500000, 0x0000000080500000|100%|HC|  |TAMS 0x0000000080500000, 0x0000000080400000| Complete 
|   5|0x0000000080500000, 0x0000000080600000, 0x0000000080600000|100%|HC|  |TAMS 0x0000000080600000, 0x0000000080500000| Complete 
|   6|0x0000000080600000, 0x0000000080700000, 0x0000000080700000|100%|HC|  |TAMS 0x0000000080700000, 0x0000000080600000| Complete 
|   7|0x0000000080700000, 0x0000000080800000, 0x0000000080800000|100%| O|  |TAMS 0x0000000080800000, 0x0000000080700000| Untracked 
|   8|0x0000000080800000, 0x0000000080900000, 0x0000000080900000|100%| O|  |TAMS 0x0000000080900000, 0x0000000080800000| Untracked 
|   9|0x0000000080900000, 0x0000000080a00000, 0x0000000080a00000|100%| O|  |TAMS 0x0000000080a00000, 0x0000000080900000| Untracked 
|  10|0x0000000080a00000, 0x0000000080b00000, 0x0000000080b00000|100%| O|  |TAMS 0x0000000080b00000, 0x0000000080a00000| Untracked 
|  11|0x0000000080b00000, 0x0000000080c00000, 0x0000000080c00000|100%| O|  |TAMS 0x0000000080c00000, 0x0000000080b00000| Untracked 
|  12|0x0000000080c00000, 0x0000000080d00000, 0x0000000080d00000|100%| O|  |TAMS 0x0000000080d00000, 0x0000000080c00000| Untracked 
|  13|0x0000000080d00000, 0x0000000080e00000, 0x0000000080e00000|100%| O|  |TAMS 0x0000000080e00000, 0x0000000080d00000| Untracked 
|  14|0x0000000080e00000, 0x0000000080f00000, 0x0000000080f00000|100%| O|  |TAMS 0x0000000080f00000, 0x0000000080e00000| Untracked 
|  15|0x0000000080f00000, 0x0000000081000000, 0x0000000081000000|100%| O|  |TAMS 0x0000000081000000, 0x0000000080f00000| Untracked 
|  16|0x0000000081000000, 0x0000000081100000, 0x0000000081100000|100%| O|  |TAMS 0x0000000081100000, 0x0000000081000000| Untracked 
|  17|0x0000000081100000, 0x0000000081200000, 0x0000000081200000|100%| O|  |TAMS 0x0000000081200000, 0x0000000081100000| Untracked 
|  18|0x0000000081200000, 0x0000000081300000, 0x0000000081300000|100%| O|  |TAMS 0x0000000081300000, 0x0000000081200000| Untracked 
|  19|0x0000000081300000, 0x0000000081400000, 0x0000000081400000|100%| O|  |TAMS 0x0000000081400000, 0x0000000081300000| Untracked 
|  20|0x0000000081400000, 0x0000000081500000, 0x0000000081500000|100%| O|  |TAMS 0x0000000081500000, 0x0000000081400000| Untracked 
|  21|0x0000000081500000, 0x0000000081600000, 0x0000000081600000|100%| O|  |TAMS 0x0000000081600000, 0x0000000081500000| Untracked 
|  22|0x0000000081600000, 0x0000000081700000, 0x0000000081700000|100%| O|  |TAMS 0x0000000081700000, 0x0000000081600000| Untracked 
|  23|0x0000000081700000, 0x0000000081800000, 0x0000000081800000|100%| O|  |TAMS 0x0000000081800000, 0x0000000081700000| Untracked 
|  24|0x0000000081800000, 0x0000000081900000, 0x0000000081900000|100%| O|  |TAMS 0x0000000081900000, 0x0000000081800000| Untracked 
|  25|0x0000000081900000, 0x0000000081a00000, 0x0000000081a00000|100%|HS|  |TAMS 0x0000000081a00000, 0x0000000081900000| Complete 
|  26|0x0000000081a00000, 0x0000000081b00000, 0x0000000081b00000|100%| O|  |TAMS 0x0000000081b00000, 0x0000000081a00000| Untracked 
|  27|0x0000000081b00000, 0x0000000081c00000, 0x0000000081c00000|100%| O|  |TAMS 0x0000000081c00000, 0x0000000081b00000| Untracked 
|  28|0x0000000081c00000, 0x0000000081d00000, 0x0000000081d00000|100%| O|  |TAMS 0x0000000081d00000, 0x0000000081c00000| Untracked 
|  29|0x0000000081d00000, 0x0000000081e00000, 0x0000000081e00000|100%| O|  |TAMS 0x0000000081e00000, 0x0000000081d00000| Untracked 
|  30|0x0000000081e00000, 0x0000000081f00000, 0x0000000081f00000|100%| O|  |TAMS 0x0000000081f00000, 0x0000000081e00000| Untracked 
|  31|0x0000000081f00000, 0x0000000082000000, 0x0000000082000000|100%|HS|  |TAMS 0x0000000082000000, 0x0000000081f00000| Complete 
|  32|0x0000000082000000, 0x0000000082100000, 0x0000000082100000|100%|HS|  |TAMS 0x0000000082100000, 0x0000000082000000| Complete 
|  33|0x0000000082100000, 0x0000000082200000, 0x0000000082200000|100%|HC|  |TAMS 0x0000000082200000, 0x0000000082100000| Complete 
|  34|0x0000000082200000, 0x0000000082300000, 0x0000000082300000|100%| O|  |TAMS 0x0000000082300000, 0x0000000082200000| Untracked 
|  35|0x0000000082300000, 0x0000000082400000, 0x0000000082400000|100%| O|  |TAMS 0x0000000082400000, 0x0000000082300000| Untracked 
|  36|0x0000000082400000, 0x0000000082500000, 0x0000000082500000|100%| O|  |TAMS 0x0000000082500000, 0x0000000082400000| Untracked 
|  37|0x0000000082500000, 0x0000000082600000, 0x0000000082600000|100%|HS|  |TAMS 0x0000000082600000, 0x0000000082500000| Complete 
|  38|0x0000000082600000, 0x0000000082700000, 0x0000000082700000|100%|HC|  |TAMS 0x0000000082700000, 0x0000000082600000| Complete 
|  39|0x0000000082700000, 0x0000000082800000, 0x0000000082800000|100%|HS|  |TAMS 0x0000000082800000, 0x0000000082700000| Complete 
|  40|0x0000000082800000, 0x0000000082900000, 0x0000000082900000|100%|HS|  |TAMS 0x0000000082900000, 0x0000000082800000| Complete 
|  41|0x0000000082900000, 0x0000000082a00000, 0x0000000082a00000|100%|HC|  |TAMS 0x0000000082a00000, 0x0000000082900000| Complete 
|  42|0x0000000082a00000, 0x0000000082b00000, 0x0000000082b00000|100%|HC|  |TAMS 0x0000000082b00000, 0x0000000082a00000| Complete 
|  43|0x0000000082b00000, 0x0000000082c00000, 0x0000000082c00000|100%|HC|  |TAMS 0x0000000082c00000, 0x0000000082b00000| Complete 
|  44|0x0000000082c00000, 0x0000000082d00000, 0x0000000082d00000|100%|HS|  |TAMS 0x0000000082d00000, 0x0000000082c00000| Complete 
|  45|0x0000000082d00000, 0x0000000082e00000, 0x0000000082e00000|100%|HS|  |TAMS 0x0000000082e00000, 0x0000000082d00000| Complete 
|  46|0x0000000082e00000, 0x0000000082f00000, 0x0000000082f00000|100%| O|  |TAMS 0x0000000082f00000, 0x0000000082e00000| Untracked 
|  47|0x0000000082f00000, 0x0000000083000000, 0x0000000083000000|100%|HS|  |TAMS 0x0000000083000000, 0x0000000082f00000| Complete 
|  48|0x0000000083000000, 0x0000000083100000, 0x0000000083100000|100%| O|  |TAMS 0x0000000083100000, 0x0000000083000000| Untracked 
|  49|0x0000000083100000, 0x0000000083200000, 0x0000000083200000|100%| O|  |TAMS 0x0000000083200000, 0x0000000083100000| Untracked 
|  50|0x0000000083200000, 0x0000000083300000, 0x0000000083300000|100%| O|  |TAMS 0x0000000083300000, 0x0000000083200000| Untracked 
|  51|0x0000000083300000, 0x0000000083400000, 0x0000000083400000|100%| O|  |TAMS 0x0000000083400000, 0x0000000083300000| Untracked 
|  52|0x0000000083400000, 0x0000000083500000, 0x0000000083500000|100%| O|  |TAMS 0x0000000083500000, 0x0000000083400000| Untracked 
|  53|0x0000000083500000, 0x0000000083600000, 0x0000000083600000|100%| O|  |TAMS 0x0000000083600000, 0x0000000083500000| Untracked 
|  54|0x0000000083600000, 0x0000000083700000, 0x0000000083700000|100%| O|  |TAMS 0x0000000083700000, 0x0000000083600000| Untracked 
|  55|0x0000000083700000, 0x0000000083800000, 0x0000000083800000|100%|HS|  |TAMS 0x0000000083800000, 0x0000000083700000| Complete 
|  56|0x0000000083800000, 0x0000000083900000, 0x0000000083900000|100%|HC|  |TAMS 0x0000000083900000, 0x0000000083800000| Complete 
|  57|0x0000000083900000, 0x0000000083a00000, 0x0000000083a00000|100%|HC|  |TAMS 0x0000000083a00000, 0x0000000083900000| Complete 
|  58|0x0000000083a00000, 0x0000000083b00000, 0x0000000083b00000|100%|HC|  |TAMS 0x0000000083b00000, 0x0000000083a00000| Complete 
|  59|0x0000000083b00000, 0x0000000083c00000, 0x0000000083c00000|100%| O|  |TAMS 0x0000000083c00000, 0x0000000083b00000| Untracked 
|  60|0x0000000083c00000, 0x0000000083d00000, 0x0000000083d00000|100%|HS|  |TAMS 0x0000000083d00000, 0x0000000083c00000| Complete 
|  61|0x0000000083d00000, 0x0000000083e00000, 0x0000000083e00000|100%| O|  |TAMS 0x0000000083e00000, 0x0000000083d00000| Untracked 
|  62|0x0000000083e00000, 0x0000000083f00000, 0x0000000083f00000|100%| O|  |TAMS 0x0000000083f00000, 0x0000000083e00000| Untracked 
|  63|0x0000000083f00000, 0x0000000084000000, 0x0000000084000000|100%| O|  |TAMS 0x0000000084000000, 0x0000000083f00000| Untracked 
|  64|0x0000000084000000, 0x0000000084100000, 0x0000000084100000|100%| O|  |TAMS 0x0000000084100000, 0x0000000084000000| Untracked 
|  65|0x0000000084100000, 0x0000000084200000, 0x0000000084200000|100%| O|  |TAMS 0x0000000084200000, 0x0000000084100000| Untracked 
|  66|0x0000000084200000, 0x0000000084300000, 0x0000000084300000|100%| O|  |TAMS 0x0000000084300000, 0x0000000084200000| Untracked 
|  67|0x0000000084300000, 0x0000000084400000, 0x0000000084400000|100%| O|  |TAMS 0x0000000084400000, 0x0000000084300000| Untracked 
|  68|0x0000000084400000, 0x0000000084500000, 0x0000000084500000|100%| O|  |TAMS 0x0000000084500000, 0x0000000084400000| Untracked 
|  69|0x0000000084500000, 0x0000000084600000, 0x0000000084600000|100%| O|  |TAMS 0x0000000084600000, 0x0000000084500000| Untracked 
|  70|0x0000000084600000, 0x0000000084700000, 0x0000000084700000|100%| O|  |TAMS 0x0000000084700000, 0x0000000084600000| Untracked 
|  71|0x0000000084700000, 0x0000000084800000, 0x0000000084800000|100%| O|  |TAMS 0x0000000084800000, 0x0000000084700000| Untracked 
|  72|0x0000000084800000, 0x0000000084900000, 0x0000000084900000|100%| O|  |TAMS 0x0000000084900000, 0x0000000084800000| Untracked 
|  73|0x0000000084900000, 0x0000000084a00000, 0x0000000084a00000|100%| O|  |TAMS 0x0000000084a00000, 0x0000000084900000| Untracked 
|  74|0x0000000084a00000, 0x0000000084b00000, 0x0000000084b00000|100%| O|  |TAMS 0x0000000084b00000, 0x0000000084a00000| Untracked 
|  75|0x0000000084b00000, 0x0000000084c00000, 0x0000000084c00000|100%| O|  |TAMS 0x0000000084c00000, 0x0000000084b00000| Untracked 
|  76|0x0000000084c00000, 0x0000000084d00000, 0x0000000084d00000|100%| O|  |TAMS 0x0000000084d00000, 0x0000000084c00000| Untracked 
|  77|0x0000000084d00000, 0x0000000084e00000, 0x0000000084e00000|100%| O|  |TAMS 0x0000000084e00000, 0x0000000084d00000| Untracked 
|  78|0x0000000084e00000, 0x0000000084f00000, 0x0000000084f00000|100%| O|  |TAMS 0x0000000084f00000, 0x0000000084e00000| Untracked 
|  79|0x0000000084f00000, 0x0000000085000000, 0x0000000085000000|100%| O|  |TAMS 0x0000000085000000, 0x0000000084f00000| Untracked 
|  80|0x0000000085000000, 0x0000000085100000, 0x0000000085100000|100%| O|  |TAMS 0x0000000085100000, 0x0000000085000000| Untracked 
|  81|0x0000000085100000, 0x0000000085200000, 0x0000000085200000|100%| O|  |TAMS 0x0000000085200000, 0x0000000085100000| Untracked 
|  82|0x0000000085200000, 0x0000000085300000, 0x0000000085300000|100%| O|  |TAMS 0x0000000085300000, 0x0000000085200000| Untracked 
|  83|0x0000000085300000, 0x0000000085400000, 0x0000000085400000|100%| O|  |TAMS 0x0000000085400000, 0x0000000085300000| Untracked 
|  84|0x0000000085400000, 0x0000000085500000, 0x0000000085500000|100%| O|  |TAMS 0x0000000085500000, 0x0000000085400000| Untracked 
|  85|0x0000000085500000, 0x0000000085600000, 0x0000000085600000|100%| O|  |TAMS 0x0000000085600000, 0x0000000085500000| Untracked 
|  86|0x0000000085600000, 0x0000000085700000, 0x0000000085700000|100%| O|  |TAMS 0x0000000085700000, 0x0000000085600000| Untracked 
|  87|0x0000000085700000, 0x0000000085800000, 0x0000000085800000|100%| O|  |TAMS 0x0000000085800000, 0x0000000085700000| Untracked 
|  88|0x0000000085800000, 0x0000000085900000, 0x0000000085900000|100%| O|  |TAMS 0x0000000085900000, 0x0000000085800000| Untracked 
|  89|0x0000000085900000, 0x0000000085a00000, 0x0000000085a00000|100%| O|  |TAMS 0x0000000085a00000, 0x0000000085900000| Untracked 
|  90|0x0000000085a00000, 0x0000000085b00000, 0x0000000085b00000|100%| O|  |TAMS 0x0000000085b00000, 0x0000000085a00000| Untracked 
|  91|0x0000000085b00000, 0x0000000085c00000, 0x0000000085c00000|100%| O|  |TAMS 0x0000000085c00000, 0x0000000085b00000| Untracked 
|  92|0x0000000085c00000, 0x0000000085d00000, 0x0000000085d00000|100%| O|  |TAMS 0x0000000085c00000, 0x0000000085c00000| Untracked 
|  93|0x0000000085d00000, 0x0000000085e00000, 0x0000000085e00000|100%| O|  |TAMS 0x0000000085d00000, 0x0000000085d00000| Untracked 
|  94|0x0000000085e00000, 0x0000000085f00000, 0x0000000085f00000|100%| O|  |TAMS 0x0000000085e00000, 0x0000000085e00000| Untracked 
|  95|0x0000000085f00000, 0x0000000086000000, 0x0000000086000000|100%| O|  |TAMS 0x0000000085f00000, 0x0000000085f00000| Untracked 
|  96|0x0000000086000000, 0x0000000086100000, 0x0000000086100000|100%| O|  |TAMS 0x0000000086100000, 0x0000000086000000| Untracked 
|  97|0x0000000086100000, 0x0000000086200000, 0x0000000086200000|100%| O|  |TAMS 0x0000000086200000, 0x0000000086100000| Untracked 
|  98|0x0000000086200000, 0x0000000086300000, 0x0000000086300000|100%| O|  |TAMS 0x0000000086300000, 0x0000000086200000| Untracked 
|  99|0x0000000086300000, 0x0000000086400000, 0x0000000086400000|100%| O|  |TAMS 0x0000000086400000, 0x0000000086300000| Untracked 
| 100|0x0000000086400000, 0x0000000086500000, 0x0000000086500000|100%| O|  |TAMS 0x0000000086500000, 0x0000000086400000| Untracked 
| 101|0x0000000086500000, 0x0000000086600000, 0x0000000086600000|100%| O|  |TAMS 0x0000000086600000, 0x0000000086500000| Untracked 
| 102|0x0000000086600000, 0x0000000086700000, 0x0000000086700000|100%| O|  |TAMS 0x0000000086700000, 0x0000000086600000| Untracked 
| 103|0x0000000086700000, 0x0000000086800000, 0x0000000086800000|100%| O|  |TAMS 0x0000000086800000, 0x0000000086700000| Untracked 
| 104|0x0000000086800000, 0x0000000086900000, 0x0000000086900000|100%| O|  |TAMS 0x0000000086900000, 0x0000000086800000| Untracked 
| 105|0x0000000086900000, 0x0000000086a00000, 0x0000000086a00000|100%| O|  |TAMS 0x0000000086a00000, 0x0000000086900000| Untracked 
| 106|0x0000000086a00000, 0x0000000086b00000, 0x0000000086b00000|100%| O|  |TAMS 0x0000000086b00000, 0x0000000086a00000| Untracked 
| 107|0x0000000086b00000, 0x0000000086c00000, 0x0000000086c00000|100%| O|  |TAMS 0x0000000086c00000, 0x0000000086b00000| Untracked 
| 108|0x0000000086c00000, 0x0000000086d00000, 0x0000000086d00000|100%| O|  |TAMS 0x0000000086d00000, 0x0000000086c00000| Untracked 
| 109|0x0000000086d00000, 0x0000000086e00000, 0x0000000086e00000|100%| O|  |TAMS 0x0000000086e00000, 0x0000000086d00000| Untracked 
| 110|0x0000000086e00000, 0x0000000086f00000, 0x0000000086f00000|100%| O|  |TAMS 0x0000000086f00000, 0x0000000086e00000| Untracked 
| 111|0x0000000086f00000, 0x0000000087000000, 0x0000000087000000|100%| O|  |TAMS 0x0000000087000000, 0x0000000086f00000| Untracked 
| 112|0x0000000087000000, 0x0000000087100000, 0x0000000087100000|100%| O|  |TAMS 0x0000000087100000, 0x0000000087000000| Untracked 
| 113|0x0000000087100000, 0x0000000087200000, 0x0000000087200000|100%| O|  |TAMS 0x0000000087200000, 0x0000000087100000| Untracked 
| 114|0x0000000087200000, 0x0000000087300000, 0x0000000087300000|100%| O|  |TAMS 0x0000000087300000, 0x0000000087200000| Untracked 
| 115|0x0000000087300000, 0x0000000087400000, 0x0000000087400000|100%| O|  |TAMS 0x0000000087400000, 0x0000000087300000| Untracked 
| 116|0x0000000087400000, 0x0000000087500000, 0x0000000087500000|100%| O|  |TAMS 0x0000000087500000, 0x0000000087400000| Untracked 
| 117|0x0000000087500000, 0x0000000087600000, 0x0000000087600000|100%| O|  |TAMS 0x0000000087600000, 0x0000000087500000| Untracked 
| 118|0x0000000087600000, 0x0000000087700000, 0x0000000087700000|100%| O|  |TAMS 0x0000000087700000, 0x0000000087600000| Untracked 
| 119|0x0000000087700000, 0x0000000087800000, 0x0000000087800000|100%| O|  |TAMS 0x0000000087800000, 0x0000000087700000| Untracked 
| 120|0x0000000087800000, 0x0000000087900000, 0x0000000087900000|100%| O|  |TAMS 0x0000000087900000, 0x0000000087800000| Untracked 
| 121|0x0000000087900000, 0x0000000087a00000, 0x0000000087a00000|100%| O|  |TAMS 0x0000000087a00000, 0x0000000087900000| Untracked 
| 122|0x0000000087a00000, 0x0000000087b00000, 0x0000000087b00000|100%| O|  |TAMS 0x0000000087b00000, 0x0000000087a00000| Untracked 
| 123|0x0000000087b00000, 0x0000000087c00000, 0x0000000087c00000|100%| O|  |TAMS 0x0000000087c00000, 0x0000000087b00000| Untracked 
| 124|0x0000000087c00000, 0x0000000087d00000, 0x0000000087d00000|100%| O|  |TAMS 0x0000000087d00000, 0x0000000087c00000| Untracked 
| 125|0x0000000087d00000, 0x0000000087d00000, 0x0000000087e00000|  0%| F|  |TAMS 0x0000000087d00000, 0x0000000087d00000| Untracked 
| 126|0x0000000087e00000, 0x0000000087e00000, 0x0000000087f00000|  0%| F|  |TAMS 0x0000000087e00000, 0x0000000087e00000| Untracked 
| 127|0x0000000087f00000, 0x0000000088000000, 0x0000000088000000|100%| O|  |TAMS 0x0000000088000000, 0x0000000087f00000| Untracked 
| 128|0x0000000088000000, 0x0000000088100000, 0x0000000088100000|100%| O|  |TAMS 0x0000000088100000, 0x0000000088000000| Untracked 
| 129|0x0000000088100000, 0x0000000088200000, 0x0000000088200000|100%| O|  |TAMS 0x0000000088200000, 0x0000000088100000| Untracked 
| 130|0x0000000088200000, 0x0000000088300000, 0x0000000088300000|100%| O|  |TAMS 0x0000000088300000, 0x0000000088200000| Untracked 
| 131|0x0000000088300000, 0x0000000088400000, 0x0000000088400000|100%| O|  |TAMS 0x0000000088400000, 0x0000000088300000| Untracked 
| 132|0x0000000088400000, 0x0000000088500000, 0x0000000088500000|100%| O|  |TAMS 0x0000000088500000, 0x0000000088400000| Untracked 
| 133|0x0000000088500000, 0x0000000088600000, 0x0000000088600000|100%| O|  |TAMS 0x0000000088600000, 0x0000000088500000| Untracked 
| 134|0x0000000088600000, 0x0000000088700000, 0x0000000088700000|100%| O|  |TAMS 0x0000000088700000, 0x0000000088600000| Untracked 
| 135|0x0000000088700000, 0x0000000088800000, 0x0000000088800000|100%| O|  |TAMS 0x0000000088800000, 0x0000000088700000| Untracked 
| 136|0x0000000088800000, 0x0000000088900000, 0x0000000088900000|100%| O|  |TAMS 0x0000000088900000, 0x0000000088800000| Untracked 
| 137|0x0000000088900000, 0x0000000088a00000, 0x0000000088a00000|100%| O|  |TAMS 0x0000000088a00000, 0x0000000088900000| Untracked 
| 138|0x0000000088a00000, 0x0000000088b00000, 0x0000000088b00000|100%| O|  |TAMS 0x0000000088b00000, 0x0000000088a00000| Untracked 
| 139|0x0000000088b00000, 0x0000000088c00000, 0x0000000088c00000|100%| O|  |TAMS 0x0000000088c00000, 0x0000000088b00000| Untracked 
| 140|0x0000000088c00000, 0x0000000088d00000, 0x0000000088d00000|100%| O|  |TAMS 0x0000000088d00000, 0x0000000088c00000| Untracked 
| 141|0x0000000088d00000, 0x0000000088e00000, 0x0000000088e00000|100%| O|  |TAMS 0x0000000088e00000, 0x0000000088d00000| Untracked 
| 142|0x0000000088e00000, 0x0000000088f00000, 0x0000000088f00000|100%| O|  |TAMS 0x0000000088f00000, 0x0000000088e00000| Untracked 
| 143|0x0000000088f00000, 0x0000000089000000, 0x0000000089000000|100%| O|  |TAMS 0x0000000089000000, 0x0000000088f00000| Untracked 
| 144|0x0000000089000000, 0x0000000089100000, 0x0000000089100000|100%| O|  |TAMS 0x0000000089100000, 0x0000000089000000| Untracked 
| 145|0x0000000089100000, 0x0000000089200000, 0x0000000089200000|100%| O|  |TAMS 0x0000000089200000, 0x0000000089100000| Untracked 
| 146|0x0000000089200000, 0x0000000089300000, 0x0000000089300000|100%| O|  |TAMS 0x0000000089300000, 0x0000000089200000| Untracked 
| 147|0x0000000089300000, 0x0000000089400000, 0x0000000089400000|100%| O|  |TAMS 0x0000000089400000, 0x0000000089300000| Untracked 
| 148|0x0000000089400000, 0x0000000089500000, 0x0000000089500000|100%| O|  |TAMS 0x0000000089500000, 0x0000000089400000| Untracked 
| 149|0x0000000089500000, 0x0000000089600000, 0x0000000089600000|100%| O|  |TAMS 0x0000000089600000, 0x0000000089500000| Untracked 
| 150|0x0000000089600000, 0x0000000089700000, 0x0000000089700000|100%| O|  |TAMS 0x0000000089700000, 0x0000000089600000| Untracked 
| 151|0x0000000089700000, 0x0000000089800000, 0x0000000089800000|100%| O|  |TAMS 0x0000000089800000, 0x0000000089700000| Untracked 
| 152|0x0000000089800000, 0x0000000089900000, 0x0000000089900000|100%| O|  |TAMS 0x0000000089900000, 0x0000000089800000| Untracked 
| 153|0x0000000089900000, 0x0000000089900000, 0x0000000089a00000|  0%| F|  |TAMS 0x0000000089900000, 0x0000000089900000| Untracked 
| 154|0x0000000089a00000, 0x0000000089b00000, 0x0000000089b00000|100%| O|  |TAMS 0x0000000089b00000, 0x0000000089a00000| Untracked 
| 155|0x0000000089b00000, 0x0000000089c00000, 0x0000000089c00000|100%| O|  |TAMS 0x0000000089c00000, 0x0000000089b00000| Untracked 
| 156|0x0000000089c00000, 0x0000000089d00000, 0x0000000089d00000|100%| O|  |TAMS 0x0000000089d00000, 0x0000000089c00000| Untracked 
| 157|0x0000000089d00000, 0x0000000089e00000, 0x0000000089e00000|100%| O|  |TAMS 0x0000000089e00000, 0x0000000089d00000| Untracked 
| 158|0x0000000089e00000, 0x0000000089f00000, 0x0000000089f00000|100%| O|  |TAMS 0x0000000089f00000, 0x0000000089e00000| Untracked 
| 159|0x0000000089f00000, 0x000000008a000000, 0x000000008a000000|100%| O|  |TAMS 0x000000008a000000, 0x0000000089f00000| Untracked 
| 160|0x000000008a000000, 0x000000008a100000, 0x000000008a100000|100%| O|  |TAMS 0x000000008a100000, 0x000000008a000000| Untracked 
| 161|0x000000008a100000, 0x000000008a200000, 0x000000008a200000|100%| O|  |TAMS 0x000000008a200000, 0x000000008a100000| Untracked 
| 162|0x000000008a200000, 0x000000008a300000, 0x000000008a300000|100%| O|  |TAMS 0x000000008a300000, 0x000000008a200000| Untracked 
| 163|0x000000008a300000, 0x000000008a400000, 0x000000008a400000|100%| O|  |TAMS 0x000000008a400000, 0x000000008a300000| Untracked 
| 164|0x000000008a400000, 0x000000008a500000, 0x000000008a500000|100%| O|  |TAMS 0x000000008a500000, 0x000000008a400000| Untracked 
| 165|0x000000008a500000, 0x000000008a600000, 0x000000008a600000|100%| O|  |TAMS 0x000000008a600000, 0x000000008a500000| Untracked 
| 166|0x000000008a600000, 0x000000008a700000, 0x000000008a700000|100%| O|  |TAMS 0x000000008a700000, 0x000000008a600000| Untracked 
| 167|0x000000008a700000, 0x000000008a800000, 0x000000008a800000|100%| O|  |TAMS 0x000000008a800000, 0x000000008a700000| Untracked 
| 168|0x000000008a800000, 0x000000008a900000, 0x000000008a900000|100%| O|  |TAMS 0x000000008a900000, 0x000000008a800000| Untracked 
| 169|0x000000008a900000, 0x000000008aa00000, 0x000000008aa00000|100%| O|  |TAMS 0x000000008aa00000, 0x000000008a900000| Untracked 
| 170|0x000000008aa00000, 0x000000008ab00000, 0x000000008ab00000|100%| O|  |TAMS 0x000000008ab00000, 0x000000008aa00000| Untracked 
| 171|0x000000008ab00000, 0x000000008ac00000, 0x000000008ac00000|100%| O|  |TAMS 0x000000008ac00000, 0x000000008ab00000| Untracked 
| 172|0x000000008ac00000, 0x000000008ad00000, 0x000000008ad00000|100%| O|  |TAMS 0x000000008ad00000, 0x000000008ac00000| Untracked 
| 173|0x000000008ad00000, 0x000000008ae00000, 0x000000008ae00000|100%| O|  |TAMS 0x000000008ae00000, 0x000000008ad00000| Untracked 
| 174|0x000000008ae00000, 0x000000008af00000, 0x000000008af00000|100%| O|  |TAMS 0x000000008af00000, 0x000000008ae00000| Untracked 
| 175|0x000000008af00000, 0x000000008b000000, 0x000000008b000000|100%| O|  |TAMS 0x000000008b000000, 0x000000008af00000| Untracked 
| 176|0x000000008b000000, 0x000000008b100000, 0x000000008b100000|100%| O|  |TAMS 0x000000008b100000, 0x000000008b000000| Untracked 
| 177|0x000000008b100000, 0x000000008b200000, 0x000000008b200000|100%| O|  |TAMS 0x000000008b200000, 0x000000008b100000| Untracked 
| 178|0x000000008b200000, 0x000000008b300000, 0x000000008b300000|100%| O|  |TAMS 0x000000008b200000, 0x000000008b200000| Untracked 
| 179|0x000000008b300000, 0x000000008b300000, 0x000000008b400000|  0%| F|  |TAMS 0x000000008b300000, 0x000000008b300000| Untracked 
| 180|0x000000008b400000, 0x000000008b400000, 0x000000008b500000|  0%| F|  |TAMS 0x000000008b400000, 0x000000008b400000| Untracked 
| 181|0x000000008b500000, 0x000000008b500000, 0x000000008b600000|  0%| F|  |TAMS 0x000000008b500000, 0x000000008b500000| Untracked 
| 182|0x000000008b600000, 0x000000008b700000, 0x000000008b700000|100%| O|  |TAMS 0x000000008b700000, 0x000000008b600000| Untracked 
| 183|0x000000008b700000, 0x000000008b800000, 0x000000008b800000|100%| O|  |TAMS 0x000000008b800000, 0x000000008b700000| Untracked 
| 184|0x000000008b800000, 0x000000008b900000, 0x000000008b900000|100%| O|  |TAMS 0x000000008b900000, 0x000000008b800000| Untracked 
| 185|0x000000008b900000, 0x000000008ba00000, 0x000000008ba00000|100%| O|  |TAMS 0x000000008ba00000, 0x000000008b900000| Untracked 
| 186|0x000000008ba00000, 0x000000008bb00000, 0x000000008bb00000|100%| O|  |TAMS 0x000000008bb00000, 0x000000008ba00000| Untracked 
| 187|0x000000008bb00000, 0x000000008bc00000, 0x000000008bc00000|100%| O|  |TAMS 0x000000008bc00000, 0x000000008bb00000| Untracked 
| 188|0x000000008bc00000, 0x000000008bd00000, 0x000000008bd00000|100%| O|  |TAMS 0x000000008bd00000, 0x000000008bc00000| Untracked 
| 189|0x000000008bd00000, 0x000000008be00000, 0x000000008be00000|100%| O|  |TAMS 0x000000008bd00000, 0x000000008bd00000| Untracked 
| 190|0x000000008be00000, 0x000000008be00000, 0x000000008bf00000|  0%| F|  |TAMS 0x000000008be00000, 0x000000008be00000| Untracked 
| 191|0x000000008bf00000, 0x000000008c000000, 0x000000008c000000|100%| O|  |TAMS 0x000000008c000000, 0x000000008bf00000| Untracked 
| 192|0x000000008c000000, 0x000000008c100000, 0x000000008c100000|100%| O|  |TAMS 0x000000008c100000, 0x000000008c000000| Untracked 
| 193|0x000000008c100000, 0x000000008c200000, 0x000000008c200000|100%| O|  |TAMS 0x000000008c200000, 0x000000008c100000| Untracked 
| 194|0x000000008c200000, 0x000000008c300000, 0x000000008c300000|100%| O|  |TAMS 0x000000008c21b600, 0x000000008c200000| Untracked 
| 195|0x000000008c300000, 0x000000008c400000, 0x000000008c400000|100%| O|  |TAMS 0x000000008c300000, 0x000000008c300000| Untracked 
| 196|0x000000008c400000, 0x000000008c4bf200, 0x000000008c500000| 74%| O|  |TAMS 0x000000008c400000, 0x000000008c400000| Untracked 
| 197|0x000000008c500000, 0x000000008c500000, 0x000000008c600000|  0%| F|  |TAMS 0x000000008c500000, 0x000000008c500000| Untracked 
| 198|0x000000008c600000, 0x000000008c600000, 0x000000008c700000|  0%| F|  |TAMS 0x000000008c600000, 0x000000008c600000| Untracked 
| 199|0x000000008c700000, 0x000000008c700000, 0x000000008c800000|  0%| F|  |TAMS 0x000000008c700000, 0x000000008c700000| Untracked 
| 200|0x000000008c800000, 0x000000008c800000, 0x000000008c900000|  0%| F|  |TAMS 0x000000008c800000, 0x000000008c800000| Untracked 
| 201|0x000000008c900000, 0x000000008c900000, 0x000000008ca00000|  0%| F|  |TAMS 0x000000008c900000, 0x000000008c900000| Untracked 
| 202|0x000000008ca00000, 0x000000008ca00000, 0x000000008cb00000|  0%| F|  |TAMS 0x000000008ca00000, 0x000000008ca00000| Untracked 
| 203|0x000000008cb00000, 0x000000008cb00000, 0x000000008cc00000|  0%| F|  |TAMS 0x000000008cb00000, 0x000000008cb00000| Untracked 
| 204|0x000000008cc00000, 0x000000008cc00000, 0x000000008cd00000|  0%| F|  |TAMS 0x000000008cc00000, 0x000000008cc00000| Untracked 
| 205|0x000000008cd00000, 0x000000008cd00000, 0x000000008ce00000|  0%| F|  |TAMS 0x000000008cd00000, 0x000000008cd00000| Untracked 
| 206|0x000000008ce00000, 0x000000008ce00000, 0x000000008cf00000|  0%| F|  |TAMS 0x000000008ce00000, 0x000000008ce00000| Untracked 
| 207|0x000000008cf00000, 0x000000008cf00000, 0x000000008d000000|  0%| F|  |TAMS 0x000000008cf00000, 0x000000008cf00000| Untracked 
| 208|0x000000008d000000, 0x000000008d000000, 0x000000008d100000|  0%| F|  |TAMS 0x000000008d000000, 0x000000008d000000| Untracked 
| 209|0x000000008d100000, 0x000000008d100000, 0x000000008d200000|  0%| F|  |TAMS 0x000000008d100000, 0x000000008d100000| Untracked 
| 210|0x000000008d200000, 0x000000008d200000, 0x000000008d300000|  0%| F|  |TAMS 0x000000008d200000, 0x000000008d200000| Untracked 
| 211|0x000000008d300000, 0x000000008d300000, 0x000000008d400000|  0%| F|  |TAMS 0x000000008d300000, 0x000000008d300000| Untracked 
| 212|0x000000008d400000, 0x000000008d400000, 0x000000008d500000|  0%| F|  |TAMS 0x000000008d400000, 0x000000008d400000| Untracked 
| 213|0x000000008d500000, 0x000000008d500000, 0x000000008d600000|  0%| F|  |TAMS 0x000000008d500000, 0x000000008d500000| Untracked 
| 214|0x000000008d600000, 0x000000008d600000, 0x000000008d700000|  0%| F|  |TAMS 0x000000008d600000, 0x000000008d600000| Untracked 
| 215|0x000000008d700000, 0x000000008d700000, 0x000000008d800000|  0%| F|  |TAMS 0x000000008d700000, 0x000000008d700000| Untracked 
| 216|0x000000008d800000, 0x000000008d800000, 0x000000008d900000|  0%| F|  |TAMS 0x000000008d800000, 0x000000008d800000| Untracked 
| 217|0x000000008d900000, 0x000000008d900000, 0x000000008da00000|  0%| F|  |TAMS 0x000000008d900000, 0x000000008d900000| Untracked 
| 218|0x000000008da00000, 0x000000008da00000, 0x000000008db00000|  0%| F|  |TAMS 0x000000008da00000, 0x000000008da00000| Untracked 
| 219|0x000000008db00000, 0x000000008db00000, 0x000000008dc00000|  0%| F|  |TAMS 0x000000008db00000, 0x000000008db00000| Untracked 
| 220|0x000000008dc00000, 0x000000008dc00000, 0x000000008dd00000|  0%| F|  |TAMS 0x000000008dc00000, 0x000000008dc00000| Untracked 
| 221|0x000000008dd00000, 0x000000008dd00000, 0x000000008de00000|  0%| F|  |TAMS 0x000000008dd00000, 0x000000008dd00000| Untracked 
| 222|0x000000008de00000, 0x000000008de00000, 0x000000008df00000|  0%| F|  |TAMS 0x000000008de00000, 0x000000008de00000| Untracked 
| 223|0x000000008df00000, 0x000000008df00000, 0x000000008e000000|  0%| F|  |TAMS 0x000000008df00000, 0x000000008df00000| Untracked 
| 224|0x000000008e000000, 0x000000008e000000, 0x000000008e100000|  0%| F|  |TAMS 0x000000008e000000, 0x000000008e000000| Untracked 
| 225|0x000000008e100000, 0x000000008e100000, 0x000000008e200000|  0%| F|  |TAMS 0x000000008e100000, 0x000000008e100000| Untracked 
| 226|0x000000008e200000, 0x000000008e200000, 0x000000008e300000|  0%| F|  |TAMS 0x000000008e200000, 0x000000008e200000| Untracked 
| 227|0x000000008e300000, 0x000000008e300000, 0x000000008e400000|  0%| F|  |TAMS 0x000000008e300000, 0x000000008e300000| Untracked 
| 228|0x000000008e400000, 0x000000008e400000, 0x000000008e500000|  0%| F|  |TAMS 0x000000008e400000, 0x000000008e400000| Untracked 
| 229|0x000000008e500000, 0x000000008e500000, 0x000000008e600000|  0%| F|  |TAMS 0x000000008e500000, 0x000000008e500000| Untracked 
| 230|0x000000008e600000, 0x000000008e600000, 0x000000008e700000|  0%| F|  |TAMS 0x000000008e600000, 0x000000008e600000| Untracked 
| 231|0x000000008e700000, 0x000000008e700000, 0x000000008e800000|  0%| F|  |TAMS 0x000000008e700000, 0x000000008e700000| Untracked 
| 232|0x000000008e800000, 0x000000008e800000, 0x000000008e900000|  0%| F|  |TAMS 0x000000008e800000, 0x000000008e800000| Untracked 
| 233|0x000000008e900000, 0x000000008e900000, 0x000000008ea00000|  0%| F|  |TAMS 0x000000008e900000, 0x000000008e900000| Untracked 
| 234|0x000000008ea00000, 0x000000008ea00000, 0x000000008eb00000|  0%| F|  |TAMS 0x000000008ea00000, 0x000000008ea00000| Untracked 
| 235|0x000000008eb00000, 0x000000008eb00000, 0x000000008ec00000|  0%| F|  |TAMS 0x000000008eb00000, 0x000000008eb00000| Untracked 
| 236|0x000000008ec00000, 0x000000008ec00000, 0x000000008ed00000|  0%| F|  |TAMS 0x000000008ec00000, 0x000000008ec00000| Untracked 
| 237|0x000000008ed00000, 0x000000008ed00000, 0x000000008ee00000|  0%| F|  |TAMS 0x000000008ed00000, 0x000000008ed00000| Untracked 
| 238|0x000000008ee00000, 0x000000008ee00000, 0x000000008ef00000|  0%| F|  |TAMS 0x000000008ee00000, 0x000000008ee00000| Untracked 
| 239|0x000000008ef00000, 0x000000008ef00000, 0x000000008f000000|  0%| F|  |TAMS 0x000000008ef00000, 0x000000008ef00000| Untracked 
| 240|0x000000008f000000, 0x000000008f000000, 0x000000008f100000|  0%| F|  |TAMS 0x000000008f000000, 0x000000008f000000| Untracked 
| 241|0x000000008f100000, 0x000000008f100000, 0x000000008f200000|  0%| F|  |TAMS 0x000000008f100000, 0x000000008f100000| Untracked 
| 242|0x000000008f200000, 0x000000008f200000, 0x000000008f300000|  0%| F|  |TAMS 0x000000008f200000, 0x000000008f200000| Untracked 
| 243|0x000000008f300000, 0x000000008f300000, 0x000000008f400000|  0%| F|  |TAMS 0x000000008f300000, 0x000000008f300000| Untracked 
| 244|0x000000008f400000, 0x000000008f400000, 0x000000008f500000|  0%| F|  |TAMS 0x000000008f400000, 0x000000008f400000| Untracked 
| 245|0x000000008f500000, 0x000000008f500000, 0x000000008f600000|  0%| F|  |TAMS 0x000000008f500000, 0x000000008f500000| Untracked 
| 246|0x000000008f600000, 0x000000008f600000, 0x000000008f700000|  0%| F|  |TAMS 0x000000008f600000, 0x000000008f600000| Untracked 
| 247|0x000000008f700000, 0x000000008f700000, 0x000000008f800000|  0%| F|  |TAMS 0x000000008f700000, 0x000000008f700000| Untracked 
| 248|0x000000008f800000, 0x000000008f800000, 0x000000008f900000|  0%| F|  |TAMS 0x000000008f800000, 0x000000008f800000| Untracked 
| 249|0x000000008f900000, 0x000000008f900000, 0x000000008fa00000|  0%| F|  |TAMS 0x000000008f900000, 0x000000008f900000| Untracked 
| 250|0x000000008fa00000, 0x000000008fa00000, 0x000000008fb00000|  0%| F|  |TAMS 0x000000008fa00000, 0x000000008fa00000| Untracked 
| 251|0x000000008fb00000, 0x000000008fb00000, 0x000000008fc00000|  0%| F|  |TAMS 0x000000008fb00000, 0x000000008fb00000| Untracked 
| 252|0x000000008fc00000, 0x000000008fc00000, 0x000000008fd00000|  0%| F|  |TAMS 0x000000008fc00000, 0x000000008fc00000| Untracked 
| 253|0x000000008fd00000, 0x000000008fd00000, 0x000000008fe00000|  0%| F|  |TAMS 0x000000008fd00000, 0x000000008fd00000| Untracked 
| 254|0x000000008fe00000, 0x000000008fe00000, 0x000000008ff00000|  0%| F|  |TAMS 0x000000008fe00000, 0x000000008fe00000| Untracked 
| 255|0x000000008ff00000, 0x000000008ff00000, 0x0000000090000000|  0%| F|  |TAMS 0x000000008ff00000, 0x000000008ff00000| Untracked 
| 256|0x0000000090000000, 0x0000000090000000, 0x0000000090100000|  0%| F|  |TAMS 0x0000000090000000, 0x0000000090000000| Untracked 
| 257|0x0000000090100000, 0x0000000090100000, 0x0000000090200000|  0%| F|  |TAMS 0x0000000090100000, 0x0000000090100000| Untracked 
| 258|0x0000000090200000, 0x0000000090200000, 0x0000000090300000|  0%| F|  |TAMS 0x0000000090200000, 0x0000000090200000| Untracked 
| 259|0x0000000090300000, 0x0000000090300000, 0x0000000090400000|  0%| F|  |TAMS 0x0000000090300000, 0x0000000090300000| Untracked 
| 260|0x0000000090400000, 0x0000000090400000, 0x0000000090500000|  0%| F|  |TAMS 0x0000000090400000, 0x0000000090400000| Untracked 
| 261|0x0000000090500000, 0x0000000090500000, 0x0000000090600000|  0%| F|  |TAMS 0x0000000090500000, 0x0000000090500000| Untracked 
| 262|0x0000000090600000, 0x0000000090700000, 0x0000000090700000|100%| S|CS|TAMS 0x0000000090600000, 0x0000000090600000| Complete 
| 263|0x0000000090700000, 0x0000000090800000, 0x0000000090800000|100%| S|CS|TAMS 0x0000000090700000, 0x0000000090700000| Complete 
| 264|0x0000000090800000, 0x0000000090900000, 0x0000000090900000|100%| S|CS|TAMS 0x0000000090800000, 0x0000000090800000| Complete 
| 265|0x0000000090900000, 0x0000000090a00000, 0x0000000090a00000|100%| S|CS|TAMS 0x0000000090900000, 0x0000000090900000| Complete 
| 266|0x0000000090a00000, 0x0000000090b00000, 0x0000000090b00000|100%| S|CS|TAMS 0x0000000090a00000, 0x0000000090a00000| Complete 
| 267|0x0000000090b00000, 0x0000000090b00000, 0x0000000090c00000|  0%| F|  |TAMS 0x0000000090b00000, 0x0000000090b00000| Untracked 
| 268|0x0000000090c00000, 0x0000000090c00000, 0x0000000090d00000|  0%| F|  |TAMS 0x0000000090c00000, 0x0000000090c00000| Untracked 
| 269|0x0000000090d00000, 0x0000000090d00000, 0x0000000090e00000|  0%| F|  |TAMS 0x0000000090d00000, 0x0000000090d00000| Untracked 
| 270|0x0000000090e00000, 0x0000000090e00000, 0x0000000090f00000|  0%| F|  |TAMS 0x0000000090e00000, 0x0000000090e00000| Untracked 
| 271|0x0000000090f00000, 0x0000000090f00000, 0x0000000091000000|  0%| F|  |TAMS 0x0000000090f00000, 0x0000000090f00000| Untracked 
| 272|0x0000000091000000, 0x0000000091000000, 0x0000000091100000|  0%| F|  |TAMS 0x0000000091000000, 0x0000000091000000| Untracked 
| 273|0x0000000091100000, 0x0000000091100000, 0x0000000091200000|  0%| F|  |TAMS 0x0000000091100000, 0x0000000091100000| Untracked 
| 274|0x0000000091200000, 0x0000000091200000, 0x0000000091300000|  0%| F|  |TAMS 0x0000000091200000, 0x0000000091200000| Untracked 
| 275|0x0000000091300000, 0x0000000091300000, 0x0000000091400000|  0%| F|  |TAMS 0x0000000091300000, 0x0000000091300000| Untracked 
| 276|0x0000000091400000, 0x0000000091400000, 0x0000000091500000|  0%| F|  |TAMS 0x0000000091400000, 0x0000000091400000| Untracked 
| 277|0x0000000091500000, 0x0000000091500000, 0x0000000091600000|  0%| F|  |TAMS 0x0000000091500000, 0x0000000091500000| Untracked 
| 278|0x0000000091600000, 0x0000000091600000, 0x0000000091700000|  0%| F|  |TAMS 0x0000000091600000, 0x0000000091600000| Untracked 
| 279|0x0000000091700000, 0x0000000091700000, 0x0000000091800000|  0%| F|  |TAMS 0x0000000091700000, 0x0000000091700000| Untracked 
| 280|0x0000000091800000, 0x0000000091800000, 0x0000000091900000|  0%| F|  |TAMS 0x0000000091800000, 0x0000000091800000| Untracked 
| 281|0x0000000091900000, 0x0000000091900000, 0x0000000091a00000|  0%| F|  |TAMS 0x0000000091900000, 0x0000000091900000| Untracked 
| 282|0x0000000091a00000, 0x0000000091a00000, 0x0000000091b00000|  0%| F|  |TAMS 0x0000000091a00000, 0x0000000091a00000| Untracked 
| 283|0x0000000091b00000, 0x0000000091b00000, 0x0000000091c00000|  0%| F|  |TAMS 0x0000000091b00000, 0x0000000091b00000| Untracked 
| 284|0x0000000091c00000, 0x0000000091c00000, 0x0000000091d00000|  0%| F|  |TAMS 0x0000000091c00000, 0x0000000091c00000| Untracked 
| 285|0x0000000091d00000, 0x0000000091d00000, 0x0000000091e00000|  0%| F|  |TAMS 0x0000000091d00000, 0x0000000091d00000| Untracked 
| 286|0x0000000091e00000, 0x0000000091e00000, 0x0000000091f00000|  0%| F|  |TAMS 0x0000000091e00000, 0x0000000091e00000| Untracked 
| 287|0x0000000091f00000, 0x0000000091f00000, 0x0000000092000000|  0%| F|  |TAMS 0x0000000091f00000, 0x0000000091f00000| Untracked 
| 288|0x0000000092000000, 0x0000000092000000, 0x0000000092100000|  0%| F|  |TAMS 0x0000000092000000, 0x0000000092000000| Untracked 
| 289|0x0000000092100000, 0x0000000092100000, 0x0000000092200000|  0%| F|  |TAMS 0x0000000092100000, 0x0000000092100000| Untracked 
| 290|0x0000000092200000, 0x0000000092200000, 0x0000000092300000|  0%| F|  |TAMS 0x0000000092200000, 0x0000000092200000| Untracked 
| 291|0x0000000092300000, 0x0000000092300000, 0x0000000092400000|  0%| F|  |TAMS 0x0000000092300000, 0x0000000092300000| Untracked 
| 292|0x0000000092400000, 0x0000000092400000, 0x0000000092500000|  0%| F|  |TAMS 0x0000000092400000, 0x0000000092400000| Untracked 
| 293|0x0000000092500000, 0x0000000092500000, 0x0000000092600000|  0%| F|  |TAMS 0x0000000092500000, 0x0000000092500000| Untracked 
| 294|0x0000000092600000, 0x0000000092600000, 0x0000000092700000|  0%| F|  |TAMS 0x0000000092600000, 0x0000000092600000| Untracked 
| 295|0x0000000092700000, 0x0000000092700000, 0x0000000092800000|  0%| F|  |TAMS 0x0000000092700000, 0x0000000092700000| Untracked 
| 296|0x0000000092800000, 0x0000000092800000, 0x0000000092900000|  0%| F|  |TAMS 0x0000000092800000, 0x0000000092800000| Untracked 
| 297|0x0000000092900000, 0x0000000092900000, 0x0000000092a00000|  0%| F|  |TAMS 0x0000000092900000, 0x0000000092900000| Untracked 
| 298|0x0000000092a00000, 0x0000000092a00000, 0x0000000092b00000|  0%| F|  |TAMS 0x0000000092a00000, 0x0000000092a00000| Untracked 
| 299|0x0000000092b00000, 0x0000000092b00000, 0x0000000092c00000|  0%| F|  |TAMS 0x0000000092b00000, 0x0000000092b00000| Untracked 
| 300|0x0000000092c00000, 0x0000000092c00000, 0x0000000092d00000|  0%| F|  |TAMS 0x0000000092c00000, 0x0000000092c00000| Untracked 
| 301|0x0000000092d00000, 0x0000000092d00000, 0x0000000092e00000|  0%| F|  |TAMS 0x0000000092d00000, 0x0000000092d00000| Untracked 
| 302|0x0000000092e00000, 0x0000000092e00000, 0x0000000092f00000|  0%| F|  |TAMS 0x0000000092e00000, 0x0000000092e00000| Untracked 
| 303|0x0000000092f00000, 0x0000000092f00000, 0x0000000093000000|  0%| F|  |TAMS 0x0000000092f00000, 0x0000000092f00000| Untracked 
| 304|0x0000000093000000, 0x0000000093000000, 0x0000000093100000|  0%| F|  |TAMS 0x0000000093000000, 0x0000000093000000| Untracked 
| 305|0x0000000093100000, 0x0000000093100000, 0x0000000093200000|  0%| F|  |TAMS 0x0000000093100000, 0x0000000093100000| Untracked 
| 306|0x0000000093200000, 0x0000000093200000, 0x0000000093300000|  0%| F|  |TAMS 0x0000000093200000, 0x0000000093200000| Untracked 
| 307|0x0000000093300000, 0x0000000093300000, 0x0000000093400000|  0%| F|  |TAMS 0x0000000093300000, 0x0000000093300000| Untracked 
| 308|0x0000000093400000, 0x0000000093400000, 0x0000000093500000|  0%| F|  |TAMS 0x0000000093400000, 0x0000000093400000| Untracked 
| 309|0x0000000093500000, 0x0000000093500000, 0x0000000093600000|  0%| F|  |TAMS 0x0000000093500000, 0x0000000093500000| Untracked 
| 310|0x0000000093600000, 0x0000000093600000, 0x0000000093700000|  0%| F|  |TAMS 0x0000000093600000, 0x0000000093600000| Untracked 
| 311|0x0000000093700000, 0x0000000093700000, 0x0000000093800000|  0%| F|  |TAMS 0x0000000093700000, 0x0000000093700000| Untracked 
| 312|0x0000000093800000, 0x0000000093800000, 0x0000000093900000|  0%| F|  |TAMS 0x0000000093800000, 0x0000000093800000| Untracked 
| 313|0x0000000093900000, 0x0000000093900000, 0x0000000093a00000|  0%| F|  |TAMS 0x0000000093900000, 0x0000000093900000| Untracked 
| 314|0x0000000093a00000, 0x0000000093a00000, 0x0000000093b00000|  0%| F|  |TAMS 0x0000000093a00000, 0x0000000093a00000| Untracked 
| 315|0x0000000093b00000, 0x0000000093b00000, 0x0000000093c00000|  0%| F|  |TAMS 0x0000000093b00000, 0x0000000093b00000| Untracked 
| 316|0x0000000093c00000, 0x0000000093c00000, 0x0000000093d00000|  0%| F|  |TAMS 0x0000000093c00000, 0x0000000093c00000| Untracked 
| 317|0x0000000093d00000, 0x0000000093d00000, 0x0000000093e00000|  0%| F|  |TAMS 0x0000000093d00000, 0x0000000093d00000| Untracked 
| 318|0x0000000093e00000, 0x0000000093e00000, 0x0000000093f00000|  0%| F|  |TAMS 0x0000000093e00000, 0x0000000093e00000| Untracked 
| 319|0x0000000093f00000, 0x0000000093f00000, 0x0000000094000000|  0%| F|  |TAMS 0x0000000093f00000, 0x0000000093f00000| Untracked 
| 320|0x0000000094000000, 0x0000000094000000, 0x0000000094100000|  0%| F|  |TAMS 0x0000000094000000, 0x0000000094000000| Untracked 
| 321|0x0000000094100000, 0x0000000094100000, 0x0000000094200000|  0%| F|  |TAMS 0x0000000094100000, 0x0000000094100000| Untracked 
| 322|0x0000000094200000, 0x0000000094200000, 0x0000000094300000|  0%| F|  |TAMS 0x0000000094200000, 0x0000000094200000| Untracked 
| 323|0x0000000094300000, 0x0000000094300000, 0x0000000094400000|  0%| F|  |TAMS 0x0000000094300000, 0x0000000094300000| Untracked 
| 324|0x0000000094400000, 0x0000000094400000, 0x0000000094500000|  0%| F|  |TAMS 0x0000000094400000, 0x0000000094400000| Untracked 
| 325|0x0000000094500000, 0x0000000094500000, 0x0000000094600000|  0%| F|  |TAMS 0x0000000094500000, 0x0000000094500000| Untracked 
| 326|0x0000000094600000, 0x0000000094600000, 0x0000000094700000|  0%| F|  |TAMS 0x0000000094600000, 0x0000000094600000| Untracked 
| 327|0x0000000094700000, 0x0000000094700000, 0x0000000094800000|  0%| F|  |TAMS 0x0000000094700000, 0x0000000094700000| Untracked 
| 328|0x0000000094800000, 0x0000000094800000, 0x0000000094900000|  0%| F|  |TAMS 0x0000000094800000, 0x0000000094800000| Untracked 
| 329|0x0000000094900000, 0x0000000094900000, 0x0000000094a00000|  0%| F|  |TAMS 0x0000000094900000, 0x0000000094900000| Untracked 
| 330|0x0000000094a00000, 0x0000000094a00000, 0x0000000094b00000|  0%| F|  |TAMS 0x0000000094a00000, 0x0000000094a00000| Untracked 
| 331|0x0000000094b00000, 0x0000000094b00000, 0x0000000094c00000|  0%| F|  |TAMS 0x0000000094b00000, 0x0000000094b00000| Untracked 
| 332|0x0000000094c00000, 0x0000000094c00000, 0x0000000094d00000|  0%| F|  |TAMS 0x0000000094c00000, 0x0000000094c00000| Untracked 
| 333|0x0000000094d00000, 0x0000000094d00000, 0x0000000094e00000|  0%| F|  |TAMS 0x0000000094d00000, 0x0000000094d00000| Untracked 
| 334|0x0000000094e00000, 0x0000000094e00000, 0x0000000094f00000|  0%| F|  |TAMS 0x0000000094e00000, 0x0000000094e00000| Untracked 
| 335|0x0000000094f00000, 0x0000000094f00000, 0x0000000095000000|  0%| F|  |TAMS 0x0000000094f00000, 0x0000000094f00000| Untracked 
| 336|0x0000000095000000, 0x0000000095000000, 0x0000000095100000|  0%| F|  |TAMS 0x0000000095000000, 0x0000000095000000| Untracked 
| 337|0x0000000095100000, 0x0000000095100000, 0x0000000095200000|  0%| F|  |TAMS 0x0000000095100000, 0x0000000095100000| Untracked 
| 338|0x0000000095200000, 0x0000000095200000, 0x0000000095300000|  0%| F|  |TAMS 0x0000000095200000, 0x0000000095200000| Untracked 
| 339|0x0000000095300000, 0x0000000095300000, 0x0000000095400000|  0%| F|  |TAMS 0x0000000095300000, 0x0000000095300000| Untracked 
| 340|0x0000000095400000, 0x0000000095400000, 0x0000000095500000|  0%| F|  |TAMS 0x0000000095400000, 0x0000000095400000| Untracked 
| 341|0x0000000095500000, 0x0000000095500000, 0x0000000095600000|  0%| F|  |TAMS 0x0000000095500000, 0x0000000095500000| Untracked 
| 342|0x0000000095600000, 0x0000000095600000, 0x0000000095700000|  0%| F|  |TAMS 0x0000000095600000, 0x0000000095600000| Untracked 
| 343|0x0000000095700000, 0x0000000095700000, 0x0000000095800000|  0%| F|  |TAMS 0x0000000095700000, 0x0000000095700000| Untracked 
| 344|0x0000000095800000, 0x0000000095800000, 0x0000000095900000|  0%| F|  |TAMS 0x0000000095800000, 0x0000000095800000| Untracked 
| 345|0x0000000095900000, 0x0000000095900000, 0x0000000095a00000|  0%| F|  |TAMS 0x0000000095900000, 0x0000000095900000| Untracked 
| 346|0x0000000095a00000, 0x0000000095a00000, 0x0000000095b00000|  0%| F|  |TAMS 0x0000000095a00000, 0x0000000095a00000| Untracked 
| 347|0x0000000095b00000, 0x0000000095b00000, 0x0000000095c00000|  0%| F|  |TAMS 0x0000000095b00000, 0x0000000095b00000| Untracked 
| 348|0x0000000095c00000, 0x0000000095c00000, 0x0000000095d00000|  0%| F|  |TAMS 0x0000000095c00000, 0x0000000095c00000| Untracked 
| 349|0x0000000095d00000, 0x0000000095d00000, 0x0000000095e00000|  0%| F|  |TAMS 0x0000000095d00000, 0x0000000095d00000| Untracked 
| 350|0x0000000095e00000, 0x0000000095e00000, 0x0000000095f00000|  0%| F|  |TAMS 0x0000000095e00000, 0x0000000095e00000| Untracked 
| 351|0x0000000095f00000, 0x0000000095f00000, 0x0000000096000000|  0%| F|  |TAMS 0x0000000095f00000, 0x0000000095f00000| Untracked 
| 352|0x0000000096000000, 0x0000000096000000, 0x0000000096100000|  0%| F|  |TAMS 0x0000000096000000, 0x0000000096000000| Untracked 
| 353|0x0000000096100000, 0x0000000096100000, 0x0000000096200000|  0%| F|  |TAMS 0x0000000096100000, 0x0000000096100000| Untracked 
| 354|0x0000000096200000, 0x0000000096200000, 0x0000000096300000|  0%| F|  |TAMS 0x0000000096200000, 0x0000000096200000| Untracked 
| 355|0x0000000096300000, 0x0000000096300000, 0x0000000096400000|  0%| F|  |TAMS 0x0000000096300000, 0x0000000096300000| Untracked 
| 356|0x0000000096400000, 0x0000000096400000, 0x0000000096500000|  0%| F|  |TAMS 0x0000000096400000, 0x0000000096400000| Untracked 
| 357|0x0000000096500000, 0x0000000096500000, 0x0000000096600000|  0%| F|  |TAMS 0x0000000096500000, 0x0000000096500000| Untracked 
| 358|0x0000000096600000, 0x0000000096600000, 0x0000000096700000|  0%| F|  |TAMS 0x0000000096600000, 0x0000000096600000| Untracked 
| 359|0x0000000096700000, 0x0000000096700000, 0x0000000096800000|  0%| F|  |TAMS 0x0000000096700000, 0x0000000096700000| Untracked 
| 360|0x0000000096800000, 0x0000000096800000, 0x0000000096900000|  0%| F|  |TAMS 0x0000000096800000, 0x0000000096800000| Untracked 
| 361|0x0000000096900000, 0x0000000096900000, 0x0000000096a00000|  0%| F|  |TAMS 0x0000000096900000, 0x0000000096900000| Untracked 
| 362|0x0000000096a00000, 0x0000000096a00000, 0x0000000096b00000|  0%| F|  |TAMS 0x0000000096a00000, 0x0000000096a00000| Untracked 
| 363|0x0000000096b00000, 0x0000000096b00000, 0x0000000096c00000|  0%| F|  |TAMS 0x0000000096b00000, 0x0000000096b00000| Untracked 
| 364|0x0000000096c00000, 0x0000000096c00000, 0x0000000096d00000|  0%| F|  |TAMS 0x0000000096c00000, 0x0000000096c00000| Untracked 
| 365|0x0000000096d00000, 0x0000000096d00000, 0x0000000096e00000|  0%| F|  |TAMS 0x0000000096d00000, 0x0000000096d00000| Untracked 
| 366|0x0000000096e00000, 0x0000000096e00000, 0x0000000096f00000|  0%| F|  |TAMS 0x0000000096e00000, 0x0000000096e00000| Untracked 
| 367|0x0000000096f00000, 0x0000000096f00000, 0x0000000097000000|  0%| F|  |TAMS 0x0000000096f00000, 0x0000000096f00000| Untracked 
| 368|0x0000000097000000, 0x0000000097000000, 0x0000000097100000|  0%| F|  |TAMS 0x0000000097000000, 0x0000000097000000| Untracked 
| 369|0x0000000097100000, 0x0000000097100000, 0x0000000097200000|  0%| F|  |TAMS 0x0000000097100000, 0x0000000097100000| Untracked 
| 370|0x0000000097200000, 0x0000000097200000, 0x0000000097300000|  0%| F|  |TAMS 0x0000000097200000, 0x0000000097200000| Untracked 
| 371|0x0000000097300000, 0x0000000097300000, 0x0000000097400000|  0%| F|  |TAMS 0x0000000097300000, 0x0000000097300000| Untracked 
| 372|0x0000000097400000, 0x0000000097400000, 0x0000000097500000|  0%| F|  |TAMS 0x0000000097400000, 0x0000000097400000| Untracked 
| 373|0x0000000097500000, 0x0000000097500000, 0x0000000097600000|  0%| F|  |TAMS 0x0000000097500000, 0x0000000097500000| Untracked 
| 374|0x0000000097600000, 0x0000000097600000, 0x0000000097700000|  0%| F|  |TAMS 0x0000000097600000, 0x0000000097600000| Untracked 
| 375|0x0000000097700000, 0x0000000097700000, 0x0000000097800000|  0%| F|  |TAMS 0x0000000097700000, 0x0000000097700000| Untracked 
| 376|0x0000000097800000, 0x0000000097800000, 0x0000000097900000|  0%| F|  |TAMS 0x0000000097800000, 0x0000000097800000| Untracked 
| 377|0x0000000097900000, 0x0000000097900000, 0x0000000097a00000|  0%| F|  |TAMS 0x0000000097900000, 0x0000000097900000| Untracked 
| 378|0x0000000097a00000, 0x0000000097a00000, 0x0000000097b00000|  0%| F|  |TAMS 0x0000000097a00000, 0x0000000097a00000| Untracked 
| 379|0x0000000097b00000, 0x0000000097b00000, 0x0000000097c00000|  0%| F|  |TAMS 0x0000000097b00000, 0x0000000097b00000| Untracked 
| 380|0x0000000097c00000, 0x0000000097c00000, 0x0000000097d00000|  0%| F|  |TAMS 0x0000000097c00000, 0x0000000097c00000| Untracked 
| 381|0x0000000097d00000, 0x0000000097d00000, 0x0000000097e00000|  0%| F|  |TAMS 0x0000000097d00000, 0x0000000097d00000| Untracked 
| 382|0x0000000097e00000, 0x0000000097e00000, 0x0000000097f00000|  0%| F|  |TAMS 0x0000000097e00000, 0x0000000097e00000| Untracked 
| 383|0x0000000097f00000, 0x0000000097f00000, 0x0000000098000000|  0%| F|  |TAMS 0x0000000097f00000, 0x0000000097f00000| Untracked 
| 384|0x0000000098000000, 0x0000000098000000, 0x0000000098100000|  0%| F|  |TAMS 0x0000000098000000, 0x0000000098000000| Untracked 
| 385|0x0000000098100000, 0x0000000098100000, 0x0000000098200000|  0%| F|  |TAMS 0x0000000098100000, 0x0000000098100000| Untracked 
| 386|0x0000000098200000, 0x0000000098200000, 0x0000000098300000|  0%| F|  |TAMS 0x0000000098200000, 0x0000000098200000| Untracked 
| 387|0x0000000098300000, 0x0000000098300000, 0x0000000098400000|  0%| F|  |TAMS 0x0000000098300000, 0x0000000098300000| Untracked 
| 388|0x0000000098400000, 0x0000000098400000, 0x0000000098500000|  0%| F|  |TAMS 0x0000000098400000, 0x0000000098400000| Untracked 
| 389|0x0000000098500000, 0x0000000098500000, 0x0000000098600000|  0%| F|  |TAMS 0x0000000098500000, 0x0000000098500000| Untracked 
| 390|0x0000000098600000, 0x0000000098600000, 0x0000000098700000|  0%| F|  |TAMS 0x0000000098600000, 0x0000000098600000| Untracked 
| 391|0x0000000098700000, 0x0000000098700000, 0x0000000098800000|  0%| F|  |TAMS 0x0000000098700000, 0x0000000098700000| Untracked 
| 392|0x0000000098800000, 0x0000000098800000, 0x0000000098900000|  0%| F|  |TAMS 0x0000000098800000, 0x0000000098800000| Untracked 
| 393|0x0000000098900000, 0x0000000098900000, 0x0000000098a00000|  0%| F|  |TAMS 0x0000000098900000, 0x0000000098900000| Untracked 
| 394|0x0000000098a00000, 0x0000000098a00000, 0x0000000098b00000|  0%| F|  |TAMS 0x0000000098a00000, 0x0000000098a00000| Untracked 
| 395|0x0000000098b00000, 0x0000000098b00000, 0x0000000098c00000|  0%| F|  |TAMS 0x0000000098b00000, 0x0000000098b00000| Untracked 
| 396|0x0000000098c00000, 0x0000000098c00000, 0x0000000098d00000|  0%| F|  |TAMS 0x0000000098c00000, 0x0000000098c00000| Untracked 
| 397|0x0000000098d00000, 0x0000000098d00000, 0x0000000098e00000|  0%| F|  |TAMS 0x0000000098d00000, 0x0000000098d00000| Untracked 
| 398|0x0000000098e00000, 0x0000000098e00000, 0x0000000098f00000|  0%| F|  |TAMS 0x0000000098e00000, 0x0000000098e00000| Untracked 
| 399|0x0000000098f00000, 0x0000000098f00000, 0x0000000099000000|  0%| F|  |TAMS 0x0000000098f00000, 0x0000000098f00000| Untracked 
| 400|0x0000000099000000, 0x0000000099000000, 0x0000000099100000|  0%| F|  |TAMS 0x0000000099000000, 0x0000000099000000| Untracked 
| 401|0x0000000099100000, 0x0000000099100000, 0x0000000099200000|  0%| F|  |TAMS 0x0000000099100000, 0x0000000099100000| Untracked 
| 402|0x0000000099200000, 0x0000000099200000, 0x0000000099300000|  0%| F|  |TAMS 0x0000000099200000, 0x0000000099200000| Untracked 
| 403|0x0000000099300000, 0x0000000099300000, 0x0000000099400000|  0%| F|  |TAMS 0x0000000099300000, 0x0000000099300000| Untracked 
| 404|0x0000000099400000, 0x0000000099400000, 0x0000000099500000|  0%| F|  |TAMS 0x0000000099400000, 0x0000000099400000| Untracked 
| 405|0x0000000099500000, 0x0000000099500000, 0x0000000099600000|  0%| F|  |TAMS 0x0000000099500000, 0x0000000099500000| Untracked 
| 406|0x0000000099600000, 0x0000000099600000, 0x0000000099700000|  0%| F|  |TAMS 0x0000000099600000, 0x0000000099600000| Untracked 
| 407|0x0000000099700000, 0x0000000099700000, 0x0000000099800000|  0%| F|  |TAMS 0x0000000099700000, 0x0000000099700000| Untracked 
| 408|0x0000000099800000, 0x0000000099800000, 0x0000000099900000|  0%| F|  |TAMS 0x0000000099800000, 0x0000000099800000| Untracked 
| 409|0x0000000099900000, 0x0000000099900000, 0x0000000099a00000|  0%| F|  |TAMS 0x0000000099900000, 0x0000000099900000| Untracked 
| 410|0x0000000099a00000, 0x0000000099a00000, 0x0000000099b00000|  0%| F|  |TAMS 0x0000000099a00000, 0x0000000099a00000| Untracked 
| 411|0x0000000099b00000, 0x0000000099b00000, 0x0000000099c00000|  0%| F|  |TAMS 0x0000000099b00000, 0x0000000099b00000| Untracked 
| 412|0x0000000099c00000, 0x0000000099c00000, 0x0000000099d00000|  0%| F|  |TAMS 0x0000000099c00000, 0x0000000099c00000| Untracked 
| 413|0x0000000099d00000, 0x0000000099d00000, 0x0000000099e00000|  0%| F|  |TAMS 0x0000000099d00000, 0x0000000099d00000| Untracked 
| 414|0x0000000099e00000, 0x0000000099e00000, 0x0000000099f00000|  0%| F|  |TAMS 0x0000000099e00000, 0x0000000099e00000| Untracked 
| 415|0x0000000099f00000, 0x0000000099f00000, 0x000000009a000000|  0%| F|  |TAMS 0x0000000099f00000, 0x0000000099f00000| Untracked 
| 416|0x000000009a000000, 0x000000009a000000, 0x000000009a100000|  0%| F|  |TAMS 0x000000009a000000, 0x000000009a000000| Untracked 
| 417|0x000000009a100000, 0x000000009a100000, 0x000000009a200000|  0%| F|  |TAMS 0x000000009a100000, 0x000000009a100000| Untracked 
| 418|0x000000009a200000, 0x000000009a200000, 0x000000009a300000|  0%| F|  |TAMS 0x000000009a200000, 0x000000009a200000| Untracked 
| 419|0x000000009a300000, 0x000000009a300000, 0x000000009a400000|  0%| F|  |TAMS 0x000000009a300000, 0x000000009a300000| Untracked 
| 420|0x000000009a400000, 0x000000009a400000, 0x000000009a500000|  0%| F|  |TAMS 0x000000009a400000, 0x000000009a400000| Untracked 
| 421|0x000000009a500000, 0x000000009a500000, 0x000000009a600000|  0%| F|  |TAMS 0x000000009a500000, 0x000000009a500000| Untracked 
| 422|0x000000009a600000, 0x000000009a600000, 0x000000009a700000|  0%| F|  |TAMS 0x000000009a600000, 0x000000009a600000| Untracked 
| 423|0x000000009a700000, 0x000000009a700000, 0x000000009a800000|  0%| F|  |TAMS 0x000000009a700000, 0x000000009a700000| Untracked 
| 424|0x000000009a800000, 0x000000009a800000, 0x000000009a900000|  0%| F|  |TAMS 0x000000009a800000, 0x000000009a800000| Untracked 
| 425|0x000000009a900000, 0x000000009a900000, 0x000000009aa00000|  0%| F|  |TAMS 0x000000009a900000, 0x000000009a900000| Untracked 
| 426|0x000000009aa00000, 0x000000009aa00000, 0x000000009ab00000|  0%| F|  |TAMS 0x000000009aa00000, 0x000000009aa00000| Untracked 
| 427|0x000000009ab00000, 0x000000009ab00000, 0x000000009ac00000|  0%| F|  |TAMS 0x000000009ab00000, 0x000000009ab00000| Untracked 
| 428|0x000000009ac00000, 0x000000009ac00000, 0x000000009ad00000|  0%| F|  |TAMS 0x000000009ac00000, 0x000000009ac00000| Untracked 
| 429|0x000000009ad00000, 0x000000009ad00000, 0x000000009ae00000|  0%| F|  |TAMS 0x000000009ad00000, 0x000000009ad00000| Untracked 
| 430|0x000000009ae00000, 0x000000009ae00000, 0x000000009af00000|  0%| F|  |TAMS 0x000000009ae00000, 0x000000009ae00000| Untracked 
| 431|0x000000009af00000, 0x000000009af00000, 0x000000009b000000|  0%| F|  |TAMS 0x000000009af00000, 0x000000009af00000| Untracked 
| 432|0x000000009b000000, 0x000000009b000000, 0x000000009b100000|  0%| F|  |TAMS 0x000000009b000000, 0x000000009b000000| Untracked 
| 433|0x000000009b100000, 0x000000009b100000, 0x000000009b200000|  0%| F|  |TAMS 0x000000009b100000, 0x000000009b100000| Untracked 
| 434|0x000000009b200000, 0x000000009b200000, 0x000000009b300000|  0%| F|  |TAMS 0x000000009b200000, 0x000000009b200000| Untracked 
| 435|0x000000009b300000, 0x000000009b300000, 0x000000009b400000|  0%| F|  |TAMS 0x000000009b300000, 0x000000009b300000| Untracked 
| 436|0x000000009b400000, 0x000000009b400000, 0x000000009b500000|  0%| F|  |TAMS 0x000000009b400000, 0x000000009b400000| Untracked 
| 437|0x000000009b500000, 0x000000009b500000, 0x000000009b600000|  0%| F|  |TAMS 0x000000009b500000, 0x000000009b500000| Untracked 
| 438|0x000000009b600000, 0x000000009b600000, 0x000000009b700000|  0%| F|  |TAMS 0x000000009b600000, 0x000000009b600000| Untracked 
| 439|0x000000009b700000, 0x000000009b700000, 0x000000009b800000|  0%| F|  |TAMS 0x000000009b700000, 0x000000009b700000| Untracked 
| 440|0x000000009b800000, 0x000000009b800000, 0x000000009b900000|  0%| F|  |TAMS 0x000000009b800000, 0x000000009b800000| Untracked 
| 441|0x000000009b900000, 0x000000009b900000, 0x000000009ba00000|  0%| F|  |TAMS 0x000000009b900000, 0x000000009b900000| Untracked 
| 442|0x000000009ba00000, 0x000000009ba00000, 0x000000009bb00000|  0%| F|  |TAMS 0x000000009ba00000, 0x000000009ba00000| Untracked 
| 443|0x000000009bb00000, 0x000000009bb00000, 0x000000009bc00000|  0%| F|  |TAMS 0x000000009bb00000, 0x000000009bb00000| Untracked 
| 444|0x000000009bc00000, 0x000000009bc00000, 0x000000009bd00000|  0%| F|  |TAMS 0x000000009bc00000, 0x000000009bc00000| Untracked 
| 445|0x000000009bd00000, 0x000000009bd00000, 0x000000009be00000|  0%| F|  |TAMS 0x000000009bd00000, 0x000000009bd00000| Untracked 
| 446|0x000000009be00000, 0x000000009be00000, 0x000000009bf00000|  0%| F|  |TAMS 0x000000009be00000, 0x000000009be00000| Untracked 
| 447|0x000000009bf00000, 0x000000009bf00000, 0x000000009c000000|  0%| F|  |TAMS 0x000000009bf00000, 0x000000009bf00000| Untracked 
| 448|0x000000009c000000, 0x000000009c000000, 0x000000009c100000|  0%| F|  |TAMS 0x000000009c000000, 0x000000009c000000| Untracked 
| 449|0x000000009c100000, 0x000000009c100000, 0x000000009c200000|  0%| F|  |TAMS 0x000000009c100000, 0x000000009c100000| Untracked 
| 450|0x000000009c200000, 0x000000009c200000, 0x000000009c300000|  0%| F|  |TAMS 0x000000009c200000, 0x000000009c200000| Untracked 
| 451|0x000000009c300000, 0x000000009c300000, 0x000000009c400000|  0%| F|  |TAMS 0x000000009c300000, 0x000000009c300000| Untracked 
| 452|0x000000009c400000, 0x000000009c400000, 0x000000009c500000|  0%| F|  |TAMS 0x000000009c400000, 0x000000009c400000| Untracked 
| 453|0x000000009c500000, 0x000000009c500000, 0x000000009c600000|  0%| F|  |TAMS 0x000000009c500000, 0x000000009c500000| Untracked 
| 454|0x000000009c600000, 0x000000009c600000, 0x000000009c700000|  0%| F|  |TAMS 0x000000009c600000, 0x000000009c600000| Untracked 
| 455|0x000000009c700000, 0x000000009c700000, 0x000000009c800000|  0%| F|  |TAMS 0x000000009c700000, 0x000000009c700000| Untracked 
| 456|0x000000009c800000, 0x000000009c800000, 0x000000009c900000|  0%| F|  |TAMS 0x000000009c800000, 0x000000009c800000| Untracked 
| 457|0x000000009c900000, 0x000000009c900000, 0x000000009ca00000|  0%| F|  |TAMS 0x000000009c900000, 0x000000009c900000| Untracked 
| 458|0x000000009ca00000, 0x000000009ca00000, 0x000000009cb00000|  0%| F|  |TAMS 0x000000009ca00000, 0x000000009ca00000| Untracked 
| 459|0x000000009cb00000, 0x000000009cb00000, 0x000000009cc00000|  0%| F|  |TAMS 0x000000009cb00000, 0x000000009cb00000| Untracked 
| 460|0x000000009cc00000, 0x000000009cc00000, 0x000000009cd00000|  0%| F|  |TAMS 0x000000009cc00000, 0x000000009cc00000| Untracked 
| 461|0x000000009cd00000, 0x000000009cd00000, 0x000000009ce00000|  0%| F|  |TAMS 0x000000009cd00000, 0x000000009cd00000| Untracked 
| 462|0x000000009ce00000, 0x000000009ce00000, 0x000000009cf00000|  0%| F|  |TAMS 0x000000009ce00000, 0x000000009ce00000| Untracked 
| 463|0x000000009cf00000, 0x000000009cf00000, 0x000000009d000000|  0%| F|  |TAMS 0x000000009cf00000, 0x000000009cf00000| Untracked 
| 464|0x000000009d000000, 0x000000009d000000, 0x000000009d100000|  0%| F|  |TAMS 0x000000009d000000, 0x000000009d000000| Untracked 
| 465|0x000000009d100000, 0x000000009d100000, 0x000000009d200000|  0%| F|  |TAMS 0x000000009d100000, 0x000000009d100000| Untracked 
| 466|0x000000009d200000, 0x000000009d200000, 0x000000009d300000|  0%| F|  |TAMS 0x000000009d200000, 0x000000009d200000| Untracked 
| 467|0x000000009d300000, 0x000000009d300000, 0x000000009d400000|  0%| F|  |TAMS 0x000000009d300000, 0x000000009d300000| Untracked 
| 468|0x000000009d400000, 0x000000009d400000, 0x000000009d500000|  0%| F|  |TAMS 0x000000009d400000, 0x000000009d400000| Untracked 
| 469|0x000000009d500000, 0x000000009d500000, 0x000000009d600000|  0%| F|  |TAMS 0x000000009d500000, 0x000000009d500000| Untracked 
| 470|0x000000009d600000, 0x000000009d600000, 0x000000009d700000|  0%| F|  |TAMS 0x000000009d600000, 0x000000009d600000| Untracked 
| 471|0x000000009d700000, 0x000000009d700000, 0x000000009d800000|  0%| F|  |TAMS 0x000000009d700000, 0x000000009d700000| Untracked 
| 472|0x000000009d800000, 0x000000009d800000, 0x000000009d900000|  0%| F|  |TAMS 0x000000009d800000, 0x000000009d800000| Untracked 
| 473|0x000000009d900000, 0x000000009d900000, 0x000000009da00000|  0%| F|  |TAMS 0x000000009d900000, 0x000000009d900000| Untracked 
| 474|0x000000009da00000, 0x000000009da00000, 0x000000009db00000|  0%| F|  |TAMS 0x000000009da00000, 0x000000009da00000| Untracked 
| 475|0x000000009db00000, 0x000000009db00000, 0x000000009dc00000|  0%| F|  |TAMS 0x000000009db00000, 0x000000009db00000| Untracked 
| 476|0x000000009dc00000, 0x000000009dc00000, 0x000000009dd00000|  0%| F|  |TAMS 0x000000009dc00000, 0x000000009dc00000| Untracked 
| 477|0x000000009dd00000, 0x000000009dd00000, 0x000000009de00000|  0%| F|  |TAMS 0x000000009dd00000, 0x000000009dd00000| Untracked 
| 478|0x000000009de00000, 0x000000009de00000, 0x000000009df00000|  0%| F|  |TAMS 0x000000009de00000, 0x000000009de00000| Untracked 
| 479|0x000000009df00000, 0x000000009df00000, 0x000000009e000000|  0%| F|  |TAMS 0x000000009df00000, 0x000000009df00000| Untracked 
| 480|0x000000009e000000, 0x000000009e000000, 0x000000009e100000|  0%| F|  |TAMS 0x000000009e000000, 0x000000009e000000| Untracked 
| 481|0x000000009e100000, 0x000000009e100000, 0x000000009e200000|  0%| F|  |TAMS 0x000000009e100000, 0x000000009e100000| Untracked 
| 482|0x000000009e200000, 0x000000009e200000, 0x000000009e300000|  0%| F|  |TAMS 0x000000009e200000, 0x000000009e200000| Untracked 
| 483|0x000000009e300000, 0x000000009e300000, 0x000000009e400000|  0%| F|  |TAMS 0x000000009e300000, 0x000000009e300000| Untracked 
| 484|0x000000009e400000, 0x000000009e400000, 0x000000009e500000|  0%| F|  |TAMS 0x000000009e400000, 0x000000009e400000| Untracked 
| 485|0x000000009e500000, 0x000000009e500000, 0x000000009e600000|  0%| F|  |TAMS 0x000000009e500000, 0x000000009e500000| Untracked 
| 486|0x000000009e600000, 0x000000009e600000, 0x000000009e700000|  0%| F|  |TAMS 0x000000009e600000, 0x000000009e600000| Untracked 
| 487|0x000000009e700000, 0x000000009e700000, 0x000000009e800000|  0%| F|  |TAMS 0x000000009e700000, 0x000000009e700000| Untracked 
| 488|0x000000009e800000, 0x000000009e800000, 0x000000009e900000|  0%| F|  |TAMS 0x000000009e800000, 0x000000009e800000| Untracked 
| 489|0x000000009e900000, 0x000000009e900000, 0x000000009ea00000|  0%| F|  |TAMS 0x000000009e900000, 0x000000009e900000| Untracked 
| 490|0x000000009ea00000, 0x000000009ea00000, 0x000000009eb00000|  0%| F|  |TAMS 0x000000009ea00000, 0x000000009ea00000| Untracked 
| 491|0x000000009eb00000, 0x000000009eb00000, 0x000000009ec00000|  0%| F|  |TAMS 0x000000009eb00000, 0x000000009eb00000| Untracked 
| 492|0x000000009ec00000, 0x000000009ec00000, 0x000000009ed00000|  0%| F|  |TAMS 0x000000009ec00000, 0x000000009ec00000| Untracked 
| 493|0x000000009ed00000, 0x000000009ed00000, 0x000000009ee00000|  0%| F|  |TAMS 0x000000009ed00000, 0x000000009ed00000| Untracked 
| 494|0x000000009ee00000, 0x000000009ee00000, 0x000000009ef00000|  0%| F|  |TAMS 0x000000009ee00000, 0x000000009ee00000| Untracked 
| 495|0x000000009ef00000, 0x000000009ef00000, 0x000000009f000000|  0%| F|  |TAMS 0x000000009ef00000, 0x000000009ef00000| Untracked 
| 496|0x000000009f000000, 0x000000009f000000, 0x000000009f100000|  0%| F|  |TAMS 0x000000009f000000, 0x000000009f000000| Untracked 
| 497|0x000000009f100000, 0x000000009f100000, 0x000000009f200000|  0%| F|  |TAMS 0x000000009f100000, 0x000000009f100000| Untracked 
| 498|0x000000009f200000, 0x000000009f200000, 0x000000009f300000|  0%| F|  |TAMS 0x000000009f200000, 0x000000009f200000| Untracked 
| 499|0x000000009f300000, 0x000000009f300000, 0x000000009f400000|  0%| F|  |TAMS 0x000000009f300000, 0x000000009f300000| Untracked 
| 500|0x000000009f400000, 0x000000009f400000, 0x000000009f500000|  0%| F|  |TAMS 0x000000009f400000, 0x000000009f400000| Untracked 
| 501|0x000000009f500000, 0x000000009f500000, 0x000000009f600000|  0%| F|  |TAMS 0x000000009f500000, 0x000000009f500000| Untracked 
| 502|0x000000009f600000, 0x000000009f600000, 0x000000009f700000|  0%| F|  |TAMS 0x000000009f600000, 0x000000009f600000| Untracked 
| 503|0x000000009f700000, 0x000000009f700000, 0x000000009f800000|  0%| F|  |TAMS 0x000000009f700000, 0x000000009f700000| Untracked 
| 504|0x000000009f800000, 0x000000009f800000, 0x000000009f900000|  0%| F|  |TAMS 0x000000009f800000, 0x000000009f800000| Untracked 
| 505|0x000000009f900000, 0x000000009f900000, 0x000000009fa00000|  0%| F|  |TAMS 0x000000009f900000, 0x000000009f900000| Untracked 
| 506|0x000000009fa00000, 0x000000009fa00000, 0x000000009fb00000|  0%| F|  |TAMS 0x000000009fa00000, 0x000000009fa00000| Untracked 
| 507|0x000000009fb00000, 0x000000009fb00000, 0x000000009fc00000|  0%| F|  |TAMS 0x000000009fb00000, 0x000000009fb00000| Untracked 
| 508|0x000000009fc00000, 0x000000009fc00000, 0x000000009fd00000|  0%| F|  |TAMS 0x000000009fc00000, 0x000000009fc00000| Untracked 
| 509|0x000000009fd00000, 0x000000009fd00000, 0x000000009fe00000|  0%| F|  |TAMS 0x000000009fd00000, 0x000000009fd00000| Untracked 
| 510|0x000000009fe00000, 0x000000009fe00000, 0x000000009ff00000|  0%| F|  |TAMS 0x000000009fe00000, 0x000000009fe00000| Untracked 
| 511|0x000000009ff00000, 0x000000009ff00000, 0x00000000a0000000|  0%| F|  |TAMS 0x000000009ff00000, 0x000000009ff00000| Untracked 
| 512|0x00000000a0000000, 0x00000000a0000000, 0x00000000a0100000|  0%| F|  |TAMS 0x00000000a0000000, 0x00000000a0000000| Untracked 
| 513|0x00000000a0100000, 0x00000000a0100000, 0x00000000a0200000|  0%| F|  |TAMS 0x00000000a0100000, 0x00000000a0100000| Untracked 
| 514|0x00000000a0200000, 0x00000000a0200000, 0x00000000a0300000|  0%| F|  |TAMS 0x00000000a0200000, 0x00000000a0200000| Untracked 
| 515|0x00000000a0300000, 0x00000000a0300000, 0x00000000a0400000|  0%| F|  |TAMS 0x00000000a0300000, 0x00000000a0300000| Untracked 
| 516|0x00000000a0400000, 0x00000000a0400000, 0x00000000a0500000|  0%| F|  |TAMS 0x00000000a0400000, 0x00000000a0400000| Untracked 
| 517|0x00000000a0500000, 0x00000000a0500000, 0x00000000a0600000|  0%| F|  |TAMS 0x00000000a0500000, 0x00000000a0500000| Untracked 
| 518|0x00000000a0600000, 0x00000000a0600000, 0x00000000a0700000|  0%| F|  |TAMS 0x00000000a0600000, 0x00000000a0600000| Untracked 
| 519|0x00000000a0700000, 0x00000000a0700000, 0x00000000a0800000|  0%| F|  |TAMS 0x00000000a0700000, 0x00000000a0700000| Untracked 
| 520|0x00000000a0800000, 0x00000000a0800000, 0x00000000a0900000|  0%| F|  |TAMS 0x00000000a0800000, 0x00000000a0800000| Untracked 
| 521|0x00000000a0900000, 0x00000000a0900000, 0x00000000a0a00000|  0%| F|  |TAMS 0x00000000a0900000, 0x00000000a0900000| Untracked 
| 522|0x00000000a0a00000, 0x00000000a0a00000, 0x00000000a0b00000|  0%| F|  |TAMS 0x00000000a0a00000, 0x00000000a0a00000| Untracked 
| 523|0x00000000a0b00000, 0x00000000a0b00000, 0x00000000a0c00000|  0%| F|  |TAMS 0x00000000a0b00000, 0x00000000a0b00000| Untracked 
| 524|0x00000000a0c00000, 0x00000000a0c00000, 0x00000000a0d00000|  0%| F|  |TAMS 0x00000000a0c00000, 0x00000000a0c00000| Untracked 
| 525|0x00000000a0d00000, 0x00000000a0d00000, 0x00000000a0e00000|  0%| F|  |TAMS 0x00000000a0d00000, 0x00000000a0d00000| Untracked 
| 526|0x00000000a0e00000, 0x00000000a0e00000, 0x00000000a0f00000|  0%| F|  |TAMS 0x00000000a0e00000, 0x00000000a0e00000| Untracked 
| 527|0x00000000a0f00000, 0x00000000a0f00000, 0x00000000a1000000|  0%| F|  |TAMS 0x00000000a0f00000, 0x00000000a0f00000| Untracked 
| 528|0x00000000a1000000, 0x00000000a1000000, 0x00000000a1100000|  0%| F|  |TAMS 0x00000000a1000000, 0x00000000a1000000| Untracked 
| 529|0x00000000a1100000, 0x00000000a1100000, 0x00000000a1200000|  0%| F|  |TAMS 0x00000000a1100000, 0x00000000a1100000| Untracked 
| 530|0x00000000a1200000, 0x00000000a1200000, 0x00000000a1300000|  0%| F|  |TAMS 0x00000000a1200000, 0x00000000a1200000| Untracked 
| 531|0x00000000a1300000, 0x00000000a1300000, 0x00000000a1400000|  0%| F|  |TAMS 0x00000000a1300000, 0x00000000a1300000| Untracked 
| 532|0x00000000a1400000, 0x00000000a1400000, 0x00000000a1500000|  0%| F|  |TAMS 0x00000000a1400000, 0x00000000a1400000| Untracked 
| 533|0x00000000a1500000, 0x00000000a1500000, 0x00000000a1600000|  0%| F|  |TAMS 0x00000000a1500000, 0x00000000a1500000| Untracked 
| 534|0x00000000a1600000, 0x00000000a1600000, 0x00000000a1700000|  0%| F|  |TAMS 0x00000000a1600000, 0x00000000a1600000| Untracked 
| 535|0x00000000a1700000, 0x00000000a1700000, 0x00000000a1800000|  0%| F|  |TAMS 0x00000000a1700000, 0x00000000a1700000| Untracked 
| 536|0x00000000a1800000, 0x00000000a1800000, 0x00000000a1900000|  0%| F|  |TAMS 0x00000000a1800000, 0x00000000a1800000| Untracked 
| 537|0x00000000a1900000, 0x00000000a1900000, 0x00000000a1a00000|  0%| F|  |TAMS 0x00000000a1900000, 0x00000000a1900000| Untracked 
| 538|0x00000000a1a00000, 0x00000000a1a00000, 0x00000000a1b00000|  0%| F|  |TAMS 0x00000000a1a00000, 0x00000000a1a00000| Untracked 
| 539|0x00000000a1b00000, 0x00000000a1b00000, 0x00000000a1c00000|  0%| F|  |TAMS 0x00000000a1b00000, 0x00000000a1b00000| Untracked 
| 540|0x00000000a1c00000, 0x00000000a1c00000, 0x00000000a1d00000|  0%| F|  |TAMS 0x00000000a1c00000, 0x00000000a1c00000| Untracked 
| 541|0x00000000a1d00000, 0x00000000a1d00000, 0x00000000a1e00000|  0%| F|  |TAMS 0x00000000a1d00000, 0x00000000a1d00000| Untracked 
| 542|0x00000000a1e00000, 0x00000000a1e00000, 0x00000000a1f00000|  0%| F|  |TAMS 0x00000000a1e00000, 0x00000000a1e00000| Untracked 
| 543|0x00000000a1f00000, 0x00000000a1f00000, 0x00000000a2000000|  0%| F|  |TAMS 0x00000000a1f00000, 0x00000000a1f00000| Untracked 
| 544|0x00000000a2000000, 0x00000000a2000000, 0x00000000a2100000|  0%| F|  |TAMS 0x00000000a2000000, 0x00000000a2000000| Untracked 
| 545|0x00000000a2100000, 0x00000000a2100000, 0x00000000a2200000|  0%| F|  |TAMS 0x00000000a2100000, 0x00000000a2100000| Untracked 
| 546|0x00000000a2200000, 0x00000000a2200000, 0x00000000a2300000|  0%| F|  |TAMS 0x00000000a2200000, 0x00000000a2200000| Untracked 
| 547|0x00000000a2300000, 0x00000000a2300000, 0x00000000a2400000|  0%| F|  |TAMS 0x00000000a2300000, 0x00000000a2300000| Untracked 
| 548|0x00000000a2400000, 0x00000000a2400000, 0x00000000a2500000|  0%| F|  |TAMS 0x00000000a2400000, 0x00000000a2400000| Untracked 
| 549|0x00000000a2500000, 0x00000000a2500000, 0x00000000a2600000|  0%| F|  |TAMS 0x00000000a2500000, 0x00000000a2500000| Untracked 
| 550|0x00000000a2600000, 0x00000000a2600000, 0x00000000a2700000|  0%| F|  |TAMS 0x00000000a2600000, 0x00000000a2600000| Untracked 
| 551|0x00000000a2700000, 0x00000000a2700000, 0x00000000a2800000|  0%| F|  |TAMS 0x00000000a2700000, 0x00000000a2700000| Untracked 
| 552|0x00000000a2800000, 0x00000000a2800000, 0x00000000a2900000|  0%| F|  |TAMS 0x00000000a2800000, 0x00000000a2800000| Untracked 
| 553|0x00000000a2900000, 0x00000000a2900000, 0x00000000a2a00000|  0%| F|  |TAMS 0x00000000a2900000, 0x00000000a2900000| Untracked 
| 554|0x00000000a2a00000, 0x00000000a2a00000, 0x00000000a2b00000|  0%| F|  |TAMS 0x00000000a2a00000, 0x00000000a2a00000| Untracked 
| 555|0x00000000a2b00000, 0x00000000a2b00000, 0x00000000a2c00000|  0%| F|  |TAMS 0x00000000a2b00000, 0x00000000a2b00000| Untracked 
| 556|0x00000000a2c00000, 0x00000000a2c00000, 0x00000000a2d00000|  0%| F|  |TAMS 0x00000000a2c00000, 0x00000000a2c00000| Untracked 
| 557|0x00000000a2d00000, 0x00000000a2d00000, 0x00000000a2e00000|  0%| F|  |TAMS 0x00000000a2d00000, 0x00000000a2d00000| Untracked 
| 558|0x00000000a2e00000, 0x00000000a2e00000, 0x00000000a2f00000|  0%| F|  |TAMS 0x00000000a2e00000, 0x00000000a2e00000| Untracked 
| 559|0x00000000a2f00000, 0x00000000a2f00000, 0x00000000a3000000|  0%| F|  |TAMS 0x00000000a2f00000, 0x00000000a2f00000| Untracked 
| 560|0x00000000a3000000, 0x00000000a3000000, 0x00000000a3100000|  0%| F|  |TAMS 0x00000000a3000000, 0x00000000a3000000| Untracked 
| 561|0x00000000a3100000, 0x00000000a3100000, 0x00000000a3200000|  0%| F|  |TAMS 0x00000000a3100000, 0x00000000a3100000| Untracked 
| 562|0x00000000a3200000, 0x00000000a3200000, 0x00000000a3300000|  0%| F|  |TAMS 0x00000000a3200000, 0x00000000a3200000| Untracked 
| 563|0x00000000a3300000, 0x00000000a3300000, 0x00000000a3400000|  0%| F|  |TAMS 0x00000000a3300000, 0x00000000a3300000| Untracked 
| 564|0x00000000a3400000, 0x00000000a3400000, 0x00000000a3500000|  0%| F|  |TAMS 0x00000000a3400000, 0x00000000a3400000| Untracked 
| 565|0x00000000a3500000, 0x00000000a3500000, 0x00000000a3600000|  0%| F|  |TAMS 0x00000000a3500000, 0x00000000a3500000| Untracked 
| 566|0x00000000a3600000, 0x00000000a3600000, 0x00000000a3700000|  0%| F|  |TAMS 0x00000000a3600000, 0x00000000a3600000| Untracked 
| 567|0x00000000a3700000, 0x00000000a3700000, 0x00000000a3800000|  0%| F|  |TAMS 0x00000000a3700000, 0x00000000a3700000| Untracked 
| 568|0x00000000a3800000, 0x00000000a3800000, 0x00000000a3900000|  0%| F|  |TAMS 0x00000000a3800000, 0x00000000a3800000| Untracked 
| 569|0x00000000a3900000, 0x00000000a3900000, 0x00000000a3a00000|  0%| F|  |TAMS 0x00000000a3900000, 0x00000000a3900000| Untracked 
| 570|0x00000000a3a00000, 0x00000000a3a00000, 0x00000000a3b00000|  0%| F|  |TAMS 0x00000000a3a00000, 0x00000000a3a00000| Untracked 
| 571|0x00000000a3b00000, 0x00000000a3b00000, 0x00000000a3c00000|  0%| F|  |TAMS 0x00000000a3b00000, 0x00000000a3b00000| Untracked 
| 572|0x00000000a3c00000, 0x00000000a3c00000, 0x00000000a3d00000|  0%| F|  |TAMS 0x00000000a3c00000, 0x00000000a3c00000| Untracked 
| 573|0x00000000a3d00000, 0x00000000a3d00000, 0x00000000a3e00000|  0%| F|  |TAMS 0x00000000a3d00000, 0x00000000a3d00000| Untracked 
| 574|0x00000000a3e00000, 0x00000000a3e00000, 0x00000000a3f00000|  0%| F|  |TAMS 0x00000000a3e00000, 0x00000000a3e00000| Untracked 
| 575|0x00000000a3f00000, 0x00000000a3f00000, 0x00000000a4000000|  0%| F|  |TAMS 0x00000000a3f00000, 0x00000000a3f00000| Untracked 
| 576|0x00000000a4000000, 0x00000000a4000000, 0x00000000a4100000|  0%| F|  |TAMS 0x00000000a4000000, 0x00000000a4000000| Untracked 
| 577|0x00000000a4100000, 0x00000000a4100000, 0x00000000a4200000|  0%| F|  |TAMS 0x00000000a4100000, 0x00000000a4100000| Untracked 
| 578|0x00000000a4200000, 0x00000000a4200000, 0x00000000a4300000|  0%| F|  |TAMS 0x00000000a4200000, 0x00000000a4200000| Untracked 
| 579|0x00000000a4300000, 0x00000000a4300000, 0x00000000a4400000|  0%| F|  |TAMS 0x00000000a4300000, 0x00000000a4300000| Untracked 
| 580|0x00000000a4400000, 0x00000000a4400000, 0x00000000a4500000|  0%| F|  |TAMS 0x00000000a4400000, 0x00000000a4400000| Untracked 
| 581|0x00000000a4500000, 0x00000000a4500000, 0x00000000a4600000|  0%| F|  |TAMS 0x00000000a4500000, 0x00000000a4500000| Untracked 
| 582|0x00000000a4600000, 0x00000000a4600000, 0x00000000a4700000|  0%| F|  |TAMS 0x00000000a4600000, 0x00000000a4600000| Untracked 
| 583|0x00000000a4700000, 0x00000000a4700000, 0x00000000a4800000|  0%| F|  |TAMS 0x00000000a4700000, 0x00000000a4700000| Untracked 
| 584|0x00000000a4800000, 0x00000000a4800000, 0x00000000a4900000|  0%| F|  |TAMS 0x00000000a4800000, 0x00000000a4800000| Untracked 
| 585|0x00000000a4900000, 0x00000000a4900000, 0x00000000a4a00000|  0%| F|  |TAMS 0x00000000a4900000, 0x00000000a4900000| Untracked 
| 586|0x00000000a4a00000, 0x00000000a4a00000, 0x00000000a4b00000|  0%| F|  |TAMS 0x00000000a4a00000, 0x00000000a4a00000| Untracked 
| 587|0x00000000a4b00000, 0x00000000a4b00000, 0x00000000a4c00000|  0%| F|  |TAMS 0x00000000a4b00000, 0x00000000a4b00000| Untracked 
| 588|0x00000000a4c00000, 0x00000000a4c00000, 0x00000000a4d00000|  0%| F|  |TAMS 0x00000000a4c00000, 0x00000000a4c00000| Untracked 
| 589|0x00000000a4d00000, 0x00000000a4d00000, 0x00000000a4e00000|  0%| F|  |TAMS 0x00000000a4d00000, 0x00000000a4d00000| Untracked 
| 590|0x00000000a4e00000, 0x00000000a4e00000, 0x00000000a4f00000|  0%| F|  |TAMS 0x00000000a4e00000, 0x00000000a4e00000| Untracked 
| 591|0x00000000a4f00000, 0x00000000a4f00000, 0x00000000a5000000|  0%| F|  |TAMS 0x00000000a4f00000, 0x00000000a4f00000| Untracked 
| 592|0x00000000a5000000, 0x00000000a5000000, 0x00000000a5100000|  0%| F|  |TAMS 0x00000000a5000000, 0x00000000a5000000| Untracked 
| 593|0x00000000a5100000, 0x00000000a5100000, 0x00000000a5200000|  0%| F|  |TAMS 0x00000000a5100000, 0x00000000a5100000| Untracked 
| 594|0x00000000a5200000, 0x00000000a5200000, 0x00000000a5300000|  0%| F|  |TAMS 0x00000000a5200000, 0x00000000a5200000| Untracked 
| 595|0x00000000a5300000, 0x00000000a5300000, 0x00000000a5400000|  0%| F|  |TAMS 0x00000000a5300000, 0x00000000a5300000| Untracked 
| 596|0x00000000a5400000, 0x00000000a5400000, 0x00000000a5500000|  0%| F|  |TAMS 0x00000000a5400000, 0x00000000a5400000| Untracked 
| 597|0x00000000a5500000, 0x00000000a5500000, 0x00000000a5600000|  0%| F|  |TAMS 0x00000000a5500000, 0x00000000a5500000| Untracked 
| 598|0x00000000a5600000, 0x00000000a5600000, 0x00000000a5700000|  0%| F|  |TAMS 0x00000000a5600000, 0x00000000a5600000| Untracked 
| 599|0x00000000a5700000, 0x00000000a5700000, 0x00000000a5800000|  0%| F|  |TAMS 0x00000000a5700000, 0x00000000a5700000| Untracked 
| 600|0x00000000a5800000, 0x00000000a5800000, 0x00000000a5900000|  0%| F|  |TAMS 0x00000000a5800000, 0x00000000a5800000| Untracked 
| 601|0x00000000a5900000, 0x00000000a5900000, 0x00000000a5a00000|  0%| F|  |TAMS 0x00000000a5900000, 0x00000000a5900000| Untracked 
| 602|0x00000000a5a00000, 0x00000000a5a00000, 0x00000000a5b00000|  0%| F|  |TAMS 0x00000000a5a00000, 0x00000000a5a00000| Untracked 
| 603|0x00000000a5b00000, 0x00000000a5b00000, 0x00000000a5c00000|  0%| F|  |TAMS 0x00000000a5b00000, 0x00000000a5b00000| Untracked 
| 604|0x00000000a5c00000, 0x00000000a5c00000, 0x00000000a5d00000|  0%| F|  |TAMS 0x00000000a5c00000, 0x00000000a5c00000| Untracked 
| 605|0x00000000a5d00000, 0x00000000a5d00000, 0x00000000a5e00000|  0%| F|  |TAMS 0x00000000a5d00000, 0x00000000a5d00000| Untracked 
| 606|0x00000000a5e00000, 0x00000000a5e00000, 0x00000000a5f00000|  0%| F|  |TAMS 0x00000000a5e00000, 0x00000000a5e00000| Untracked 
| 607|0x00000000a5f00000, 0x00000000a5f00000, 0x00000000a6000000|  0%| F|  |TAMS 0x00000000a5f00000, 0x00000000a5f00000| Untracked 
| 608|0x00000000a6000000, 0x00000000a6000000, 0x00000000a6100000|  0%| F|  |TAMS 0x00000000a6000000, 0x00000000a6000000| Untracked 
| 609|0x00000000a6100000, 0x00000000a6100000, 0x00000000a6200000|  0%| F|  |TAMS 0x00000000a6100000, 0x00000000a6100000| Untracked 
| 610|0x00000000a6200000, 0x00000000a6200000, 0x00000000a6300000|  0%| F|  |TAMS 0x00000000a6200000, 0x00000000a6200000| Untracked 
| 611|0x00000000a6300000, 0x00000000a6300000, 0x00000000a6400000|  0%| F|  |TAMS 0x00000000a6300000, 0x00000000a6300000| Untracked 
| 612|0x00000000a6400000, 0x00000000a6400000, 0x00000000a6500000|  0%| F|  |TAMS 0x00000000a6400000, 0x00000000a6400000| Untracked 
| 613|0x00000000a6500000, 0x00000000a6500000, 0x00000000a6600000|  0%| F|  |TAMS 0x00000000a6500000, 0x00000000a6500000| Untracked 
| 614|0x00000000a6600000, 0x00000000a6600000, 0x00000000a6700000|  0%| F|  |TAMS 0x00000000a6600000, 0x00000000a6600000| Untracked 
| 615|0x00000000a6700000, 0x00000000a6700000, 0x00000000a6800000|  0%| F|  |TAMS 0x00000000a6700000, 0x00000000a6700000| Untracked 
| 616|0x00000000a6800000, 0x00000000a6800000, 0x00000000a6900000|  0%| F|  |TAMS 0x00000000a6800000, 0x00000000a6800000| Untracked 
| 617|0x00000000a6900000, 0x00000000a6900000, 0x00000000a6a00000|  0%| F|  |TAMS 0x00000000a6900000, 0x00000000a6900000| Untracked 
| 618|0x00000000a6a00000, 0x00000000a6a00000, 0x00000000a6b00000|  0%| F|  |TAMS 0x00000000a6a00000, 0x00000000a6a00000| Untracked 
|2046|0x00000000ffe00000, 0x00000000ffe75000, 0x00000000fff00000| 45%|OA|  |TAMS 0x00000000ffe75000, 0x00000000ffe00000| Untracked 
|2047|0x00000000fff00000, 0x00000000fff78000, 0x0000000100000000| 46%|CA|  |TAMS 0x00000000fff78000, 0x00000000fff00000| Untracked 

Card table byte_map: [0x00007f4d395f2000,0x00007f4d399f2000] _byte_map_base: 0x00007f4d391f2000

Marking Bits (Prev, Next): (CMBitMap*) 0x00007f4d340760c0, (CMBitMap*) 0x00007f4d34076080
 Prev Bits: [0x00007f4d19511000, 0x00007f4d1b511000)
 Next Bits: [0x00007f4d1b511000, 0x00007f4d1d511000)

Polling page: 0x00007f4d3bbb5000

Metaspace:

Usage:
  Non-class:     91.58 MB used.
      Class:     14.82 MB used.
       Both:    106.40 MB used.

Virtual space:
  Non-class space:      128.00 MB reserved,      92.00 MB ( 72%) committed,  2 nodes.
      Class space:        1.00 GB reserved,      15.25 MB (  1%) committed,  1 nodes.
             Both:        1.12 GB reserved,     107.25 MB (  9%) committed. 

Chunk freelists:
   Non-Class:  3.80 MB
       Class:  752.00 KB
        Both:  4.53 MB

MaxMetaspaceSize: unlimited
CompressedClassSpaceSize: 1.00 GB
Initial GC threshold: 21.00 MB
Current GC threshold: 178.38 MB
CDS: on
MetaspaceReclaimPolicy: balanced
 - commit_granule_bytes: 65536.
 - commit_granule_words: 8192.
 - virtual_space_node_default_size: 8388608.
 - enlarge_chunks_in_place: 1.
 - new_chunks_are_fully_committed: 0.
 - uncommit_free_chunks: 1.
 - use_allocation_guard: 0.
 - handle_deallocations: 1.


Internal statistics:

num_allocs_failed_limit: 14.
num_arena_births: 1260.
num_arena_deaths: 0.
num_vsnodes_births: 3.
num_vsnodes_deaths: 0.
num_space_committed: 1716.
num_space_uncommitted: 0.
num_chunks_returned_to_freelist: 14.
num_chunks_taken_from_freelist: 5855.
num_chunk_merges: 6.
num_chunk_splits: 3900.
num_chunks_enlarged: 2633.
num_inconsistent_stats: 0.

CodeHeap 'non-profiled nmethods': size=120036Kb used=7504Kb max_used=7797Kb free=112532Kb
 bounds [0x00007f4d24fd8000, 0x00007f4d25778000, 0x00007f4d2c511000]
CodeHeap 'profiled nmethods': size=120032Kb used=32820Kb max_used=33055Kb free=87211Kb
 bounds [0x00007f4d1d511000, 0x00007f4d1f561000, 0x00007f4d24a49000]
CodeHeap 'non-nmethods': size=5692Kb used=1760Kb max_used=1879Kb free=3931Kb
 bounds [0x00007f4d24a49000, 0x00007f4d24cb9000, 0x00007f4d24fd8000]
 total_blobs=15558 nmethods=14709 adapters=761
 compilation: enabled
              stopped_count=0, restarted_count=0
 full_count=0

Compilation events (20 events):
Event: 98.403 Thread 0x00007f4d340e4db0 19769       2       com.android.tools.r8.graph.B1::b (16 bytes)
Event: 98.404 Thread 0x00007f4d340e4db0 nmethod 19769 0x00007f4d1ef18e90 code [0x00007f4d1ef19080, 0x00007f4d1ef193c0]
Event: 98.404 Thread 0x00007f4d340e4db0 19770       2       com.android.tools.r8.graph.B1::a (65 bytes)
Event: 98.404 Thread 0x00007f4d340e4db0 nmethod 19770 0x00007f4d1ef17f10 code [0x00007f4d1ef18120, 0x00007f4d1ef18a30]
Event: 98.404 Thread 0x00007f4d340e4db0 19771       2       com.android.tools.r8.internal.W40::a (76 bytes)
Event: 98.405 Thread 0x00007f4d340e4db0 nmethod 19771 0x00007f4d1ef17490 code [0x00007f4d1ef176e0, 0x00007f4d1ef17bf0]
Event: 98.405 Thread 0x00007f4d340e4db0 19772       2       com.android.tools.r8.internal.kv::a (6 bytes)
Event: 98.405 Thread 0x00007f4d340e4db0 nmethod 19772 0x00007f4d1ebb9a10 code [0x00007f4d1ebb9bc0, 0x00007f4d1ebb9ce0]
Event: 98.416 Thread 0x00007f4d340e4db0 19774       3       com.android.tools.r8.internal.aw::a (6 bytes)
Event: 98.416 Thread 0x00007f4d340e4db0 nmethod 19774 0x00007f4d1ef17090 code [0x00007f4d1ef17240, 0x00007f4d1ef173b0]
Event: 98.480 Thread 0x00007f4d340e4db0 19776       2       com.android.tools.r8.internal.Lu::a (73 bytes)
Event: 98.480 Thread 0x00007f4d340e4db0 nmethod 19776 0x00007f4d1ef16790 code [0x00007f4d1ef16980, 0x00007f4d1ef16e40]
Event: 98.480 Thread 0x00007f4d340e4db0 19777       1       com.android.tools.r8.internal.y2::d (5 bytes)
Event: 98.480 Thread 0x00007f4d340e4db0 nmethod 19777 0x00007f4d255d5f90 code [0x00007f4d255d6120, 0x00007f4d255d61f0]
Event: 98.505 Thread 0x00007f4d340e4db0 19778       2       com.android.tools.r8.graph.m4::a (67 bytes)
Event: 98.506 Thread 0x00007f4d340e4db0 nmethod 19778 0x00007f4d1ef15a90 code [0x00007f4d1ef15ca0, 0x00007f4d1ef16330]
Event: 98.506 Thread 0x00007f4d340e4db0 19779       2       com.android.tools.r8.internal.Za::<init> (79 bytes)
Event: 98.506 Thread 0x00007f4d340e4db0 nmethod 19779 0x00007f4d1ef15590 code [0x00007f4d1ef15740, 0x00007f4d1ef159b0]
Event: 98.506 Thread 0x00007f4d340e4db0 19780       2       com.android.tools.r8.internal.k5::<init> (19 bytes)
Event: 98.506 Thread 0x00007f4d340e4db0 nmethod 19780 0x00007f4d1ef14f10 code [0x00007f4d1ef150e0, 0x00007f4d1ef153d0]

GC Heap History (20 events):
Event: 80.789 GC heap after
{Heap after GC invocations=73 (full 0):
 garbage-first heap   total 635904K, used 197676K [0x0000000080000000, 0x0000000100000000)
  region size 1024K, 4 young (4096K), 4 survivors (4096K)
 Metaspace       used 106517K, committed 107328K, reserved 1179648K
  class space    used 14842K, committed 15232K, reserved 1048576K
}
Event: 82.895 GC heap before
{Heap before GC invocations=73 (full 0):
 garbage-first heap   total 635904K, used 556076K [0x0000000080000000, 0x0000000100000000)
  region size 1024K, 354 young (362496K), 4 survivors (4096K)
 Metaspace       used 106534K, committed 107328K, reserved 1179648K
  class space    used 14842K, committed 15232K, reserved 1048576K
}
Event: 82.914 GC heap after
{Heap after GC invocations=74 (full 0):
 garbage-first heap   total 635904K, used 197267K [0x0000000080000000, 0x0000000100000000)
  region size 1024K, 3 young (3072K), 3 survivors (3072K)
 Metaspace       used 106534K, committed 107328K, reserved 1179648K
  class space    used 14842K, committed 15232K, reserved 1048576K
}
Event: 84.794 GC heap before
{Heap before GC invocations=74 (full 0):
 garbage-first heap   total 635904K, used 558739K [0x0000000080000000, 0x0000000100000000)
  region size 1024K, 356 young (364544K), 3 survivors (3072K)
 Metaspace       used 106534K, committed 107328K, reserved 1179648K
  class space    used 14842K, committed 15232K, reserved 1048576K
}
Event: 84.881 GC heap after
{Heap after GC invocations=75 (full 0):
 garbage-first heap   total 635904K, used 198590K [0x0000000080000000, 0x0000000100000000)
  region size 1024K, 5 young (5120K), 5 survivors (5120K)
 Metaspace       used 106534K, committed 107328K, reserved 1179648K
  class space    used 14842K, committed 15232K, reserved 1048576K
}
Event: 87.281 GC heap before
{Heap before GC invocations=76 (full 0):
 garbage-first heap   total 635904K, used 559038K [0x0000000080000000, 0x0000000100000000)
  region size 1024K, 357 young (365568K), 5 survivors (5120K)
 Metaspace       used 106575K, committed 107392K, reserved 1179648K
  class space    used 14844K, committed 15232K, reserved 1048576K
}
Event: 87.303 GC heap after
{Heap after GC invocations=77 (full 0):
 garbage-first heap   total 635904K, used 200734K [0x0000000080000000, 0x0000000100000000)
  region size 1024K, 7 young (7168K), 7 survivors (7168K)
 Metaspace       used 106575K, committed 107392K, reserved 1179648K
  class space    used 14844K, committed 15232K, reserved 1048576K
}
Event: 87.418 GC heap before
{Heap before GC invocations=77 (full 0):
 garbage-first heap   total 635904K, used 225310K [0x0000000080000000, 0x0000000100000000)
  region size 1024K, 31 young (31744K), 7 survivors (7168K)
 Metaspace       used 106575K, committed 107392K, reserved 1179648K
  class space    used 14844K, committed 15232K, reserved 1048576K
}
Event: 87.486 GC heap after
{Heap after GC invocations=78 (full 0):
 garbage-first heap   total 635904K, used 195105K [0x0000000080000000, 0x0000000100000000)
  region size 1024K, 2 young (2048K), 2 survivors (2048K)
 Metaspace       used 106575K, committed 107392K, reserved 1179648K
  class space    used 14844K, committed 15232K, reserved 1048576K
}
Event: 89.277 GC heap before
{Heap before GC invocations=78 (full 0):
 garbage-first heap   total 635904K, used 559649K [0x0000000080000000, 0x0000000100000000)
  region size 1024K, 358 young (366592K), 2 survivors (2048K)
 Metaspace       used 106576K, committed 107392K, reserved 1179648K
  class space    used 14844K, committed 15232K, reserved 1048576K
}
Event: 89.295 GC heap after
{Heap after GC invocations=79 (full 0):
 garbage-first heap   total 635904K, used 195508K [0x0000000080000000, 0x0000000100000000)
  region size 1024K, 2 young (2048K), 2 survivors (2048K)
 Metaspace       used 106576K, committed 107392K, reserved 1179648K
  class space    used 14844K, committed 15232K, reserved 1048576K
}
Event: 91.392 GC heap before
{Heap before GC invocations=79 (full 0):
 garbage-first heap   total 635904K, used 560052K [0x0000000080000000, 0x0000000100000000)
  region size 1024K, 358 young (366592K), 2 survivors (2048K)
 Metaspace       used 107331K, committed 108160K, reserved 1179648K
  class space    used 14966K, committed 15360K, reserved 1048576K
}
Event: 91.408 GC heap after
{Heap after GC invocations=80 (full 0):
 garbage-first heap   total 635904K, used 196552K [0x0000000080000000, 0x0000000100000000)
  region size 1024K, 3 young (3072K), 3 survivors (3072K)
 Metaspace       used 107331K, committed 108160K, reserved 1179648K
  class space    used 14966K, committed 15360K, reserved 1048576K
}
Event: 93.383 GC heap before
{Heap before GC invocations=80 (full 0):
 garbage-first heap   total 635904K, used 426952K [0x0000000080000000, 0x0000000100000000)
  region size 1024K, 229 young (234496K), 3 survivors (3072K)
 Metaspace       used 108412K, committed 109184K, reserved 1179648K
  class space    used 15093K, committed 15488K, reserved 1048576K
}
Event: 93.410 GC heap after
{Heap after GC invocations=81 (full 0):
 garbage-first heap   total 635904K, used 200681K [0x0000000080000000, 0x0000000100000000)
  region size 1024K, 7 young (7168K), 7 survivors (7168K)
 Metaspace       used 108412K, committed 109184K, reserved 1179648K
  class space    used 15093K, committed 15488K, reserved 1048576K
}
Event: 96.318 GC heap before
{Heap before GC invocations=82 (full 0):
 garbage-first heap   total 635904K, used 563177K [0x0000000080000000, 0x0000000100000000)
  region size 1024K, 355 young (363520K), 7 survivors (7168K)
 Metaspace       used 108821K, committed 109632K, reserved 1179648K
  class space    used 15155K, committed 15552K, reserved 1048576K
}
Event: 96.394 GC heap after
{Heap after GC invocations=83 (full 0):
 garbage-first heap   total 635904K, used 203271K [0x0000000080000000, 0x0000000100000000)
  region size 1024K, 10 young (10240K), 10 survivors (10240K)
 Metaspace       used 108821K, committed 109632K, reserved 1179648K
  class space    used 15155K, committed 15552K, reserved 1048576K
}
Event: 96.514 GC heap before
{Heap before GC invocations=83 (full 0):
 garbage-first heap   total 635904K, used 223751K [0x0000000080000000, 0x0000000100000000)
  region size 1024K, 31 young (31744K), 10 survivors (10240K)
 Metaspace       used 108824K, committed 109632K, reserved 1179648K
  class space    used 15155K, committed 15552K, reserved 1048576K
}
Event: 96.583 GC heap after
{Heap after GC invocations=84 (full 0):
 garbage-first heap   total 635904K, used 196272K [0x0000000080000000, 0x0000000100000000)
  region size 1024K, 1 young (1024K), 1 survivors (1024K)
 Metaspace       used 108824K, committed 109632K, reserved 1179648K
  class space    used 15155K, committed 15552K, reserved 1048576K
}
Event: 98.592 GC heap before
{Heap before GC invocations=84 (full 0):
 garbage-first heap   total 635904K, used 556720K [0x0000000080000000, 0x0000000100000000)
  region size 1024K, 352 young (360448K), 1 survivors (1024K)
 Metaspace       used 108949K, committed 109824K, reserved 1179648K
  class space    used 15173K, committed 15616K, reserved 1048576K
}

Dll operation events (15 events):
Event: 0.003 Loaded shared library /usr/lib/jvm/java-17-openjdk-amd64/lib/libjava.so
Event: 0.078 Loaded shared library /usr/lib/jvm/java-17-openjdk-amd64/lib/libjsvml.so
Event: 0.183 Loaded shared library /usr/lib/jvm/java-17-openjdk-amd64/lib/libzip.so
Event: 0.185 Loaded shared library /usr/lib/jvm/java-17-openjdk-amd64/lib/libinstrument.so
Event: 0.188 Loaded shared library /usr/lib/jvm/java-17-openjdk-amd64/lib/libnio.so
Event: 0.192 Loaded shared library /usr/lib/jvm/java-17-openjdk-amd64/lib/libzip.so
Event: 0.385 Loaded shared library /usr/lib/jvm/java-17-openjdk-amd64/lib/libjimage.so
Event: 0.494 Loaded shared library /usr/lib/jvm/java-17-openjdk-amd64/lib/libverify.so
Event: 0.795 Loaded shared library /usr/lib/jvm/java-17-openjdk-amd64/lib/libnet.so
Event: 0.796 Loaded shared library /root/.gradle/native/c067742578af261105cb4f569cf0c3c89f3d7b1fecec35dd04571415982c5e48/linux-amd64/libnative-platform.so
Event: 0.802 Loaded shared library /root/.gradle/native/38dada09dfb8b06ba9b0570ebf7e218e3eb74d4ef43ca46872605cf95ebc2f47/linux-amd64/libnative-platform-file-events.so
Event: 2.022 Loaded shared library /usr/lib/jvm/java-17-openjdk-amd64/lib/libmanagement.so
Event: 2.022 Loaded shared library /usr/lib/jvm/java-17-openjdk-amd64/lib/libmanagement_ext.so
Event: 2.208 Loaded shared library /usr/lib/jvm/java-17-openjdk-amd64/lib/libextnet.so
Event: 32.798 Loaded shared library /usr/lib/jvm/java-17-openjdk-amd64/lib/librmi.so

Deoptimization events (20 events):
Event: 98.305 Thread 0x00007f4d04058880 DEOPT PACKING pc=0x00007f4d1e6e9f72 sp=0x00007f4cba8f27a0
Event: 98.305 Thread 0x00007f4d04058880 DEOPT UNPACKING pc=0x00007f4d24aa364f sp=0x00007f4cba8f1c38 mode 0
Event: 98.306 Thread 0x00007f4d04058880 DEOPT PACKING pc=0x00007f4d1e6e9fab sp=0x00007f4cba8f27a0
Event: 98.306 Thread 0x00007f4d04058880 DEOPT UNPACKING pc=0x00007f4d24aa364f sp=0x00007f4cba8f1c38 mode 0
Event: 98.306 Thread 0x00007f4d04058880 DEOPT PACKING pc=0x00007f4d1e6e9fab sp=0x00007f4cba8f27a0
Event: 98.306 Thread 0x00007f4d04058880 DEOPT UNPACKING pc=0x00007f4d24aa364f sp=0x00007f4cba8f1c38 mode 0
Event: 98.306 Thread 0x00007f4d04058880 DEOPT PACKING pc=0x00007f4d1e6e9f72 sp=0x00007f4cba8f27a0
Event: 98.306 Thread 0x00007f4d04058880 DEOPT UNPACKING pc=0x00007f4d24aa364f sp=0x00007f4cba8f1c38 mode 0
Event: 98.306 Thread 0x00007f4d04058880 DEOPT PACKING pc=0x00007f4d1e6e9fab sp=0x00007f4cba8f27a0
Event: 98.306 Thread 0x00007f4d04058880 DEOPT UNPACKING pc=0x00007f4d24aa364f sp=0x00007f4cba8f1c38 mode 0
Event: 98.307 Thread 0x00007f4d04058880 DEOPT PACKING pc=0x00007f4d1e6e9f72 sp=0x00007f4cba8f27a0
Event: 98.307 Thread 0x00007f4d04058880 DEOPT UNPACKING pc=0x00007f4d24aa364f sp=0x00007f4cba8f1c38 mode 0
Event: 98.307 Thread 0x00007f4d04058880 DEOPT PACKING pc=0x00007f4d1e6e9f72 sp=0x00007f4cba8f27a0
Event: 98.307 Thread 0x00007f4d04058880 DEOPT UNPACKING pc=0x00007f4d24aa364f sp=0x00007f4cba8f1c38 mode 0
Event: 98.312 Thread 0x00007f4cfe205360 DEOPT PACKING pc=0x00007f4d1ebde311 sp=0x00007f4d091e5f20
Event: 98.312 Thread 0x00007f4cfe205360 DEOPT UNPACKING pc=0x00007f4d24aa364f sp=0x00007f4d091e5510 mode 0
Event: 98.380 Thread 0x00007f4cfe205360 DEOPT PACKING pc=0x00007f4d1e8ea0b8 sp=0x00007f4d091e69c0
Event: 98.380 Thread 0x00007f4cfe205360 DEOPT UNPACKING pc=0x00007f4d24aa364f sp=0x00007f4d091e6080 mode 0
Event: 98.575 Thread 0x00007f4cfe205360 DEOPT PACKING pc=0x00007f4d1ebbe5ad sp=0x00007f4d091e5ed0
Event: 98.575 Thread 0x00007f4cfe205360 DEOPT UNPACKING pc=0x00007f4d24aa364f sp=0x00007f4d091e5358 mode 0

Classes loaded (20 events):
Event: 48.410 Loading class java/util/concurrent/ConcurrentHashMap$TreeNode
Event: 48.413 Loading class java/util/concurrent/ConcurrentHashMap$TreeNode done
Event: 48.413 Loading class java/util/concurrent/ConcurrentHashMap$TreeBin
Event: 48.414 Loading class java/util/concurrent/ConcurrentHashMap$TreeBin done
Event: 68.918 Loading class sun/rmi/transport/DGCClient$EndpointEntry$CleanRequest
Event: 68.918 Loading class sun/rmi/transport/DGCClient$EndpointEntry$CleanRequest done
Event: 92.918 Loading class java/nio/ShortBuffer
Event: 92.919 Loading class java/nio/ShortBuffer done
Event: 93.579 Loading class java/nio/ByteBufferAsShortBufferL
Event: 93.583 Loading class java/nio/ByteBufferAsShortBufferL done
Event: 94.398 Loading class java/util/zip/Adler32
Event: 94.399 Loading class java/util/zip/Adler32 done
Event: 94.408 Loading class java/nio/file/Files$2
Event: 94.411 Loading class java/nio/file/Files$2 done
Event: 94.504 Loading class java/nio/file/StandardCopyOption
Event: 94.505 Loading class java/nio/file/StandardCopyOption done
Event: 94.505 Loading class sun/nio/fs/UnixCopyFile
Event: 94.505 Loading class sun/nio/fs/UnixCopyFile done
Event: 94.505 Loading class sun/nio/fs/UnixCopyFile$Flags
Event: 94.505 Loading class sun/nio/fs/UnixCopyFile$Flags done

Classes unloaded (0 events):
No events

Classes redefined (0 events):
No events

Internal exceptions (20 events):
Event: 55.974 Thread 0x00007f4cfe205360 Exception <a 'java/lang/NoSuchMethodError'{0x000000009be85f80}: 'int java.lang.invoke.DirectMethodHandle$Holder.invokeSpecial(java.lang.Object, java.lang.Object, int)'> (0x000000009be85f80) 
thrown [./src/hotspot/share/interpreter/linkResolver.cpp, line 758]
Event: 55.996 Thread 0x00007f4cfe205360 Exception <a 'java/lang/IncompatibleClassChangeError'{0x000000009bd1c3d0}: Found class java.lang.Object, but interface was expected> (0x000000009bd1c3d0) 
thrown [./src/hotspot/share/interpreter/linkResolver.cpp, line 826]
Event: 63.994 Thread 0x00007f4d04058880 Implicit null exception at 0x00007f4d2555934e to 0x00007f4d2555f980
Event: 68.919 Thread 0x00007f4cfc3b6210 Implicit null exception at 0x00007f4d25246423 to 0x00007f4d252465f4
Event: 71.206 Thread 0x00007f4d04058880 Exception <a 'java/lang/NoSuchMethodError'{0x000000009be3a320}: 'java.lang.Object java.lang.invoke.DirectMethodHandle$Holder.invokeSpecial(java.lang.Object, java.lang.Object, java.lang.Object, java.lang.Object, java.lang.Object, java.lang.Object, java.lang.Object, java.lang.Object, java.lang.Object, java.lang.Object, java.lang.Object, java.lang.Object, java.lang.Object)'> (0x000000009be3a320) 
thrown [./src/hotspot/share/interpreter/linkResolver.cpp, line 758]
Event: 71.274 Thread 0x00007f4d04058880 Exception <a 'java/lang/NoSuchMethodError'{0x000000009be715e8}: 'void java.lang.invoke.DirectMethodHandle$Holder.invokeSpecialIFC(java.lang.Object, java.lang.Object, java.lang.Object, java.lang.Object)'> (0x000000009be715e8) 
thrown [./src/hotspot/share/interpreter/linkResolver.cpp, line 758]
Event: 91.119 Thread 0x00007f4d04058880 Exception <a 'java/lang/NoSuchMethodError'{0x0000000091f71b40}: 'java.lang.Object java.lang.invoke.DirectMethodHandle$Holder.newInvokeSpecial(java.lang.Object, java.lang.Object, int, java.lang.Object, java.lang.Object, java.lang.Object)'> (0x0000000091f71b40) 
thrown [./src/hotspot/share/interpreter/linkResolver.cpp, line 758]
Event: 91.119 Thread 0x00007f4d04058880 Exception <a 'java/lang/NoSuchMethodError'{0x0000000091f79b08}: 'java.lang.Object java.lang.invoke.Invokers$Holder.linkToTargetMethod(java.lang.Object, int, java.lang.Object, java.lang.Object, java.lang.Object, java.lang.Object)'> (0x0000000091f79b08) 
thrown [./src/hotspot/share/interpreter/linkResolver.cpp, line 758]
Event: 91.120 Thread 0x00007f4d04058880 Exception <a 'java/lang/NoSuchMethodError'{0x0000000091f87618}: 'java.lang.Object java.lang.invoke.DirectMethodHandle$Holder.newInvokeSpecial(java.lang.Object, int, java.lang.Object, java.lang.Object)'> (0x0000000091f87618) 
thrown [./src/hotspot/share/interpreter/linkResolver.cpp, line 758]
Event: 91.120 Thread 0x00007f4d04058880 Exception <a 'java/lang/NoSuchMethodError'{0x0000000091f8bbc8}: 'java.lang.Object java.lang.invoke.DirectMethodHandle$Holder.invokeSpecial(java.lang.Object, java.lang.Object, int, java.lang.Object, java.lang.Object)'> (0x0000000091f8bbc8) 
thrown [./src/hotspot/share/interpreter/linkResolver.cpp, line 758]
Event: 91.123 Thread 0x00007f4d04058880 Exception <a 'java/lang/NoSuchMethodError'{0x0000000091fbb758}: 'void java.lang.invoke.DirectMethodHandle$Holder.invokeSpecial(java.lang.Object, java.lang.Object, java.lang.Object, int, java.lang.Object, java.lang.Object, java.lang.Object, java.lang.Object)'> (0x0000000091fbb758) 
thrown [./src/hotspot/share/interpreter/linkResolver.cpp, line 758]
Event: 91.124 Thread 0x00007f4d04058880 Implicit null exception at 0x00007f4d25587fcf to 0x00007f4d255880f0
Event: 91.174 Thread 0x00007f4d04058880 Exception <a 'java/lang/NoSuchMethodError'{0x0000000091fee318}: 'void java.lang.invoke.DirectMethodHandle$Holder.invokeStatic(java.lang.Object, java.lang.Object, java.lang.Object, java.lang.Object, java.lang.Object, java.lang.Object, java.lang.Object, java.lang.Object)'> (0x0000000091fee318) 
thrown [./src/hotspot/share/interpreter/linkResolver.cpp, line 758]
Event: 92.506 Thread 0x00007f4d04058880 Exception <a 'java/lang/IncompatibleClassChangeError'{0x000000009e9411d0}: Found class java.lang.Object, but interface was expected> (0x000000009e9411d0) 
thrown [./src/hotspot/share/interpreter/linkResolver.cpp, line 826]
Event: 93.975 Thread 0x00007f4d04058880 Exception <a 'java/lang/NoSuchMethodError'{0x00000000a4edde30}: 'void java.lang.invoke.DirectMethodHandle$Holder.invokeSpecial(java.lang.Object, java.lang.Object, int)'> (0x00000000a4edde30) 
thrown [./src/hotspot/share/interpreter/linkResolver.cpp, line 758]
Event: 94.412 Thread 0x00007f4d04058880 Exception <a 'sun/nio/fs/UnixException'{0x00000000a37dd950}> (0x00000000a37dd950) 
thrown [./src/hotspot/share/prims/jni.cpp, line 516]
Event: 94.505 Thread 0x00007f4d04058880 Implicit null exception at 0x00007f4d25487020 to 0x00007f4d25487484
Event: 94.575 Thread 0x00007f4d04058880 Implicit null exception at 0x00007f4d2548caa0 to 0x00007f4d2548cca8
Event: 96.614 Thread 0x00007f4d04058880 Implicit null exception at 0x00007f4d257474ad to 0x00007f4d25747634
Event: 98.308 Thread 0x00007f4d04058880 Exception <a 'sun/nio/fs/UnixException'{0x00000000943350a8}> (0x00000000943350a8) 
thrown [./src/hotspot/share/prims/jni.cpp, line 516]

VM Operations (20 events):
Event: 93.410 Executing VM operation: G1TryInitiateConcMark done
Event: 94.401 Executing VM operation: HandshakeAllThreads
Event: 94.404 Executing VM operation: HandshakeAllThreads done
Event: 94.507 Executing VM operation: ICBufferFull
Event: 94.507 Executing VM operation: ICBufferFull done
Event: 94.678 Executing VM operation: G1PauseRemark
Event: 94.699 Executing VM operation: G1PauseRemark done
Event: 95.210 Executing VM operation: G1PauseCleanup
Event: 95.213 Executing VM operation: G1PauseCleanup done
Event: 96.213 Executing VM operation: Cleanup
Event: 96.214 Executing VM operation: Cleanup done
Event: 96.318 Executing VM operation: G1CollectForAllocation
Event: 96.394 Executing VM operation: G1CollectForAllocation done
Event: 96.514 Executing VM operation: G1CollectForAllocation
Event: 96.583 Executing VM operation: G1CollectForAllocation done
Event: 97.583 Executing VM operation: Cleanup
Event: 97.583 Executing VM operation: Cleanup done
Event: 98.583 Executing VM operation: Cleanup
Event: 98.584 Executing VM operation: Cleanup done
Event: 98.592 Executing VM operation: G1CollectForAllocation

Memory protections (20 events):
Event: 29.520 Protecting memory [0x00007f4d08bed000,0x00007f4d08bf1000] with protection modes 0
Event: 29.608 Protecting memory [0x00007f4d08aec000,0x00007f4d08af0000] with protection modes 0
Event: 29.818 Protecting memory [0x00007f4d089eb000,0x00007f4d089ef000] with protection modes 0
Event: 30.074 Protecting memory [0x00007f4d088ea000,0x00007f4d088ee000] with protection modes 0
Event: 30.117 Protecting memory [0x00007f4d087e9000,0x00007f4d087ed000] with protection modes 0
Event: 30.303 Protecting memory [0x00007f4d086e8000,0x00007f4d086ec000] with protection modes 0
Event: 30.884 Protecting memory [0x00007f4d085e7000,0x00007f4d085eb000] with protection modes 0
Event: 31.222 Protecting memory [0x00007f4d084e6000,0x00007f4d084ea000] with protection modes 0
Event: 31.421 Protecting memory [0x00007f4d083e5000,0x00007f4d083e9000] with protection modes 0
Event: 31.483 Protecting memory [0x00007f4d082e4000,0x00007f4d082e8000] with protection modes 0
Event: 32.479 Protecting memory [0x00007f4d081e3000,0x00007f4d081e7000] with protection modes 0
Event: 32.579 Protecting memory [0x00007f4d080e2000,0x00007f4d080e6000] with protection modes 0
Event: 32.780 Protecting memory [0x00007f4cbaf00000,0x00007f4cbaf04000] with protection modes 0
Event: 32.791 Protecting memory [0x00007f4cbadff000,0x00007f4cbae03000] with protection modes 0
Event: 32.798 Protecting memory [0x00007f4cbacfe000,0x00007f4cbad02000] with protection modes 0
Event: 32.803 Protecting memory [0x00007f4cbabfd000,0x00007f4cbac01000] with protection modes 0
Event: 32.893 Protecting memory [0x00007f4cbaafc000,0x00007f4cbab00000] with protection modes 0
Event: 32.905 Protecting memory [0x00007f4cba9fb000,0x00007f4cba9ff000] with protection modes 0
Event: 32.924 Protecting memory [0x00007f4cba8fa000,0x00007f4cba8fe000] with protection modes 0
Event: 34.182 Protecting memory [0x00007f4cba7f9000,0x00007f4cba7fd000] with protection modes 0

Nmethod flushes (20 events):
Event: 92.874 Thread 0x00007f4d340e6220 flushing  nmethod 0x00007f4d1f513410
Event: 92.874 Thread 0x00007f4d340e6220 flushing  nmethod 0x00007f4d1f513810
Event: 92.874 Thread 0x00007f4d340e6220 flushing  nmethod 0x00007f4d1f513c10
Event: 92.874 Thread 0x00007f4d340e6220 flushing  nmethod 0x00007f4d1f514290
Event: 92.874 Thread 0x00007f4d340e6220 flushing  nmethod 0x00007f4d1f514790
Event: 92.874 Thread 0x00007f4d340e6220 flushing  nmethod 0x00007f4d1f515210
Event: 92.874 Thread 0x00007f4d340e6220 flushing  nmethod 0x00007f4d1f515d90
Event: 92.874 Thread 0x00007f4d340e6220 flushing  nmethod 0x00007f4d1f516290
Event: 92.874 Thread 0x00007f4d340e6220 flushing  nmethod 0x00007f4d1f516610
Event: 92.874 Thread 0x00007f4d340e6220 flushing  nmethod 0x00007f4d1f516e90
Event: 92.874 Thread 0x00007f4d340e6220 flushing  nmethod 0x00007f4d1f517510
Event: 92.874 Thread 0x00007f4d340e6220 flushing  nmethod 0x00007f4d1f517910
Event: 92.874 Thread 0x00007f4d340e6220 flushing  nmethod 0x00007f4d1f51b410
Event: 92.874 Thread 0x00007f4d340e6220 flushing  nmethod 0x00007f4d1f51bc90
Event: 92.874 Thread 0x00007f4d340e6220 flushing  nmethod 0x00007f4d1f520510
Event: 92.874 Thread 0x00007f4d340e6220 flushing  nmethod 0x00007f4d1f521490
Event: 92.874 Thread 0x00007f4d340e6220 flushing  nmethod 0x00007f4d1f521e90
Event: 92.874 Thread 0x00007f4d340e6220 flushing  nmethod 0x00007f4d1f522310
Event: 92.874 Thread 0x00007f4d340e6220 flushing  nmethod 0x00007f4d1f52ec90
Event: 92.874 Thread 0x00007f4d340e6220 flushing  nmethod 0x00007f4d1f52f010

Events (20 events):
Event: 29.605 Thread 0x00007f4d04018d90 Thread added: 0x00007f4d100bc3f0
Event: 29.815 Thread 0x00007f4d04018d90 Thread added: 0x00007f4d100bb6e0
Event: 30.073 Thread 0x00007f4cfe205360 Thread added: 0x00007f4d0404a9e0
Event: 30.112 Thread 0x00007f4cfe205360 Thread added: 0x00007f4d0404e850
Event: 30.294 Thread 0x00007f4cfe205360 Thread added: 0x00007f4d04037620
Event: 30.880 Thread 0x00007f4d04018d90 Thread added: 0x00007f4d100516c0
Event: 31.218 Thread 0x00007f4d04018d90 Thread added: 0x00007f4d10055500
Event: 31.415 Thread 0x00007f4d04018d90 Thread added: 0x00007f4d10056060
Event: 31.475 Thread 0x00007f4d04018d90 Thread added: 0x00007f4d10057270
Event: 32.479 Thread 0x00007f4d04018d90 Thread added: 0x00007f4d101e9cf0
Event: 32.574 Thread 0x00007f4cfe205360 Thread added: 0x00007f4d0404f760
Event: 32.778 Thread 0x00007f4cfe205360 Thread added: 0x00007f4d04043250
Event: 32.791 Thread 0x00007f4d101e9cf0 Thread added: 0x00007f4cfd554650
Event: 32.798 Thread 0x00007f4d101e9cf0 Thread added: 0x00007f4cfc3b6210
Event: 32.802 Thread 0x00007f4d101e9cf0 Thread added: 0x00007f4cfc3b8230
Event: 32.892 Thread 0x00007f4d101e9cf0 Thread added: 0x00007f4cfc29cc00
Event: 32.893 Thread 0x00007f4d101e9cf0 Thread added: 0x00007f4cfc3acc60
Event: 32.924 Thread 0x00007f4cfc29cc00 Thread added: 0x000055f58ee27f50
Event: 34.181 Thread 0x00007f4cfe205360 Thread added: 0x00007f4d04058880
Event: 68.974 Thread 0x00007f4cfc3b6210 Thread exited: 0x00007f4cfc3b6210


Dynamic libraries:
80000000-a6b00000 rw-p 00000000 00:00 0 
be600000-ffe00000 ---p 00000000 00:00 0 
ffe00000-ffe75000 rw-p 00c7a000 00:25 13853                              /usr/lib/jvm/java-17-openjdk-amd64/lib/server/classes.jsa
ffe75000-fff00000 rw-p 00000000 00:00 0 
fff00000-fff78000 rw-p 00c02000 00:25 13853                              /usr/lib/jvm/java-17-openjdk-amd64/lib/server/classes.jsa
fff78000-100000000 rw-p 00000000 00:00 0 
55f58eccf000-55f58ecd0000 r--p 00000000 00:25 13495                      /usr/lib/jvm/java-17-openjdk-amd64/bin/java
55f58ecd0000-55f58ecd1000 r-xp 00001000 00:25 13495                      /usr/lib/jvm/java-17-openjdk-amd64/bin/java
55f58ecd1000-55f58ecd2000 r--p 00002000 00:25 13495                      /usr/lib/jvm/java-17-openjdk-amd64/bin/java
55f58ecd2000-55f58ecd3000 r--p 00002000 00:25 13495                      /usr/lib/jvm/java-17-openjdk-amd64/bin/java
55f58ecd3000-55f58ecd4000 rw-p 00003000 00:25 13495                      /usr/lib/jvm/java-17-openjdk-amd64/bin/java
55f58ede6000-55f58ee4f000 rw-p 00000000 00:00 0                          [heap]
7f4c90000000-7f4c90300000 rw-p 00000000 00:00 0 
7f4c90300000-7f4c90400000 rw-p 00000000 00:00 0 
7f4c90400000-7f4c90900000 rw-p 00000000 00:00 0 
7f4c90900000-7f4c90a00000 rw-p 00000000 00:00 0 
7f4c90a00000-7f4c91780000 rw-p 00000000 00:00 0 
7f4c91780000-7f4c917c0000 rw-p 00000000 00:00 0 
7f4c917c0000-7f4c91800000 ---p 00000000 00:00 0 
7f4c91800000-7f4c91c40000 rw-p 00000000 00:00 0 
7f4c91c40000-7f4c94000000 ---p 00000000 00:00 0 
7f4c94000000-7f4c95155000 rw-p 00000000 00:00 0 
7f4c95155000-7f4c98000000 ---p 00000000 00:00 0 
7f4c98000000-7f4c98021000 rw-p 00000000 00:00 0 
7f4c98021000-7f4c9c000000 ---p 00000000 00:00 0 
7f4c9c000000-7f4c9c02c000 rw-p 00000000 00:00 0 
7f4c9c02c000-7f4ca0000000 ---p 00000000 00:00 0 
7f4ca0000000-7f4ca3a41000 rw-p 00000000 00:00 0 
7f4ca3a41000-7f4ca4000000 ---p 00000000 00:00 0 
7f4ca4000000-7f4ca4021000 rw-p 00000000 00:00 0 
7f4ca4021000-7f4ca8000000 ---p 00000000 00:00 0 
7f4ca8000000-7f4ca805f000 rw-p 00000000 00:00 0 
7f4ca805f000-7f4cac000000 ---p 00000000 00:00 0 
7f4cac000000-7f4cac054000 rw-p 00000000 00:00 0 
7f4cac054000-7f4cb0000000 ---p 00000000 00:00 0 
7f4cb0000000-7f4cb002e000 rw-p 00000000 00:00 0 
7f4cb002e000-7f4cb4000000 ---p 00000000 00:00 0 
7f4cb4000000-7f4cb458e000 rw-p 00000000 00:00 0 
7f4cb458e000-7f4cb8000000 ---p 00000000 00:00 0 
7f4cba6f7000-7f4cba6f8000 ---p 00000000 00:00 0 
7f4cba6f8000-7f4cba7f8000 rw-p 00000000 00:00 0 
7f4cba7f8000-7f4cba7f9000 ---p 00000000 00:00 0 
7f4cba7f9000-7f4cba7fd000 ---p 00000000 00:00 0 
7f4cba7fd000-7f4cba8f9000 rw-p 00000000 00:00 0 
7f4cba8f9000-7f4cba8fa000 ---p 00000000 00:00 0 
7f4cba8fa000-7f4cba8fe000 ---p 00000000 00:00 0 
7f4cba8fe000-7f4cba9fa000 rw-p 00000000 00:00 0 
7f4cba9fa000-7f4cba9fb000 ---p 00000000 00:00 0 
7f4cba9fb000-7f4cba9ff000 ---p 00000000 00:00 0 
7f4cba9ff000-7f4cbaafb000 rw-p 00000000 00:00 0 
7f4cbaafb000-7f4cbaafc000 ---p 00000000 00:00 0 
7f4cbaafc000-7f4cbab00000 ---p 00000000 00:00 0 
7f4cbab00000-7f4cbabfc000 rw-p 00000000 00:00 0 
7f4cbabfc000-7f4cbabfd000 ---p 00000000 00:00 0 
7f4cbabfd000-7f4cbac01000 ---p 00000000 00:00 0 
7f4cbac01000-7f4cbacfd000 rw-p 00000000 00:00 0 
7f4cbacfd000-7f4cbacfe000 ---p 00000000 00:00 0 
7f4cbacfe000-7f4cbad02000 ---p 00000000 00:00 0 
7f4cbad02000-7f4cbadfe000 rw-p 00000000 00:00 0 
7f4cbadfe000-7f4cbadff000 ---p 00000000 00:00 0 
7f4cbadff000-7f4cbae03000 ---p 00000000 00:00 0 
7f4cbae03000-7f4cbaeff000 rw-p 00000000 00:00 0 
7f4cbaeff000-7f4cbaf00000 ---p 00000000 00:00 0 
7f4cbaf00000-7f4cbaf04000 ---p 00000000 00:00 0 
7f4cbaf04000-7f4cbb000000 rw-p 00000000 00:00 0 
7f4cbb000000-7f4cbb455000 rw-p 00001000 00:25 13853                      /usr/lib/jvm/java-17-openjdk-amd64/lib/server/classes.jsa
7f4cbb455000-7f4cbbbca000 rw-p 00456000 00:25 13853                      /usr/lib/jvm/java-17-openjdk-amd64/lib/server/classes.jsa
7f4cbbbca000-7f4cbc000000 ---p 00000000 00:00 0 
7f4cbc000000-7f4cbc040000 rw-p 00000000 00:00 0 
7f4cbc040000-7f4cbc080000 rw-p 00000000 00:00 0 
7f4cbc080000-7f4cbc140000 rw-p 00000000 00:00 0 
7f4cbc140000-7f4cbc180000 rw-p 00000000 00:00 0 
7f4cbc180000-7f4cbc440000 rw-p 00000000 00:00 0 
7f4cbc440000-7f4cbc740000 rw-p 00000000 00:00 0 
7f4cbc740000-7f4cbc780000 rw-p 00000000 00:00 0 
7f4cbc780000-7f4cbc8c0000 rw-p 00000000 00:00 0 
7f4cbc8c0000-7f4cbc900000 rw-p 00000000 00:00 0 
7f4cbc900000-7f4cbcce0000 rw-p 00000000 00:00 0 
7f4cbcce0000-7f4cbccf0000 rw-p 00000000 00:00 0 
7f4cbccf0000-7f4cbcd00000 ---p 00000000 00:00 0 
7f4cbcd00000-7f4cbcf50000 rw-p 00000000 00:00 0 
7f4cbcf50000-7f4cfc000000 ---p 00000000 00:00 0 
7f4cfc000000-7f4cfe22b000 rw-p 00000000 00:00 0 
7f4cfe22b000-7f4d00000000 ---p 00000000 00:00 0 
7f4d00000000-7f4d00400000 rw-p 00000000 00:00 0 
7f4d00400000-7f4d00900000 rw-p 00000000 00:00 0 
7f4d00900000-7f4d00a00000 rw-p 00000000 00:00 0 
7f4d00a00000-7f4d01580000 rw-p 00000000 00:00 0 
7f4d01580000-7f4d01600000 rw-p 00000000 00:00 0 
7f4d01600000-7f4d01700000 rw-p 00000000 00:00 0 
7f4d01700000-7f4d01900000 rw-p 00000000 00:00 0 
7f4d01900000-7f4d02380000 rw-p 00000000 00:00 0 
7f4d02380000-7f4d02400000 rw-p 00000000 00:00 0 
7f4d02400000-7f4d02b00000 rw-p 00000000 00:00 0 
7f4d02b00000-7f4d03000000 rw-p 00000000 00:00 0 
7f4d03000000-7f4d03100000 rw-p 00000000 00:00 0 
7f4d03100000-7f4d03200000 rw-p 00000000 00:00 0 
7f4d03200000-7f4d04000000 rw-p 00000000 00:00 0 
7f4d04000000-7f4d0437e000 rw-p 00000000 00:00 0 
7f4d0437e000-7f4d08000000 ---p 00000000 00:00 0 
7f4d080e1000-7f4d080e2000 ---p 00000000 00:00 0 
7f4d080e2000-7f4d080e6000 ---p 00000000 00:00 0 
7f4d080e6000-7f4d081e2000 rw-p 00000000 00:00 0 
7f4d081e2000-7f4d081e3000 ---p 00000000 00:00 0 
7f4d081e3000-7f4d081e7000 ---p 00000000 00:00 0 
7f4d081e7000-7f4d082e3000 rw-p 00000000 00:00 0 
7f4d082e3000-7f4d082e4000 ---p 00000000 00:00 0 
7f4d082e4000-7f4d082e8000 ---p 00000000 00:00 0 
7f4d082e8000-7f4d083e4000 rw-p 00000000 00:00 0 
7f4d083e4000-7f4d083e5000 ---p 00000000 00:00 0 
7f4d083e5000-7f4d083e9000 ---p 00000000 00:00 0 
7f4d083e9000-7f4d084e5000 rw-p 00000000 00:00 0 
7f4d084e5000-7f4d084e6000 ---p 00000000 00:00 0 
7f4d084e6000-7f4d084ea000 ---p 00000000 00:00 0 
7f4d084ea000-7f4d085e6000 rw-p 00000000 00:00 0 
7f4d085e6000-7f4d085e7000 ---p 00000000 00:00 0 
7f4d085e7000-7f4d085eb000 ---p 00000000 00:00 0 
7f4d085eb000-7f4d086e7000 rw-p 00000000 00:00 0 
7f4d086e7000-7f4d086e8000 ---p 00000000 00:00 0 
7f4d086e8000-7f4d086ec000 ---p 00000000 00:00 0 
7f4d086ec000-7f4d087e8000 rw-p 00000000 00:00 0 
7f4d087e8000-7f4d087e9000 ---p 00000000 00:00 0 
7f4d087e9000-7f4d087ed000 ---p 00000000 00:00 0 
7f4d087ed000-7f4d088e9000 rw-p 00000000 00:00 0 
7f4d088e9000-7f4d088ea000 ---p 00000000 00:00 0 
7f4d088ea000-7f4d088ee000 ---p 00000000 00:00 0 
7f4d088ee000-7f4d089ea000 rw-p 00000000 00:00 0 
7f4d089ea000-7f4d089eb000 ---p 00000000 00:00 0 
7f4d089eb000-7f4d089ef000 ---p 00000000 00:00 0 
7f4d089ef000-7f4d08aeb000 rw-p 00000000 00:00 0 
7f4d08aeb000-7f4d08aec000 ---p 00000000 00:00 0 
7f4d08aec000-7f4d08af0000 ---p 00000000 00:00 0 
7f4d08af0000-7f4d08bec000 rw-p 00000000 00:00 0 
7f4d08bec000-7f4d08bed000 ---p 00000000 00:00 0 
7f4d08bed000-7f4d08bf1000 ---p 00000000 00:00 0 
7f4d08bf1000-7f4d08ced000 rw-p 00000000 00:00 0 
7f4d08ced000-7f4d08cee000 ---p 00000000 00:00 0 
7f4d08cee000-7f4d08cf2000 ---p 00000000 00:00 0 
7f4d08cf2000-7f4d08dee000 rw-p 00000000 00:00 0 
7f4d08dee000-7f4d08def000 ---p 00000000 00:00 0 
7f4d08def000-7f4d08df3000 ---p 00000000 00:00 0 
7f4d08df3000-7f4d08eef000 rw-p 00000000 00:00 0 
7f4d08eef000-7f4d08ef0000 ---p 00000000 00:00 0 
7f4d08ef0000-7f4d08ef4000 ---p 00000000 00:00 0 
7f4d08ef4000-7f4d08ff0000 rw-p 00000000 00:00 0 
7f4d08ff0000-7f4d08ff1000 ---p 00000000 00:00 0 
7f4d08ff1000-7f4d08ff5000 ---p 00000000 00:00 0 
7f4d08ff5000-7f4d090f1000 rw-p 00000000 00:00 0 
7f4d090f1000-7f4d090f2000 ---p 00000000 00:00 0 
7f4d090f2000-7f4d090f6000 ---p 00000000 00:00 0 
7f4d090f6000-7f4d091f2000 rw-p 00000000 00:00 0 
7f4d091f2000-7f4d091f3000 ---p 00000000 00:00 0 
7f4d091f3000-7f4d091f7000 ---p 00000000 00:00 0 
7f4d091f7000-7f4d092f3000 rw-p 00000000 00:00 0 
7f4d092f3000-7f4d092f4000 ---p 00000000 00:00 0 
7f4d092f4000-7f4d092f8000 ---p 00000000 00:00 0 
7f4d092f8000-7f4d093f4000 rw-p 00000000 00:00 0 
7f4d093f4000-7f4d093f5000 ---p 00000000 00:00 0 
7f4d093f5000-7f4d093f9000 ---p 00000000 00:00 0 
7f4d093f9000-7f4d094f5000 rw-p 00000000 00:00 0 
7f4d094f5000-7f4d094f6000 ---p 00000000 00:00 0 
7f4d094f6000-7f4d094fa000 ---p 00000000 00:00 0 
7f4d094fa000-7f4d095f6000 rw-p 00000000 00:00 0 
7f4d095f6000-7f4d095f7000 ---p 00000000 00:00 0 
7f4d095f7000-7f4d095fb000 ---p 00000000 00:00 0 
7f4d095fb000-7f4d096f7000 rw-p 00000000 00:00 0 
7f4d096f7000-7f4d096f8000 ---p 00000000 00:00 0 
7f4d096f8000-7f4d096fc000 ---p 00000000 00:00 0 
7f4d096fc000-7f4d097f8000 rw-p 00000000 00:00 0 
7f4d097f8000-7f4d097f9000 ---p 00000000 00:00 0 
7f4d097f9000-7f4d097fd000 ---p 00000000 00:00 0 
7f4d097fd000-7f4d098f9000 rw-p 00000000 00:00 0 
7f4d098f9000-7f4d098fa000 ---p 00000000 00:00 0 
7f4d098fa000-7f4d098fe000 ---p 00000000 00:00 0 
7f4d098fe000-7f4d099fa000 rw-p 00000000 00:00 0 
7f4d099fa000-7f4d099fb000 ---p 00000000 00:00 0 
7f4d099fb000-7f4d099ff000 ---p 00000000 00:00 0 
7f4d099ff000-7f4d09afb000 rw-p 00000000 00:00 0 
7f4d09afb000-7f4d09afc000 ---p 00000000 00:00 0 
7f4d09afc000-7f4d09b00000 ---p 00000000 00:00 0 
7f4d09b00000-7f4d09bfc000 rw-p 00000000 00:00 0 
7f4d09bfc000-7f4d09bfd000 ---p 00000000 00:00 0 
7f4d09bfd000-7f4d09c01000 ---p 00000000 00:00 0 
7f4d09c01000-7f4d09cfd000 rw-p 00000000 00:00 0 
7f4d09cfd000-7f4d09cfe000 ---p 00000000 00:00 0 
7f4d09cfe000-7f4d09d02000 ---p 00000000 00:00 0 
7f4d09d02000-7f4d09dfe000 rw-p 00000000 00:00 0 
7f4d09dfe000-7f4d09dff000 ---p 00000000 00:00 0 
7f4d09dff000-7f4d09e03000 ---p 00000000 00:00 0 
7f4d09e03000-7f4d09eff000 rw-p 00000000 00:00 0 
7f4d09eff000-7f4d09f00000 ---p 00000000 00:00 0 
7f4d09f00000-7f4d09f04000 ---p 00000000 00:00 0 
7f4d09f04000-7f4d0c000000 rw-p 00000000 00:00 0 
7f4d0c000000-7f4d0c036000 rw-p 00000000 00:00 0 
7f4d0c036000-7f4d10000000 ---p 00000000 00:00 0 
7f4d10000000-7f4d101fe000 rw-p 00000000 00:00 0 
7f4d101fe000-7f4d14000000 ---p 00000000 00:00 0 
7f4d14000000-7f4d14095000 rw-p 00000000 00:00 0 
7f4d14095000-7f4d18000000 ---p 00000000 00:00 0 
7f4d180f9000-7f4d180fa000 ---p 00000000 00:00 0 
7f4d180fa000-7f4d180fe000 ---p 00000000 00:00 0 
7f4d180fe000-7f4d181fa000 rw-p 00000000 00:00 0 
7f4d181fa000-7f4d181fb000 ---p 00000000 00:00 0 
7f4d181fb000-7f4d181ff000 ---p 00000000 00:00 0 
7f4d181ff000-7f4d182fb000 rw-p 00000000 00:00 0 
7f4d182fb000-7f4d182fc000 ---p 00000000 00:00 0 
7f4d182fc000-7f4d18300000 ---p 00000000 00:00 0 
7f4d18300000-7f4d183fc000 rw-p 00000000 00:00 0 
7f4d183fc000-7f4d183fd000 ---p 00000000 00:00 0 
7f4d183fd000-7f4d18401000 ---p 00000000 00:00 0 
7f4d18401000-7f4d184fd000 rw-p 00000000 00:00 0 
7f4d184fd000-7f4d184fe000 ---p 00000000 00:00 0 
7f4d184fe000-7f4d18502000 ---p 00000000 00:00 0 
7f4d18502000-7f4d185fe000 rw-p 00000000 00:00 0 
7f4d185fe000-7f4d185ff000 ---p 00000000 00:00 0 
7f4d185ff000-7f4d18603000 ---p 00000000 00:00 0 
7f4d18603000-7f4d186ff000 rw-p 00000000 00:00 0 
7f4d186ff000-7f4d18700000 ---p 00000000 00:00 0 
7f4d18700000-7f4d18704000 ---p 00000000 00:00 0 
7f4d18704000-7f4d18800000 rw-p 00000000 00:00 0 
7f4d18800000-7f4d18853000 r-xp 00000000 fe:00 402                        /root/.gradle/native/38dada09dfb8b06ba9b0570ebf7e218e3eb74d4ef43ca46872605cf95ebc2f47/linux-amd64/libnative-platform-file-events.so
7f4d18853000-7f4d18a52000 ---p 00053000 fe:00 402                        /root/.gradle/native/38dada09dfb8b06ba9b0570ebf7e218e3eb74d4ef43ca46872605cf95ebc2f47/linux-amd64/libnative-platform-file-events.so
7f4d18a52000-7f4d18a53000 r--p 00052000 fe:00 402                        /root/.gradle/native/38dada09dfb8b06ba9b0570ebf7e218e3eb74d4ef43ca46872605cf95ebc2f47/linux-amd64/libnative-platform-file-events.so
7f4d18a53000-7f4d18a55000 rw-p 00053000 fe:00 402                        /root/.gradle/native/38dada09dfb8b06ba9b0570ebf7e218e3eb74d4ef43ca46872605cf95ebc2f47/linux-amd64/libnative-platform-file-events.so
7f4d18aff000-7f4d18b00000 ---p 00000000 00:00 0 
7f4d18b00000-7f4d18b04000 ---p 00000000 00:00 0 
7f4d18b04000-7f4d18c00000 rw-p 00000000 00:00 0 
7f4d18c00000-7f4d18c05000 r-xp 00000000 fe:00 525894                     /root/.gradle/native/c067742578af261105cb4f569cf0c3c89f3d7b1fecec35dd04571415982c5e48/linux-amd64/libnative-platform.so
7f4d18c05000-7f4d18e05000 ---p 00005000 fe:00 525894                     /root/.gradle/native/c067742578af261105cb4f569cf0c3c89f3d7b1fecec35dd04571415982c5e48/linux-amd64/libnative-platform.so
7f4d18e05000-7f4d18e06000 r--p 00005000 fe:00 525894                     /root/.gradle/native/c067742578af261105cb4f569cf0c3c89f3d7b1fecec35dd04571415982c5e48/linux-amd64/libnative-platform.so
7f4d18e06000-7f4d18e07000 rw-p 00006000 fe:00 525894                     /root/.gradle/native/c067742578af261105cb4f569cf0c3c89f3d7b1fecec35dd04571415982c5e48/linux-amd64/libnative-platform.so
7f4d18eee000-7f4d18eef000 r--p 00000000 00:25 13837                      /usr/lib/jvm/java-17-openjdk-amd64/lib/librmi.so
7f4d18eef000-7f4d18ef0000 r-xp 00001000 00:25 13837                      /usr/lib/jvm/java-17-openjdk-amd64/lib/librmi.so
7f4d18ef0000-7f4d18ef1000 r--p 00002000 00:25 13837                      /usr/lib/jvm/java-17-openjdk-amd64/lib/librmi.so
7f4d18ef1000-7f4d18ef2000 r--p 00002000 00:25 13837                      /usr/lib/jvm/java-17-openjdk-amd64/lib/librmi.so
7f4d18ef2000-7f4d18ef3000 rw-p 00003000 00:25 13837                      /usr/lib/jvm/java-17-openjdk-amd64/lib/librmi.so
7f4d18ef3000-7f4d18ef4000 ---p 00000000 00:00 0 
7f4d18ef4000-7f4d18ef8000 ---p 00000000 00:00 0 
7f4d18ef8000-7f4d18ff4000 rw-p 00000000 00:00 0 
7f4d18ff4000-7f4d18ff6000 r--p 00000000 00:25 13832                      /usr/lib/jvm/java-17-openjdk-amd64/lib/libmanagement_ext.so
7f4d18ff6000-7f4d18ff9000 r-xp 00002000 00:25 13832                      /usr/lib/jvm/java-17-openjdk-amd64/lib/libmanagement_ext.so
7f4d18ff9000-7f4d18ffa000 r--p 00005000 00:25 13832                      /usr/lib/jvm/java-17-openjdk-amd64/lib/libmanagement_ext.so
7f4d18ffa000-7f4d18ffb000 r--p 00006000 00:25 13832                      /usr/lib/jvm/java-17-openjdk-amd64/lib/libmanagement_ext.so
7f4d18ffb000-7f4d18ffc000 rw-p 00007000 00:25 13832                      /usr/lib/jvm/java-17-openjdk-amd64/lib/libmanagement_ext.so
7f4d18ffc000-7f4d19000000 r--p 00000000 00:25 13842                      /usr/lib/jvm/java-17-openjdk-amd64/lib/libverify.so
7f4d19000000-7f4d19007000 r-xp 00004000 00:25 13842                      /usr/lib/jvm/java-17-openjdk-amd64/lib/libverify.so
7f4d19007000-7f4d19009000 r--p 0000b000 00:25 13842                      /usr/lib/jvm/java-17-openjdk-amd64/lib/libverify.so
7f4d19009000-7f4d1900b000 r--p 0000c000 00:25 13842                      /usr/lib/jvm/java-17-openjdk-amd64/lib/libverify.so
7f4d1900b000-7f4d1900c000 rw-p 0000e000 00:25 13842                      /usr/lib/jvm/java-17-openjdk-amd64/lib/libverify.so
7f4d1900c000-7f4d1900d000 ---p 00000000 00:00 0 
7f4d1900d000-7f4d1910d000 rw-p 00000000 00:00 0 
7f4d1910d000-7f4d1910e000 ---p 00000000 00:00 0 
7f4d1910e000-7f4d1920e000 rw-p 00000000 00:00 0 
7f4d1920e000-7f4d1920f000 ---p 00000000 00:00 0 
7f4d1920f000-7f4d19213000 ---p 00000000 00:00 0 
7f4d19213000-7f4d1930f000 rw-p 00000000 00:00 0 
7f4d1930f000-7f4d19310000 ---p 00000000 00:00 0 
7f4d19310000-7f4d19314000 ---p 00000000 00:00 0 
7f4d19314000-7f4d19410000 rw-p 00000000 00:00 0 
7f4d19410000-7f4d19411000 ---p 00000000 00:00 0 
7f4d19411000-7f4d19415000 ---p 00000000 00:00 0 
7f4d19415000-7f4d19ebd000 rw-p 00000000 00:00 0 
7f4d19ebd000-7f4d1b509000 ---p 00000000 00:00 0 
7f4d1b509000-7f4d1bebd000 rw-p 00000000 00:00 0 
7f4d1bebd000-7f4d1d509000 ---p 00000000 00:00 0 
7f4d1d509000-7f4d1d511000 rw-p 00000000 00:00 0 
7f4d1d511000-7f4d1f561000 rwxp 00000000 00:00 0 
7f4d1f561000-7f4d24a49000 ---p 00000000 00:00 0 
7f4d24a49000-7f4d24cb9000 rwxp 00000000 00:00 0 
7f4d24cb9000-7f4d24fd8000 ---p 00000000 00:00 0 
7f4d24fd8000-7f4d25778000 rwxp 00000000 00:00 0 
7f4d25778000-7f4d2c511000 ---p 00000000 00:00 0 
7f4d2c511000-7f4d34000000 r--s 00000000 00:25 13844                      /usr/lib/jvm/java-17-openjdk-amd64/lib/modules
7f4d34000000-7f4d351d6000 rw-p 00000000 00:00 0 
7f4d351d6000-7f4d38000000 ---p 00000000 00:00 0 
7f4d38000000-7f4d38001000 r--p 00000000 00:25 13813                      /usr/lib/jvm/java-17-openjdk-amd64/lib/libextnet.so
7f4d38001000-7f4d38002000 r-xp 00001000 00:25 13813                      /usr/lib/jvm/java-17-openjdk-amd64/lib/libextnet.so
7f4d38002000-7f4d38003000 r--p 00002000 00:25 13813                      /usr/lib/jvm/java-17-openjdk-amd64/lib/libextnet.so
7f4d38003000-7f4d38004000 r--p 00002000 00:25 13813                      /usr/lib/jvm/java-17-openjdk-amd64/lib/libextnet.so
7f4d38004000-7f4d38005000 rw-p 00003000 00:25 13813                      /usr/lib/jvm/java-17-openjdk-amd64/lib/libextnet.so
7f4d38005000-7f4d38006000 r--p 00000000 00:25 18162                      /usr/lib/x86_64-linux-gnu/libpthread.so.0
7f4d38006000-7f4d38007000 r-xp 00001000 00:25 18162                      /usr/lib/x86_64-linux-gnu/libpthread.so.0
7f4d38007000-7f4d38008000 r--p 00002000 00:25 18162                      /usr/lib/x86_64-linux-gnu/libpthread.so.0
7f4d38008000-7f4d38009000 r--p 00002000 00:25 18162                      /usr/lib/x86_64-linux-gnu/libpthread.so.0
7f4d38009000-7f4d3800a000 rw-p 00003000 00:25 18162                      /usr/lib/x86_64-linux-gnu/libpthread.so.0
7f4d3800a000-7f4d3800e000 r--p 00000000 00:25 13834                      /usr/lib/jvm/java-17-openjdk-amd64/lib/libnet.so
7f4d3800e000-7f4d3801c000 r-xp 00004000 00:25 13834                      /usr/lib/jvm/java-17-openjdk-amd64/lib/libnet.so
7f4d3801c000-7f4d38020000 r--p 00012000 00:25 13834                      /usr/lib/jvm/java-17-openjdk-amd64/lib/libnet.so
7f4d38020000-7f4d38021000 r--p 00015000 00:25 13834                      /usr/lib/jvm/java-17-openjdk-amd64/lib/libnet.so
7f4d38021000-7f4d38022000 rw-p 00016000 00:25 13834                      /usr/lib/jvm/java-17-openjdk-amd64/lib/libnet.so
7f4d38022000-7f4d38023000 ---p 00000000 00:00 0 
7f4d38023000-7f4d38027000 ---p 00000000 00:00 0 
7f4d38027000-7f4d38123000 rw-p 00000000 00:00 0 
7f4d38123000-7f4d38124000 ---p 00000000 00:00 0 
7f4d38124000-7f4d38128000 ---p 00000000 00:00 0 
7f4d38128000-7f4d38224000 rw-p 00000000 00:00 0 
7f4d38224000-7f4d38225000 ---p 00000000 00:00 0 
7f4d38225000-7f4d38229000 ---p 00000000 00:00 0 
7f4d38229000-7f4d38325000 rw-p 00000000 00:00 0 
7f4d38325000-7f4d38326000 ---p 00000000 00:00 0 
7f4d38326000-7f4d3832a000 ---p 00000000 00:00 0 
7f4d3832a000-7f4d38426000 rw-p 00000000 00:00 0 
7f4d38426000-7f4d38427000 ---p 00000000 00:00 0 
7f4d38427000-7f4d3842b000 ---p 00000000 00:00 0 
7f4d3842b000-7f4d38527000 rw-p 00000000 00:00 0 
7f4d38527000-7f4d3857e000 r--p 00000000 00:25 13893                      /usr/lib/locale/C.utf8/LC_CTYPE
7f4d3857e000-7f4d3857f000 ---p 00000000 00:00 0 
7f4d3857f000-7f4d38583000 ---p 00000000 00:00 0 
7f4d38583000-7f4d3867f000 rw-p 00000000 00:00 0 
7f4d3867f000-7f4d38680000 ---p 00000000 00:00 0 
7f4d38680000-7f4d38684000 ---p 00000000 00:00 0 
7f4d38684000-7f4d38780000 rw-p 00000000 00:00 0 
7f4d38780000-7f4d38781000 ---p 00000000 00:00 0 
7f4d38781000-7f4d38881000 rw-p 00000000 00:00 0 
7f4d38881000-7f4d38886000 r--p 00000000 00:25 13828                      /usr/lib/jvm/java-17-openjdk-amd64/lib/libjsvml.so
7f4d38886000-7f4d388c7000 r-xp 00005000 00:25 13828                      /usr/lib/jvm/java-17-openjdk-amd64/lib/libjsvml.so
7f4d388c7000-7f4d38950000 r--p 00046000 00:25 13828                      /usr/lib/jvm/java-17-openjdk-amd64/lib/libjsvml.so
7f4d38950000-7f4d38951000 r--p 000ce000 00:25 13828                      /usr/lib/jvm/java-17-openjdk-amd64/lib/libjsvml.so
7f4d38951000-7f4d38952000 rw-p 000cf000 00:25 13828                      /usr/lib/jvm/java-17-openjdk-amd64/lib/libjsvml.so
7f4d38952000-7f4d38a6f000 rw-p 00000000 00:00 0 
7f4d38a72000-7f4d38a74000 r--p 00000000 00:25 13830                      /usr/lib/jvm/java-17-openjdk-amd64/lib/libmanagement.so
7f4d38a74000-7f4d38a75000 r-xp 00002000 00:25 13830                      /usr/lib/jvm/java-17-openjdk-amd64/lib/libmanagement.so
7f4d38a75000-7f4d38a76000 r--p 00003000 00:25 13830                      /usr/lib/jvm/java-17-openjdk-amd64/lib/libmanagement.so
7f4d38a76000-7f4d38a77000 r--p 00003000 00:25 13830                      /usr/lib/jvm/java-17-openjdk-amd64/lib/libmanagement.so
7f4d38a77000-7f4d38a78000 rw-p 00004000 00:25 13830                      /usr/lib/jvm/java-17-openjdk-amd64/lib/libmanagement.so
7f4d38a78000-7f4d38a7f000 r--p 00000000 00:25 13835                      /usr/lib/jvm/java-17-openjdk-amd64/lib/libnio.so
7f4d38a7f000-7f4d38a88000 r-xp 00007000 00:25 13835                      /usr/lib/jvm/java-17-openjdk-amd64/lib/libnio.so
7f4d38a88000-7f4d38a8c000 r--p 00010000 00:25 13835                      /usr/lib/jvm/java-17-openjdk-amd64/lib/libnio.so
7f4d38a8c000-7f4d38a8d000 r--p 00014000 00:25 13835                      /usr/lib/jvm/java-17-openjdk-amd64/lib/libnio.so
7f4d38a8d000-7f4d38a8e000 rw-p 00015000 00:25 13835                      /usr/lib/jvm/java-17-openjdk-amd64/lib/libnio.so
7f4d38a8e000-7f4d38a90000 r--p 00000000 00:25 13843                      /usr/lib/jvm/java-17-openjdk-amd64/lib/libzip.so
7f4d38a90000-7f4d38a94000 r-xp 00002000 00:25 13843                      /usr/lib/jvm/java-17-openjdk-amd64/lib/libzip.so
7f4d38a94000-7f4d38a96000 r--p 00006000 00:25 13843                      /usr/lib/jvm/java-17-openjdk-amd64/lib/libzip.so
7f4d38a96000-7f4d38a97000 r--p 00007000 00:25 13843                      /usr/lib/jvm/java-17-openjdk-amd64/lib/libzip.so
7f4d38a97000-7f4d38a98000 rw-p 00008000 00:25 13843                      /usr/lib/jvm/java-17-openjdk-amd64/lib/libzip.so
7f4d38a98000-7f4d38a99000 r--p 00000000 00:25 13899                      /usr/lib/locale/C.utf8/LC_NUMERIC
7f4d38a99000-7f4d38a9a000 r--p 00000000 00:25 13902                      /usr/lib/locale/C.utf8/LC_TIME
7f4d38a9a000-7f4d38a9b000 r--p 00000000 00:25 13892                      /usr/lib/locale/C.utf8/LC_COLLATE
7f4d38a9b000-7f4d38a9c000 r--p 00000000 00:25 13897                      /usr/lib/locale/C.utf8/LC_MONETARY
7f4d38a9c000-7f4d38a9d000 r--p 00000000 00:25 13896                      /usr/lib/locale/C.utf8/LC_MESSAGES/SYS_LC_MESSAGES
7f4d38a9d000-7f4d38a9e000 r--p 00000000 00:25 13900                      /usr/lib/locale/C.utf8/LC_PAPER
7f4d38a9e000-7f4d38a9f000 r--p 00000000 00:25 13898                      /usr/lib/locale/C.utf8/LC_NAME
7f4d38a9f000-7f4d38aa6000 r--s 00000000 00:25 17585                      /usr/lib/x86_64-linux-gnu/gconv/gconv-modules.cache
7f4d38aa6000-7f4d38aa7000 ---p 00000000 00:00 0 
7f4d38aa7000-7f4d38ba7000 rw-p 00000000 00:00 0 
7f4d38ba7000-7f4d38ba8000 ---p 00000000 00:00 0 
7f4d38ba8000-7f4d38eaa000 rw-p 00000000 00:00 0 
7f4d38eaa000-7f4d38eab000 ---p 00000000 00:00 0 
7f4d38eab000-7f4d38fab000 rw-p 00000000 00:00 0 
7f4d38fab000-7f4d38fac000 ---p 00000000 00:00 0 
7f4d38fac000-7f4d390ac000 rw-p 00000000 00:00 0 
7f4d390ac000-7f4d390ad000 ---p 00000000 00:00 0 
7f4d390ad000-7f4d39328000 rw-p 00000000 00:00 0 
7f4d39328000-7f4d395f1000 ---p 00000000 00:00 0 
7f4d395f1000-7f4d39728000 rw-p 00000000 00:00 0 
7f4d39728000-7f4d399f1000 ---p 00000000 00:00 0 
7f4d399f1000-7f4d39b28000 rw-p 00000000 00:00 0 
7f4d39b28000-7f4d39df1000 ---p 00000000 00:00 0 
7f4d39df1000-7f4d3a004000 rw-p 00000000 00:00 0 
7f4d3a004000-7f4d3a0df000 ---p 00000000 00:00 0 
7f4d3a0df000-7f4d3a120000 rw-p 00000000 00:00 0 
7f4d3a120000-7f4d3a1ca000 ---p 00000000 00:00 0 
7f4d3a1ca000-7f4d3a1cf000 rw-p 00000000 00:00 0 
7f4d3a1cf000-7f4d3a1d6000 ---p 00000000 00:00 0 
7f4d3a1d6000-7f4d3a1de000 rw-s 00000000 fe:00 532267                     /tmp/hsperfdata_root/1428
7f4d3a1de000-7f4d3a1ea000 r--p 00000000 00:25 13820                      /usr/lib/jvm/java-17-openjdk-amd64/lib/libjava.so
7f4d3a1ea000-7f4d3a1fb000 r-xp 0000c000 00:25 13820                      /usr/lib/jvm/java-17-openjdk-amd64/lib/libjava.so
7f4d3a1fb000-7f4d3a201000 r--p 0001d000 00:25 13820                      /usr/lib/jvm/java-17-openjdk-amd64/lib/libjava.so
7f4d3a201000-7f4d3a202000 r--p 00022000 00:25 13820                      /usr/lib/jvm/java-17-openjdk-amd64/lib/libjava.so
7f4d3a202000-7f4d3a203000 rw-p 00023000 00:25 13820                      /usr/lib/jvm/java-17-openjdk-amd64/lib/libjava.so
7f4d3a203000-7f4d3a204000 rw-p 00000000 00:00 0 
7f4d3a204000-7f4d3a205000 r--p 00000000 00:25 13815                      /usr/lib/jvm/java-17-openjdk-amd64/lib/libinstrument.so
7f4d3a205000-7f4d3a20b000 r-xp 00001000 00:25 13815                      /usr/lib/jvm/java-17-openjdk-amd64/lib/libinstrument.so
7f4d3a20b000-7f4d3a20e000 r--p 00007000 00:25 13815                      /usr/lib/jvm/java-17-openjdk-amd64/lib/libinstrument.so
7f4d3a20e000-7f4d3a20f000 r--p 00009000 00:25 13815                      /usr/lib/jvm/java-17-openjdk-amd64/lib/libinstrument.so
7f4d3a20f000-7f4d3a210000 rw-p 0000a000 00:25 13815                      /usr/lib/jvm/java-17-openjdk-amd64/lib/libinstrument.so
7f4d3a210000-7f4d3a212000 r--p 00000000 00:25 13824                      /usr/lib/jvm/java-17-openjdk-amd64/lib/libjimage.so
7f4d3a212000-7f4d3a215000 r-xp 00002000 00:25 13824                      /usr/lib/jvm/java-17-openjdk-amd64/lib/libjimage.so
7f4d3a215000-7f4d3a216000 r--p 00005000 00:25 13824                      /usr/lib/jvm/java-17-openjdk-amd64/lib/libjimage.so
7f4d3a216000-7f4d3a217000 r--p 00006000 00:25 13824                      /usr/lib/jvm/java-17-openjdk-amd64/lib/libjimage.so
7f4d3a217000-7f4d3a218000 rw-p 00007000 00:25 13824                      /usr/lib/jvm/java-17-openjdk-amd64/lib/libjimage.so
7f4d3a218000-7f4d3a21c000 ---p 00000000 00:00 0 
7f4d3a21c000-7f4d3a318000 rw-p 00000000 00:00 0 
7f4d3a318000-7f4d3a31b000 r--p 00000000 00:25 17971                      /usr/lib/x86_64-linux-gnu/libgcc_s.so.1
7f4d3a31b000-7f4d3a332000 r-xp 00003000 00:25 17971                      /usr/lib/x86_64-linux-gnu/libgcc_s.so.1
7f4d3a332000-7f4d3a336000 r--p 0001a000 00:25 17971                      /usr/lib/x86_64-linux-gnu/libgcc_s.so.1
7f4d3a336000-7f4d3a337000 r--p 0001d000 00:25 17971                      /usr/lib/x86_64-linux-gnu/libgcc_s.so.1
7f4d3a337000-7f4d3a338000 rw-p 0001e000 00:25 17971                      /usr/lib/x86_64-linux-gnu/libgcc_s.so.1
7f4d3a338000-7f4d3a348000 r--p 00000000 00:25 18072                      /usr/lib/x86_64-linux-gnu/libm.so.6
7f4d3a348000-7f4d3a3bc000 r-xp 00010000 00:25 18072                      /usr/lib/x86_64-linux-gnu/libm.so.6
7f4d3a3bc000-7f4d3a416000 r--p 00084000 00:25 18072                      /usr/lib/x86_64-linux-gnu/libm.so.6
7f4d3a416000-7f4d3a417000 r--p 000dd000 00:25 18072                      /usr/lib/x86_64-linux-gnu/libm.so.6
7f4d3a417000-7f4d3a418000 rw-p 000de000 00:25 18072                      /usr/lib/x86_64-linux-gnu/libm.so.6
7f4d3a418000-7f4d3a4b1000 r--p 00000000 00:25 18239                      /usr/lib/x86_64-linux-gnu/libstdc++.so.6.0.30
7f4d3a4b1000-7f4d3a5b2000 r-xp 00099000 00:25 18239                      /usr/lib/x86_64-linux-gnu/libstdc++.so.6.0.30
7f4d3a5b2000-7f4d3a621000 r--p 0019a000 00:25 18239                      /usr/lib/x86_64-linux-gnu/libstdc++.so.6.0.30
7f4d3a621000-7f4d3a62c000 r--p 00209000 00:25 18239                      /usr/lib/x86_64-linux-gnu/libstdc++.so.6.0.30
7f4d3a62c000-7f4d3a62f000 rw-p 00214000 00:25 18239                      /usr/lib/x86_64-linux-gnu/libstdc++.so.6.0.30
7f4d3a62f000-7f4d3a632000 rw-p 00000000 00:00 0 
7f4d3a632000-7f4d3a883000 r--p 00000000 00:25 13856                      /usr/lib/jvm/java-17-openjdk-amd64/lib/server/libjvm.so
7f4d3a883000-7f4d3b5d5000 r-xp 00251000 00:25 13856                      /usr/lib/jvm/java-17-openjdk-amd64/lib/server/libjvm.so
7f4d3b5d5000-7f4d3b857000 r--p 00fa3000 00:25 13856                      /usr/lib/jvm/java-17-openjdk-amd64/lib/server/libjvm.so
7f4d3b857000-7f4d3b90f000 r--p 01225000 00:25 13856                      /usr/lib/jvm/java-17-openjdk-amd64/lib/server/libjvm.so
7f4d3b90f000-7f4d3b944000 rw-p 012dd000 00:25 13856                      /usr/lib/jvm/java-17-openjdk-amd64/lib/server/libjvm.so
7f4d3b944000-7f4d3b9a0000 rw-p 00000000 00:00 0 
7f4d3b9a0000-7f4d3b9c6000 r--p 00000000 00:25 17860                      /usr/lib/x86_64-linux-gnu/libc.so.6
7f4d3b9c6000-7f4d3bb1c000 r-xp 00026000 00:25 17860                      /usr/lib/x86_64-linux-gnu/libc.so.6
7f4d3bb1c000-7f4d3bb6f000 r--p 0017c000 00:25 17860                      /usr/lib/x86_64-linux-gnu/libc.so.6
7f4d3bb6f000-7f4d3bb73000 r--p 001cf000 00:25 17860                      /usr/lib/x86_64-linux-gnu/libc.so.6
7f4d3bb73000-7f4d3bb75000 rw-p 001d3000 00:25 17860                      /usr/lib/x86_64-linux-gnu/libc.so.6
7f4d3bb75000-7f4d3bb82000 rw-p 00000000 00:00 0 
7f4d3bb82000-7f4d3bb84000 r--p 00000000 00:25 13825                      /usr/lib/jvm/java-17-openjdk-amd64/lib/libjli.so
7f4d3bb84000-7f4d3bb8d000 r-xp 00002000 00:25 13825                      /usr/lib/jvm/java-17-openjdk-amd64/lib/libjli.so
7f4d3bb8d000-7f4d3bb90000 r--p 0000b000 00:25 13825                      /usr/lib/jvm/java-17-openjdk-amd64/lib/libjli.so
7f4d3bb90000-7f4d3bb91000 r--p 0000d000 00:25 13825                      /usr/lib/jvm/java-17-openjdk-amd64/lib/libjli.so
7f4d3bb91000-7f4d3bb92000 rw-p 0000e000 00:25 13825                      /usr/lib/jvm/java-17-openjdk-amd64/lib/libjli.so
7f4d3bb92000-7f4d3bb95000 r--p 00000000 00:25 1006                       /usr/lib/x86_64-linux-gnu/libz.so.1.2.13
7f4d3bb95000-7f4d3bba8000 r-xp 00003000 00:25 1006                       /usr/lib/x86_64-linux-gnu/libz.so.1.2.13
7f4d3bba8000-7f4d3bbaf000 r--p 00016000 00:25 1006                       /usr/lib/x86_64-linux-gnu/libz.so.1.2.13
7f4d3bbaf000-7f4d3bbb0000 r--p 0001c000 00:25 1006                       /usr/lib/x86_64-linux-gnu/libz.so.1.2.13
7f4d3bbb0000-7f4d3bbb1000 rw-p 0001d000 00:25 1006                       /usr/lib/x86_64-linux-gnu/libz.so.1.2.13
7f4d3bbb1000-7f4d3bbb2000 r--p 00000000 00:25 13891                      /usr/lib/locale/C.utf8/LC_ADDRESS
7f4d3bbb2000-7f4d3bbb3000 r--p 00000000 00:25 13901                      /usr/lib/locale/C.utf8/LC_TELEPHONE
7f4d3bbb3000-7f4d3bbb4000 r--p 00000000 00:25 13895                      /usr/lib/locale/C.utf8/LC_MEASUREMENT
7f4d3bbb4000-7f4d3bbb5000 r--p 00000000 00:25 13894                      /usr/lib/locale/C.utf8/LC_IDENTIFICATION
7f4d3bbb5000-7f4d3bbb6000 ---p 00000000 00:00 0 
7f4d3bbb6000-7f4d3bbb7000 r--p 00000000 00:00 0 
7f4d3bbb7000-7f4d3bbb8000 ---p 00000000 00:00 0 
7f4d3bbb8000-7f4d3bbba000 rw-p 00000000 00:00 0 
7f4d3bbba000-7f4d3bbbb000 r--p 00000000 00:25 17646                      /usr/lib/x86_64-linux-gnu/ld-linux-x86-64.so.2
7f4d3bbbb000-7f4d3bbe1000 r-xp 00001000 00:25 17646                      /usr/lib/x86_64-linux-gnu/ld-linux-x86-64.so.2
7f4d3bbe1000-7f4d3bbeb000 r--p 00027000 00:25 17646                      /usr/lib/x86_64-linux-gnu/ld-linux-x86-64.so.2
7f4d3bbeb000-7f4d3bbed000 r--p 00031000 00:25 17646                      /usr/lib/x86_64-linux-gnu/ld-linux-x86-64.so.2
7f4d3bbed000-7f4d3bbef000 rw-p 00033000 00:25 17646                      /usr/lib/x86_64-linux-gnu/ld-linux-x86-64.so.2
7ffdda2c7000-7ffdda2e8000 rw-p 00000000 00:00 0                          [stack]
7ffdda345000-7ffdda348000 r--p 00000000 00:00 0                          [vvar]
7ffdda348000-7ffdda34a000 r-xp 00000000 00:00 0                          [vdso]
ffffffffff600000-ffffffffff601000 r-xp 00000000 00:00 0                  [vsyscall]


VM Arguments:
jvm_args: --add-opens=java.base/java.util=ALL-UNNAMED --add-opens=java.base/java.lang=ALL-UNNAMED --add-opens=java.base/java.lang.invoke=ALL-UNNAMED --add-opens=java.prefs/java.util.prefs=ALL-UNNAMED --add-opens=java.base/java.nio.charset=ALL-UNNAMED --add-opens=java.base/java.net=ALL-UNNAMED --add-opens=java.base/java.util.concurrent.atomic=ALL-UNNAMED -Xmx2048m -Dfile.encoding=UTF-8 -Duser.country -Duser.language=en -Duser.variant -javaagent:/root/.gradle/wrapper/dists/gradle-8.7-bin/bhs2wmbdwecv87pi65oeuq5iu/gradle-8.7/lib/agents/gradle-instrumentation-agent-8.7.jar 
java_command: org.gradle.launcher.daemon.bootstrap.GradleDaemon 8.7
java_class_path (initial): /root/.gradle/wrapper/dists/gradle-8.7-bin/bhs2wmbdwecv87pi65oeuq5iu/gradle-8.7/lib/gradle-launcher-8.7.jar
Launcher Type: SUN_STANDARD

[Global flags]
     intx CICompilerCount                          = 2                                         {product} {ergonomic}
     uint ConcGCThreads                            = 1                                         {product} {ergonomic}
     uint G1ConcRefinementThreads                  = 2                                         {product} {ergonomic}
   size_t G1HeapRegionSize                         = 1048576                                   {product} {ergonomic}
    uintx GCDrainStackTargetSize                   = 64                                        {product} {ergonomic}
   size_t InitialHeapSize                          = 33554432                                  {product} {ergonomic}
   size_t MarkStackSize                            = 4194304                                   {product} {ergonomic}
   size_t MaxHeapSize                              = 2147483648                                {product} {command line}
   size_t MaxNewSize                               = 1287651328                                {product} {ergonomic}
   size_t MinHeapDeltaBytes                        = 1048576                                   {product} {ergonomic}
   size_t MinHeapSize                              = 8388608                                   {product} {ergonomic}
    uintx NonNMethodCodeHeapSize                   = 5826188                                {pd product} {ergonomic}
    uintx NonProfiledCodeHeapSize                  = 122916026                              {pd product} {ergonomic}
    uintx ProfiledCodeHeapSize                     = 122916026                              {pd product} {ergonomic}
    uintx ReservedCodeCacheSize                    = 251658240                              {pd product} {ergonomic}
     bool SegmentedCodeCache                       = true                                      {product} {ergonomic}
   size_t SoftMaxHeapSize                          = 2147483648                             {manageable} {ergonomic}
     bool UseCompressedClassPointers               = true                           {product lp64_product} {ergonomic}
     bool UseCompressedOops                        = true                           {product lp64_product} {ergonomic}
     bool UseG1GC                                  = true                                      {product} {ergonomic}

Logging:
Log output configuration:
 #0: stdout all=warning uptime,level,tags
 #1: stderr all=off uptime,level,tags

Environment Variables:
PATH=/usr/local/sbin:/usr/local/bin:/usr/sbin:/usr/bin:/sbin:/bin
SHELL=/bin/bash
LANG=C.UTF-8
LC_ALL=C.UTF-8
TERM=tmux-256color

Active Locale:
LC_ALL=C.UTF-8
LC_COLLATE=C.UTF-8
LC_CTYPE=C.UTF-8
LC_MESSAGES=C.UTF-8
LC_MONETARY=C.UTF-8
LC_NUMERIC=C.UTF-8
LC_TIME=C.UTF-8

Signal Handlers:
   SIGSEGV: crash_handler in libjvm.so, mask=11100100010111111101111111111110, flags=SA_RESTART|SA_SIGINFO, unblocked
    SIGBUS: crash_handler in libjvm.so, mask=11100100010111111101111111111110, flags=SA_RESTART|SA_SIGINFO, unblocked
    SIGFPE: crash_handler in libjvm.so, mask=11100100010111111101111111111110, flags=SA_RESTART|SA_SIGINFO, unblocked
   SIGPIPE: javaSignalHandler in libjvm.so, mask=11100100010111111101111111111110, flags=SA_RESTART|SA_SIGINFO, unblocked
   SIGXFSZ: javaSignalHandler in libjvm.so, mask=11100100010111111101111111111110, flags=SA_RESTART|SA_SIGINFO, unblocked
    SIGILL: crash_handler in libjvm.so, mask=11100100010111111101111111111110, flags=SA_RESTART|SA_SIGINFO, unblocked
   SIGUSR2: SR_handler in libjvm.so, mask=00100000000000000000000000000000, flags=SA_RESTART|SA_SIGINFO, unblocked
    SIGHUP: UserHandler in libjvm.so, mask=11100100010111111101111111111110, flags=SA_RESTART|SA_SIGINFO, unblocked
    SIGINT: UserHandler in libjvm.so, mask=11100100010111111101111111111110, flags=SA_RESTART|SA_SIGINFO, unblocked
   SIGTERM: UserHandler in libjvm.so, mask=11100100010111111101111111111110, flags=SA_RESTART|SA_SIGINFO, unblocked
   SIGQUIT: UserHandler in libjvm.so, mask=11100100010111111101111111111110, flags=SA_RESTART|SA_SIGINFO, unblocked
   SIGTRAP: crash_handler in libjvm.so, mask=11100100010111111101111111111110, flags=SA_RESTART|SA_SIGINFO, unblocked


Periodic native trim disabled


---------------  S Y S T E M  ---------------

OS:
PRETTY_NAME="Debian GNU/Linux 12 (bookworm)"
NAME="Debian GNU/Linux"
VERSION_ID="12"
VERSION="12 (bookworm)"
VERSION_CODENAME=bookworm
ID=debian
HOME_URL="https://www.debian.org/"
SUPPORT_URL="https://www.debian.org/support"
BUG_REPORT_URL="https://bugs.debian.org/"
uname: Linux 4.19.91-c8dfc93.al7.x86_64 #1 SMP Tue Sep 26 10:25:51 UTC 2023 x86_64
OS uptime: 0 days 0:15 hours
libc: glibc 2.36 NPTL 2.36 
rlimit (soft/hard): STACK 8192k/infinity , CORE 0k/0k , NPROC 100000/100000 , NOFILE 100000/100000 , AS infinity/infinity , CPU infinity/infinity , DATA infinity/infinity , FSIZE infinity/infinity , MEMLOCK 64k/64k
load average: 3.67 1.71 0.74

/proc/meminfo:
MemTotal:        2152516 kB
MemFree:           34548 kB
MemAvailable:     206164 kB
Buffers:           18164 kB
Cached:           201616 kB
SwapCached:            0 kB
Active:          1915828 kB
Inactive:         111948 kB
Active(anon):    1807992 kB
Inactive(anon):       16 kB
Active(file):     107836 kB
Inactive(file):   111932 kB
Unevictable:           0 kB
Mlocked:               0 kB
SwapTotal:             0 kB
SwapFree:              0 kB
Dirty:              2812 kB
Writeback:             0 kB
AnonPages:       1804948 kB
Mapped:            29300 kB
Shmem:                32 kB
Slab:              40216 kB
SReclaimable:      27356 kB
SUnreclaim:        12860 kB
KernelStack:        3360 kB
PageTables:         5260 kB
NFS_Unstable:          0 kB
Bounce:                0 kB
WritebackTmp:          0 kB
CommitLimit:     1076256 kB
Committed_AS:    2177980 kB
VmallocTotal:   34359738367 kB
VmallocUsed:           0 kB
VmallocChunk:          0 kB
Percpu:              384 kB
AnonHugePages:    436224 kB
ShmemHugePages:        0 kB
ShmemPmdMapped:        0 kB
HugePages_Total:       0
HugePages_Free:        0
HugePages_Rsvd:        0
HugePages_Surp:        0
Hugepagesize:       2048 kB
Hugetlb:               0 kB
DirectMap4k:        8192 kB
DirectMap2M:     2523136 kB
DirectMap1G:           0 kB

/sys/kernel/mm/transparent_hugepage/enabled: [always] madvise never
/sys/kernel/mm/transparent_hugepage/hpage_pmd_size: 2097152
/sys/kernel/mm/transparent_hugepage/defrag (defrag/compaction efforts parameter): always defer defer+madvise madvise [never]

Process Memory:
Virtual Size: 4480120K (peak: 4875480K)
Resident Set Size: 979976K (peak: 979976K) (anon: 956144K, file: 23832K, shmem: 0K)
Swapped out: 0K
C-Heap outstanding allocations: 99589K, retained: 50210K
glibc malloc tunables: (default)

/proc/sys/kernel/threads-max (system-wide limit on the number of threads): 1129
/proc/sys/vm/max_map_count (maximum number of memory map areas a process may have): 65530
/proc/sys/vm/swappiness (control to define how aggressively the kernel swaps out anonymous memory): 60
/proc/sys/kernel/pid_max (system-wide limit on number of process identifiers): 32768

container (cgroup) information:
container_type: cgroupv1
cpu_cpuset_cpus: 0-1
cpu_memory_nodes: 0
active_processor_count: 2
cpu_quota: no quota
cpu_period: 100000
cpu_shares: 12288
memory_limit_in_bytes: 2097152 k
memory_and_swap_limit_in_bytes: unlimited
memory_soft_limit_in_bytes: unlimited
memory_usage_in_bytes: 2052900 k
memory_max_usage_in_bytes: 2059700 k
rss_usage_in_bytes: 1797468 k
cache_usage_in_bytes: 219276 k
kernel_memory_limit_in_bytes: unlimited
kernel_memory_usage_in_bytes: 35736 k
kernel_memory_max_usage_in_bytes: 81324 k
maximum number of tasks: unlimited
current number of tasks: 134

KVM virtualization detected
Steal ticks since vm start: 9201
Steal ticks percentage since vm start:  0.460

CPU: total 2 (initial active 2) (2 cores per cpu, 1 threads per core) family 6 model 85 stepping 7 microcode 0x1, cx8, cmov, fxsr, mmx, 3dnowpref, sse, sse2, sse3, ssse3, sse4.1, sse4.2, popcnt, lzcnt, tsc, tscinvbit, avx, avx2, aes, erms, clmul, bmi1, bmi2, adx, avx512f, avx512dq, avx512cd, avx512bw, avx512vl, fma, vzeroupper, avx512_vnni, clflush, clflushopt, clwb, hv
CPU Model and flags from /proc/cpuinfo:
model name	: Intel(R) Xeon(R) Processor @ 2.50GHz
flags		: fpu vme de pse tsc msr pae mce cx8 apic sep mtrr pge mca cmov pat pse36 clflush mmx fxsr sse sse2 ss ht syscall nx pdpe1gb rdtscp lm constant_tsc rep_good nopl xtopology nonstop_tsc cpuid tsc_known_freq pni pclmulqdq ssse3 fma cx16 pcid sse4_1 sse4_2 x2apic movbe popcnt tsc_deadline_timer aes xsave avx f16c rdrand hypervisor lahf_lm abm 3dnowprefetch cpuid_fault invpcid_single ssbd ibrs ibpb stibp ibrs_enhanced fsgsbase tsc_adjust bmi1 avx2 smep bmi2 erms invpcid mpx avx512f avx512dq rdseed adx smap clflushopt clwb avx512cd avx512bw avx512vl xsaveopt xsavec xgetbv1 xsaves umip avx512_vnni md_clear arch_capabilities

Online cpus: 0-1
Offline cpus: 
BIOS frequency limitation: <Not Available>
Frequency switch latency (ns): <Not Available>
Available cpu frequencies: <Not Available>
Current governor: <Not Available>
Core performance/turbo boost: <Not Available>

Memory: 4k page, physical 2097152k(44252k free), swap 0k(0k free)
Page Sizes: 4k

vm_info: OpenJDK 64-Bit Server VM (17.0.20+8-1-deb12u1-Debian) for linux-amd64 JRE (17.0.20+8-1-deb12u1-Debian), built on Jul 28 2026 07:08:51 by "buildd" with gcc 12.2.0

END.
