#
# There is insufficient memory for the Java Runtime Environment to continue.
# Native memory allocation (mmap) failed to map 408944640 bytes. Error detail: committing reserved memory.
# Possible reasons:
#   The system is out of physical RAM or swap space
#   This process is running with CompressedOops enabled, and the Java Heap may be blocking the growth of the native heap
# Possible solutions:
#   Reduce memory load on the system
#   Increase physical memory or swap space
#   Check if swap backing store is full
#   Decrease Java heap size (-Xmx/-Xms)
#   Decrease number of Java threads
#   Decrease Java thread stack sizes (-Xss)
#   Set larger code cache with -XX:ReservedCodeCacheSize=
#   JVM is running with Unscaled Compressed Oops mode in which the Java heap is
#     placed in the first 4GB address space. The Java Heap base address is the
#     maximum limit for the native heap growth. Please use -XX:HeapBaseMinAddress
#     to set the Java Heap base and to place the Java Heap above 4GB virtual address.
# This output file may be truncated or incomplete.
#
#  Out of Memory Error (os_linux.cpp:2834), pid=2848, tid=2858
#
# JRE version: OpenJDK Runtime Environment (17.0.20+8) (build 17.0.20+8-1-deb12u1-Debian)
# Java VM: OpenJDK 64-Bit Server VM (17.0.20+8-1-deb12u1-Debian, mixed mode, sharing, tiered, compressed oops, compressed class ptrs, g1 gc, linux-amd64)
# No core dump will be written. Core dumps have been disabled. To enable core dumping, try "ulimit -c unlimited" before starting Java again
#

---------------  S U M M A R Y ------------

Command Line: -XX:MaxMetaspaceSize=384m --add-opens=java.base/java.util=ALL-UNNAMED --add-opens=java.base/java.lang=ALL-UNNAMED --add-opens=java.base/java.lang.invoke=ALL-UNNAMED --add-opens=java.prefs/java.util.prefs=ALL-UNNAMED --add-opens=java.base/java.nio.charset=ALL-UNNAMED --add-opens=java.base/java.net=ALL-UNNAMED --add-opens=java.base/java.util.concurrent.atomic=ALL-UNNAMED -Xmx1600m -Dfile.encoding=UTF-8 -Duser.country -Duser.language=en -Duser.variant -javaagent:/root/.gradle/wrapper/dists/gradle-8.7-bin/bhs2wmbdwecv87pi65oeuq5iu/gradle-8.7/lib/agents/gradle-instrumentation-agent-8.7.jar org.gradle.launcher.daemon.bootstrap.GradleDaemon 8.7

Host: Intel(R) Xeon(R) Processor @ 2.50GHz, 2 cores, 2G, Debian GNU/Linux 12 (bookworm)
Time: Thu Sep 24 16:48:13 2026 UTC elapsed time: 65.803723 seconds (0d 0h 1m 5s)

---------------  T H R E A D  ---------------

Current thread (0x00007f2a500bfb30):  VMThread "VM Thread" [stack: 0x00007f2a35a40000,0x00007f2a35b40000] [id=2858]

Stack: [0x00007f2a35a40000,0x00007f2a35b40000],  sp=0x00007f2a35b3dd70,  free space=1015k
Native frames: (J=compiled Java code, j=interpreted, Vv=VM code, C=native code)
V  [libjvm.so+0xf21211]  VMError::report_and_die(int, char const*, char const*, __va_list_tag*, Thread*, unsigned char*, void*, void*, char const*, int, unsigned long)+0x171
V  [libjvm.so+0xf21d7d]  VMError::report_and_die(Thread*, char const*, int, unsigned long, VMErrorType, char const*, __va_list_tag*)+0x2d
V  [libjvm.so+0x60378c]  report_vm_out_of_memory(char const*, int, unsigned long, VMErrorType, char const*, ...)+0xdc
V  [libjvm.so+0xc2a14b]  os::pd_commit_memory_or_exit(char*, unsigned long, unsigned long, bool, char const*)+0xeb
V  [libjvm.so+0xc23ffb]  os::commit_memory_or_exit(char*, unsigned long, unsigned long, bool, char const*)+0x1b
V  [libjvm.so+0x733436]  G1PageBasedVirtualSpace::commit(unsigned long, unsigned long)+0x66
V  [libjvm.so+0x7473e0]  G1RegionsLargerThanCommitSizeMapper::commit_regions(unsigned int, unsigned long, WorkGang*)+0x110
V  [libjvm.so+0x7dadc8]  HeapRegionManager::commit_regions(unsigned int, unsigned long, WorkGang*)+0x88
V  [libjvm.so+0x7dcc0b]  HeapRegionManager::expand(unsigned int, unsigned int, WorkGang*)+0x2b
V  [libjvm.so+0x7dce27]  HeapRegionManager::expand_by(unsigned int, WorkGang*)+0x77
V  [libjvm.so+0x6ebed8]  G1CollectedHeap::expand(unsigned long, WorkGang*, double*)+0xe8
V  [libjvm.so+0x6efb29]  G1CollectedHeap::do_collection_pause_at_safepoint_helper(double)+0x8a9
V  [libjvm.so+0x6efb8f]  G1CollectedHeap::do_collection_pause_at_safepoint(double)+0x2f
V  [libjvm.so+0x76b9d7]  VM_G1CollectForAllocation::doit()+0x47
V  [libjvm.so+0xf26715]  VM_Operation::evaluate()+0xe5
V  [libjvm.so+0xf28005]  VMThread::evaluate_operation(VM_Operation*)+0x105
V  [libjvm.so+0xf2857f]  VMThread::inner_execute(VM_Operation*)+0x28f
V  [libjvm.so+0xf2878f]  VMThread::run()+0xbf
V  [libjvm.so+0xea40a5]  Thread::call_run()+0xa5
V  [libjvm.so+0xc2c8f3]  thread_native_entry(Thread*)+0xe3

VM_Operation (0x00007f2a050dc520): G1CollectForAllocation, mode: safepoint, requested by thread 0x00007f2a201caa70


---------------  P R O C E S S  ---------------

Threads class SMR info:
_java_thread_list=0x00007f2a2c0f4ad0, length=61, elements={
0x00007f2a5001a7c0, 0x00007f2a500c3c30, 0x00007f2a500c5010, 0x00007f2a500cb8e0,
0x00007f2a500ccc90, 0x00007f2a500ce0a0, 0x00007f2a500cfa50, 0x00007f2a500d0f80,
0x00007f2a500d23f0, 0x00007f2a500edb30, 0x00007f2a501ad310, 0x00007f2a512d4bd0,
0x00007f2a5133b570, 0x00007f2a51366460, 0x00007f29f4016f30, 0x00007f29fc002c50,
0x00007f29fc007cd0, 0x00007f29fc009320, 0x00007f2a24002d70, 0x00007f2a240087f0,
0x00007f2a2400dd00, 0x00007f2a24191d20, 0x00007f2a2419bb10, 0x00007f2a241d9f90,
0x00007f2a246d8530, 0x00007f2a247ebbf0, 0x00007f2a248056b0, 0x00007f2a2480e6a0,
0x00007f2a24879060, 0x00007f2a24ea2f00, 0x00007f2a24748270, 0x00007f2a24c56370,
0x00007f2a257dcc70, 0x00007f2a256856a0, 0x00007f2a2636b760, 0x00007f2a200163b0,
0x00007f2a2c032610, 0x00007f2a2c077bc0, 0x00007f2a200331d0, 0x00007f2a2003b980,
0x00007f2a2003cfb0, 0x00007f2a20041c00, 0x00007f2a2c0a1fa0, 0x00007f2a2c09c8a0,
0x00007f2a2c09dad0, 0x00007f2a2004b8f0, 0x00007f2a2004f720, 0x00007f2a200502a0,
0x00007f2a200514f0, 0x00007f2a201caa70, 0x00007f2a2c0a6070, 0x00007f2a2c0a4f30,
0x00007f2a256c6540, 0x00007f2a2599e4b0, 0x00007f2a25986640, 0x00007f2a2c0b7770,
0x00007f2a2c0b4f90, 0x00007f2a25a218b0, 0x00007f2a25a22af0, 0x00007f29f000d6c0,
0x00007f2a2c0cb980
}

Java Threads: ( => current thread )
  0x00007f2a5001a7c0 JavaThread "main" [_thread_blocked, id=2850, stack(0x00007f2a56f64000,0x00007f2a57064000)]
  0x00007f2a500c3c30 JavaThread "Reference Handler" daemon [_thread_blocked, id=2859, stack(0x00007f2a3593f000,0x00007f2a35a3f000)]
  0x00007f2a500c5010 JavaThread "Finalizer" daemon [_thread_blocked, id=2860, stack(0x00007f2a3583e000,0x00007f2a3593e000)]
  0x00007f2a500cb8e0 JavaThread "Signal Dispatcher" daemon [_thread_blocked, id=2861, stack(0x00007f2a356e6000,0x00007f2a357e6000)]
  0x00007f2a500ccc90 JavaThread "Service Thread" daemon [_thread_blocked, id=2862, stack(0x00007f2a355e5000,0x00007f2a356e5000)]
  0x00007f2a500ce0a0 JavaThread "Monitor Deflation Thread" daemon [_thread_blocked, id=2863, stack(0x00007f2a354e4000,0x00007f2a355e4000)]
  0x00007f2a500cfa50 JavaThread "C2 CompilerThread0" daemon [_thread_blocked, id=2864, stack(0x00007f2a353e3000,0x00007f2a354e3000)]
  0x00007f2a500d0f80 JavaThread "C1 CompilerThread0" daemon [_thread_blocked, id=2865, stack(0x00007f2a352e2000,0x00007f2a353e2000)]
  0x00007f2a500d23f0 JavaThread "Sweeper thread" daemon [_thread_blocked, id=2866, stack(0x00007f2a351e1000,0x00007f2a352e1000)]
  0x00007f2a500edb30 JavaThread "Common-Cleaner" daemon [_thread_blocked, id=2867, stack(0x00007f2a350e0000,0x00007f2a351e0000)]
  0x00007f2a501ad310 JavaThread "Notification Thread" daemon [_thread_blocked, id=2868, stack(0x00007f2a34fdf000,0x00007f2a350df000)]
  0x00007f2a512d4bd0 JavaThread "Daemon health stats" [_thread_blocked, id=2876, stack(0x00007f2a34cdc000,0x00007f2a34ddc000)]
  0x00007f2a5133b570 JavaThread "Incoming local TCP Connector on port 38365" [_thread_in_native, id=2877, stack(0x00007f2a34900000,0x00007f2a34a00000)]
  0x00007f2a51366460 JavaThread "Daemon periodic checks" [_thread_blocked, id=2878, stack(0x00007f2a34500000,0x00007f2a34600000)]
  0x00007f29f4016f30 JavaThread "Daemon" [_thread_blocked, id=2879, stack(0x00007f2a343ff000,0x00007f2a344ff000)]
  0x00007f29fc002c50 JavaThread "Handler for socket connection from /127.0.0.1:38365 to /127.0.0.1:39924" [_thread_in_native, id=2880, stack(0x00007f2a342fe000,0x00007f2a343fe000)]
  0x00007f29fc007cd0 JavaThread "Cancel handler" [_thread_blocked, id=2882, stack(0x00007f2a341fd000,0x00007f2a342fd000)]
  0x00007f29fc009320 JavaThread "Daemon worker" [_thread_blocked, id=2883, stack(0x00007f2a340fc000,0x00007f2a341fc000)]
  0x00007f2a24002d70 JavaThread "Asynchronous log dispatcher for DefaultDaemonConnection: socket connection from /127.0.0.1:38365 to /127.0.0.1:39924" [_thread_blocked, id=2886, stack(0x00007f2a06f00000,0x00007f2a07000000)]
  0x00007f2a240087f0 JavaThread "Stdin handler" [_thread_blocked, id=2887, stack(0x00007f2a06dff000,0x00007f2a06eff000)]
  0x00007f2a2400dd00 JavaThread "Daemon client event forwarder" [_thread_blocked, id=2888, stack(0x00007f2a06cfe000,0x00007f2a06dfe000)]
  0x00007f2a24191d20 JavaThread "Cache worker for journal cache (/root/.gradle/caches/journal-1)" [_thread_blocked, id=2890, stack(0x00007f2a06bfd000,0x00007f2a06cfd000)]
  0x00007f2a2419bb10 JavaThread "File lock request listener" [_thread_in_native, id=2891, stack(0x00007f2a06afc000,0x00007f2a06bfc000)]
  0x00007f2a241d9f90 JavaThread "Cache worker for file hash cache (/root/.gradle/caches/8.7/fileHashes)" [_thread_blocked, id=2892, stack(0x00007f2a069fb000,0x00007f2a06afb000)]
  0x00007f2a246d8530 JavaThread "Cache worker for file hash cache (/workspace/VoiceAssistant/.gradle/8.7/fileHashes)" [_thread_blocked, id=2896, stack(0x00007f2a068fa000,0x00007f2a069fa000)]
  0x00007f2a247ebbf0 JavaThread "Cache worker for checksums cache (/workspace/VoiceAssistant/.gradle/8.7/checksums)" [_thread_blocked, id=2898, stack(0x00007f2a067f9000,0x00007f2a068f9000)]
  0x00007f2a248056b0 JavaThread "Cache worker for cache directory md-supplier (/root/.gradle/caches/8.7/md-supplier)" [_thread_blocked, id=2899, stack(0x00007f2a066f8000,0x00007f2a067f8000)]
  0x00007f2a2480e6a0 JavaThread "Cache worker for cache directory md-rule (/root/.gradle/caches/8.7/md-rule)" [_thread_blocked, id=2900, stack(0x00007f2a065f7000,0x00007f2a066f7000)]
  0x00007f2a24879060 JavaThread "Cache worker for file content cache (/root/.gradle/caches/8.7/fileContent)" [_thread_blocked, id=2901, stack(0x00007f2a064f6000,0x00007f2a065f6000)]
  0x00007f2a24ea2f00 JavaThread "Cache worker for Build Output Cleanup Cache (/workspace/VoiceAssistant/.gradle/buildOutputCleanup)" [_thread_blocked, id=2909, stack(0x00007f2a063f5000,0x00007f2a064f5000)]
  0x00007f2a24748270 JavaThread "Unconstrained build operations" [_thread_blocked, id=2913, stack(0x00007f2a062f4000,0x00007f2a063f4000)]
  0x00007f2a24c56370 JavaThread "Unconstrained build operations Thread 2" [_thread_blocked, id=2914, stack(0x00007f2a061f3000,0x00007f2a062f3000)]
  0x00007f2a257dcc70 JavaThread "Memory manager" [_thread_blocked, id=2922, stack(0x00007f2a060f2000,0x00007f2a061f2000)]
  0x00007f2a256856a0 JavaThread "build event listener" [_thread_blocked, id=2928, stack(0x00007f2a05ff1000,0x00007f2a060f1000)]
  0x00007f2a2636b760 JavaThread "included builds" [_thread_blocked, id=2946, stack(0x00007f2a05ef0000,0x00007f2a05ff0000)]
  0x00007f2a200163b0 JavaThread "Execution worker" [_thread_blocked, id=2947, stack(0x00007f2a05def000,0x00007f2a05eef000)]
  0x00007f2a2c032610 JavaThread "Cache worker for execution history cache (/workspace/VoiceAssistant/.gradle/8.7/executionHistory)" [_thread_blocked, id=2948, stack(0x00007f2a05cee000,0x00007f2a05dee000)]
  0x00007f2a2c077bc0 JavaThread "Unconstrained build operations Thread 3" [_thread_blocked, id=2951, stack(0x00007f2a05bed000,0x00007f2a05ced000)]
  0x00007f2a200331d0 JavaThread "Unconstrained build operations Thread 4" [_thread_blocked, id=2954, stack(0x00007f2a05aec000,0x00007f2a05bec000)]
  0x00007f2a2003b980 JavaThread "Unconstrained build operations Thread 5" [_thread_blocked, id=2955, stack(0x00007f2a059eb000,0x00007f2a05aeb000)]
  0x00007f2a2003cfb0 JavaThread "Unconstrained build operations Thread 6" [_thread_blocked, id=2956, stack(0x00007f2a058ea000,0x00007f2a059ea000)]
  0x00007f2a20041c00 JavaThread "Unconstrained build operations Thread 7" [_thread_blocked, id=2958, stack(0x00007f2a057e9000,0x00007f2a058e9000)]
  0x00007f2a2c0a1fa0 JavaThread "Unconstrained build operations Thread 8" [_thread_blocked, id=2959, stack(0x00007f2a056e8000,0x00007f2a057e8000)]
  0x00007f2a2c09c8a0 JavaThread "Unconstrained build operations Thread 9" [_thread_blocked, id=2960, stack(0x00007f2a055e7000,0x00007f2a056e7000)]
  0x00007f2a2c09dad0 JavaThread "Unconstrained build operations Thread 10" [_thread_blocked, id=2962, stack(0x00007f2a054e6000,0x00007f2a055e6000)]
  0x00007f2a2004b8f0 JavaThread "Unconstrained build operations Thread 11" [_thread_blocked, id=2963, stack(0x00007f2a053e5000,0x00007f2a054e5000)]
  0x00007f2a2004f720 JavaThread "Unconstrained build operations Thread 12" [_thread_blocked, id=2965, stack(0x00007f2a052e4000,0x00007f2a053e4000)]
  0x00007f2a200502a0 JavaThread "Unconstrained build operations Thread 13" [_thread_blocked, id=2966, stack(0x00007f2a051e3000,0x00007f2a052e3000)]
  0x00007f2a200514f0 JavaThread "Unconstrained build operations Thread 14" [_thread_blocked, id=2967, stack(0x00007f2a050e2000,0x00007f2a051e2000)]
  0x00007f2a201caa70 JavaThread "WorkerExecutor Queue" [_thread_blocked, id=2970, stack(0x00007f2a04fe1000,0x00007f2a050e1000)]
  0x00007f2a2c0a6070 JavaThread "Unconstrained build operations Thread 15" [_thread_blocked, id=2971, stack(0x00007f2a04ee0000,0x00007f2a04fe0000)]
  0x00007f2a2c0a4f30 JavaThread "Unconstrained build operations Thread 16" [_thread_blocked, id=2972, stack(0x00007f2a04ddf000,0x00007f2a04edf000)]
  0x00007f2a256c6540 JavaThread "RMI Scheduler(0)" daemon [_thread_blocked, id=2974, stack(0x00007f2a04cde000,0x00007f2a04dde000)]
  0x00007f2a2599e4b0 JavaThread "RMI GC Daemon" daemon [_thread_blocked, id=2976, stack(0x00007f2a04adc000,0x00007f2a04bdc000)]
  0x00007f2a25986640 JavaThread "process reaper (pid 2979)" daemon [_thread_in_native, id=2980, stack(0x00007f2a34cb9000,0x00007f2a34cdb000)]
  0x00007f2a2c0b7770 JavaThread "Unconstrained build operations Thread 17" [_thread_blocked, id=2997, stack(0x00007f2a045ff000,0x00007f2a046ff000)]
  0x00007f2a2c0b4f90 JavaThread "Unconstrained build operations Thread 18" [_thread_blocked, id=3005, stack(0x00007f2a044fe000,0x00007f2a045fe000)]
  0x00007f2a25a218b0 JavaThread "RMI TCP Accept-0" daemon [_thread_in_native, id=3022, stack(0x00007f2a042fc000,0x00007f2a043fc000)]
  0x00007f2a25a22af0 JavaThread "RMI Reaper" [_thread_blocked, id=3023, stack(0x00007f2a041fb000,0x00007f2a042fb000)]
  0x00007f29f000d6c0 JavaThread "RMI TCP Connection(2)-127.0.0.1" daemon [_thread_in_native, id=3025, stack(0x00007f2a040fa000,0x00007f2a041fa000)]
  0x00007f2a2c0cb980 JavaThread "WorkerExecutor Queue Thread 2" [_thread_blocked, id=3081, stack(0x00007f2a04bdd000,0x00007f2a04cdd000)]

Other Threads:
=>0x00007f2a500bfb30 VMThread "VM Thread" [stack: 0x00007f2a35a40000,0x00007f2a35b40000] [id=2858]
  0x00007f2a5001cb30 WatcherThread [stack: 0x00007f2a34ede000,0x00007f2a34fde000] [id=2869]
  0x00007f2a50068430 GCTaskThread "GC Thread#0" [stack: 0x00007f2a547a8000,0x00007f2a548a8000] [id=2853]
  0x00007f2a00004990 GCTaskThread "GC Thread#1" [stack: 0x00007f2a34ddd000,0x00007f2a34edd000] [id=2870]
  0x00007f2a50076210 ConcurrentGCThread "G1 Main Marker" [stack: 0x00007f2a546a7000,0x00007f2a547a7000] [id=2854]
  0x00007f2a50077180 ConcurrentGCThread "G1 Conc#0" [stack: 0x00007f2a545a6000,0x00007f2a546a6000] [id=2855]
  0x00007f2a50095db0 ConcurrentGCThread "G1 Refine#0" [stack: 0x00007f2a542a3000,0x00007f2a543a3000] [id=2856]
  0x00007f2a50096cb0 ConcurrentGCThread "G1 Service" [stack: 0x00007f2a541a2000,0x00007f2a542a2000] [id=2857]

Threads with active compile tasks:
C2 CompilerThread0  65812 13551       4       java.util.Arrays::sort (47 bytes)
C1 CompilerThread0  65812 13640 %     3       com.android.tools.r8.ir.regalloc.b::b @ 1867 (4458 bytes)

VM state: at safepoint (normal execution)

VM Mutex/Monitor currently owned by a thread:  ([mutex/lock_event])
[0x00007f2a500175b0] Threads_lock - owner thread: 0x00007f2a500bfb30
[0x00007f2a50017d60] Heap_lock - owner thread: 0x00007f2a201caa70

Heap address: 0x000000009c000000, size: 1600 MB, Compressed Oops mode: 32-bit

CDS archive(s) mapped at: [0x00007f2a0b000000-0x00007f2a0bbca000-0x00007f2a0bbca000), size 12361728, SharedBaseAddress: 0x00007f2a0b000000, ArchiveRelocationMode: 1.
Compressed class space mapped at: 0x00007f2a0c000000-0x00007f2a20000000, reserved size: 335544320
Narrow klass base: 0x00007f2a0b000000, Narrow klass shift: 0, Narrow klass range: 0x100000000

GC Precious Log:
 CPUs: 2 total, 2 available
 Memory: 2048M
 Large Page Support: Disabled
 NUMA Support: Disabled
 Compressed Oops: Enabled (32-bit)
 Heap Region Size: 1M
 Heap Min Capacity: 8M
 Heap Initial Capacity: 32M
 Heap Max Capacity: 1600M
 Pre-touch: Disabled
 Parallel Workers: 2
 Concurrent Workers: 1
 Concurrent Refinement Workers: 2
 Periodic GC: Disabled

Heap:
 garbage-first heap   total 199680K, used 106657K [0x000000009c000000, 0x0000000100000000)
  region size 1024K, 2 young (2048K), 2 survivors (2048K)
 Metaspace       used 105674K, committed 106560K, reserved 458752K
  class space    used 14863K, committed 15296K, reserved 327680K

Heap Regions: E=young(eden), S=young(survivor), O=old, HS=humongous(starts), HC=humongous(continues), CS=collection set, F=free, OA=open archive, CA=closed archive, TAMS=top-at-mark-start (previous, next)
|   0|0x000000009c000000, 0x000000009c100000, 0x000000009c100000|100%| O|  |TAMS 0x000000009c100000, 0x000000009c100000| Untracked 
|   1|0x000000009c100000, 0x000000009c200000, 0x000000009c200000|100%| O|  |TAMS 0x000000009c200000, 0x000000009c200000| Untracked 
|   2|0x000000009c200000, 0x000000009c300000, 0x000000009c300000|100%|HS|  |TAMS 0x000000009c300000, 0x000000009c300000| Complete 
|   3|0x000000009c300000, 0x000000009c400000, 0x000000009c400000|100%|HC|  |TAMS 0x000000009c400000, 0x000000009c400000| Complete 
|   4|0x000000009c400000, 0x000000009c500000, 0x000000009c500000|100%|HC|  |TAMS 0x000000009c500000, 0x000000009c500000| Complete 
|   5|0x000000009c500000, 0x000000009c600000, 0x000000009c600000|100%|HC|  |TAMS 0x000000009c600000, 0x000000009c600000| Complete 
|   6|0x000000009c600000, 0x000000009c700000, 0x000000009c700000|100%| O|  |TAMS 0x000000009c700000, 0x000000009c700000| Untracked 
|   7|0x000000009c700000, 0x000000009c800000, 0x000000009c800000|100%| O|  |TAMS 0x000000009c800000, 0x000000009c800000| Untracked 
|   8|0x000000009c800000, 0x000000009c900000, 0x000000009c900000|100%| O|  |TAMS 0x000000009c900000, 0x000000009c900000| Untracked 
|   9|0x000000009c900000, 0x000000009ca00000, 0x000000009ca00000|100%| O|  |TAMS 0x000000009ca00000, 0x000000009ca00000| Untracked 
|  10|0x000000009ca00000, 0x000000009cb00000, 0x000000009cb00000|100%| O|  |TAMS 0x000000009cb00000, 0x000000009cb00000| Untracked 
|  11|0x000000009cb00000, 0x000000009cc00000, 0x000000009cc00000|100%| O|  |TAMS 0x000000009cc00000, 0x000000009cc00000| Untracked 
|  12|0x000000009cc00000, 0x000000009cd00000, 0x000000009cd00000|100%| O|  |TAMS 0x000000009cd00000, 0x000000009cd00000| Untracked 
|  13|0x000000009cd00000, 0x000000009ce00000, 0x000000009ce00000|100%| O|  |TAMS 0x000000009ce00000, 0x000000009ce00000| Untracked 
|  14|0x000000009ce00000, 0x000000009cf00000, 0x000000009cf00000|100%| O|  |TAMS 0x000000009cf00000, 0x000000009cf00000| Untracked 
|  15|0x000000009cf00000, 0x000000009d000000, 0x000000009d000000|100%| O|  |TAMS 0x000000009d000000, 0x000000009d000000| Untracked 
|  16|0x000000009d000000, 0x000000009d100000, 0x000000009d100000|100%| O|  |TAMS 0x000000009d100000, 0x000000009d100000| Untracked 
|  17|0x000000009d100000, 0x000000009d200000, 0x000000009d200000|100%| O|  |TAMS 0x000000009d200000, 0x000000009d200000| Untracked 
|  18|0x000000009d200000, 0x000000009d300000, 0x000000009d300000|100%| O|  |TAMS 0x000000009d300000, 0x000000009d300000| Untracked 
|  19|0x000000009d300000, 0x000000009d400000, 0x000000009d400000|100%| O|  |TAMS 0x000000009d400000, 0x000000009d400000| Untracked 
|  20|0x000000009d400000, 0x000000009d500000, 0x000000009d500000|100%| O|  |TAMS 0x000000009d500000, 0x000000009d500000| Untracked 
|  21|0x000000009d500000, 0x000000009d600000, 0x000000009d600000|100%| O|  |TAMS 0x000000009d600000, 0x000000009d600000| Untracked 
|  22|0x000000009d600000, 0x000000009d700000, 0x000000009d700000|100%| O|  |TAMS 0x000000009d700000, 0x000000009d700000| Untracked 
|  23|0x000000009d700000, 0x000000009d800000, 0x000000009d800000|100%| O|  |TAMS 0x000000009d800000, 0x000000009d800000| Untracked 
|  24|0x000000009d800000, 0x000000009d900000, 0x000000009d900000|100%| O|  |TAMS 0x000000009d900000, 0x000000009d900000| Untracked 
|  25|0x000000009d900000, 0x000000009d900000, 0x000000009da00000|  0%| F|  |TAMS 0x000000009d900000, 0x000000009d900000| Untracked 
|  26|0x000000009da00000, 0x000000009db00000, 0x000000009db00000|100%| O|  |TAMS 0x000000009db00000, 0x000000009db00000| Untracked 
|  27|0x000000009db00000, 0x000000009dc00000, 0x000000009dc00000|100%| O|  |TAMS 0x000000009dc00000, 0x000000009dc00000| Untracked 
|  28|0x000000009dc00000, 0x000000009dd00000, 0x000000009dd00000|100%| O|  |TAMS 0x000000009dd00000, 0x000000009dd00000| Untracked 
|  29|0x000000009dd00000, 0x000000009de00000, 0x000000009de00000|100%| O|  |TAMS 0x000000009de00000, 0x000000009de00000| Untracked 
|  30|0x000000009de00000, 0x000000009df00000, 0x000000009df00000|100%| O|  |TAMS 0x000000009df00000, 0x000000009df00000| Untracked 
|  31|0x000000009df00000, 0x000000009e000000, 0x000000009e000000|100%| O|  |TAMS 0x000000009e000000, 0x000000009e000000| Untracked 
|  32|0x000000009e000000, 0x000000009e100000, 0x000000009e100000|100%| O|  |TAMS 0x000000009e100000, 0x000000009e100000| Untracked 
|  33|0x000000009e100000, 0x000000009e200000, 0x000000009e200000|100%|HS|  |TAMS 0x000000009e200000, 0x000000009e200000| Complete 
|  34|0x000000009e200000, 0x000000009e300000, 0x000000009e300000|100%|HS|  |TAMS 0x000000009e300000, 0x000000009e300000| Complete 
|  35|0x000000009e300000, 0x000000009e400000, 0x000000009e400000|100%| O|  |TAMS 0x000000009e400000, 0x000000009e400000| Untracked 
|  36|0x000000009e400000, 0x000000009e500000, 0x000000009e500000|100%| O|  |TAMS 0x000000009e500000, 0x000000009e500000| Untracked 
|  37|0x000000009e500000, 0x000000009e600000, 0x000000009e600000|100%|HS|  |TAMS 0x000000009e600000, 0x000000009e600000| Complete 
|  38|0x000000009e600000, 0x000000009e700000, 0x000000009e700000|100%|HC|  |TAMS 0x000000009e700000, 0x000000009e700000| Complete 
|  39|0x000000009e700000, 0x000000009e800000, 0x000000009e800000|100%|HS|  |TAMS 0x000000009e800000, 0x000000009e800000| Complete 
|  40|0x000000009e800000, 0x000000009e900000, 0x000000009e900000|100%|HC|  |TAMS 0x000000009e900000, 0x000000009e900000| Complete 
|  41|0x000000009e900000, 0x000000009ea00000, 0x000000009ea00000|100%| O|  |TAMS 0x000000009ea00000, 0x000000009ea00000| Untracked 
|  42|0x000000009ea00000, 0x000000009eb00000, 0x000000009eb00000|100%|HS|  |TAMS 0x000000009eb00000, 0x000000009eb00000| Complete 
|  43|0x000000009eb00000, 0x000000009ec00000, 0x000000009ec00000|100%| O|  |TAMS 0x000000009ec00000, 0x000000009ec00000| Untracked 
|  44|0x000000009ec00000, 0x000000009ed00000, 0x000000009ed00000|100%|HS|  |TAMS 0x000000009ed00000, 0x000000009ed00000| Complete 
|  45|0x000000009ed00000, 0x000000009ee00000, 0x000000009ee00000|100%|HC|  |TAMS 0x000000009ee00000, 0x000000009ee00000| Complete 
|  46|0x000000009ee00000, 0x000000009ef00000, 0x000000009ef00000|100%|HC|  |TAMS 0x000000009ef00000, 0x000000009ef00000| Complete 
|  47|0x000000009ef00000, 0x000000009f000000, 0x000000009f000000|100%|HC|  |TAMS 0x000000009f000000, 0x000000009f000000| Complete 
|  48|0x000000009f000000, 0x000000009f100000, 0x000000009f100000|100%|HS|  |TAMS 0x000000009f100000, 0x000000009f100000| Complete 
|  49|0x000000009f100000, 0x000000009f200000, 0x000000009f200000|100%|HS|  |TAMS 0x000000009f200000, 0x000000009f200000| Complete 
|  50|0x000000009f200000, 0x000000009f300000, 0x000000009f300000|100%| O|  |TAMS 0x000000009f300000, 0x000000009f300000| Untracked 
|  51|0x000000009f300000, 0x000000009f400000, 0x000000009f400000|100%| O|  |TAMS 0x000000009f400000, 0x000000009f400000| Untracked 
|  52|0x000000009f400000, 0x000000009f500000, 0x000000009f500000|100%| O|  |TAMS 0x000000009f500000, 0x000000009f500000| Untracked 
|  53|0x000000009f500000, 0x000000009f600000, 0x000000009f600000|100%| O|  |TAMS 0x000000009f600000, 0x000000009f600000| Untracked 
|  54|0x000000009f600000, 0x000000009f700000, 0x000000009f700000|100%|HS|  |TAMS 0x000000009f700000, 0x000000009f700000| Complete 
|  55|0x000000009f700000, 0x000000009f800000, 0x000000009f800000|100%| O|  |TAMS 0x000000009f800000, 0x000000009f800000| Untracked 
|  56|0x000000009f800000, 0x000000009f900000, 0x000000009f900000|100%|HS|  |TAMS 0x000000009f900000, 0x000000009f900000| Complete 
|  57|0x000000009f900000, 0x000000009fa00000, 0x000000009fa00000|100%|HC|  |TAMS 0x000000009fa00000, 0x000000009fa00000| Complete 
|  58|0x000000009fa00000, 0x000000009fb00000, 0x000000009fb00000|100%|HC|  |TAMS 0x000000009fb00000, 0x000000009fb00000| Complete 
|  59|0x000000009fb00000, 0x000000009fc00000, 0x000000009fc00000|100%|HC|  |TAMS 0x000000009fc00000, 0x000000009fc00000| Complete 
|  60|0x000000009fc00000, 0x000000009fd00000, 0x000000009fd00000|100%| O|  |TAMS 0x000000009fd00000, 0x000000009fd00000| Untracked 
|  61|0x000000009fd00000, 0x000000009fe00000, 0x000000009fe00000|100%|HS|  |TAMS 0x000000009fe00000, 0x000000009fe00000| Complete 
|  62|0x000000009fe00000, 0x000000009ff00000, 0x000000009ff00000|100%| O|  |TAMS 0x000000009ff00000, 0x000000009ff00000| Untracked 
|  63|0x000000009ff00000, 0x00000000a0000000, 0x00000000a0000000|100%| O|  |TAMS 0x00000000a0000000, 0x00000000a0000000| Untracked 
|  64|0x00000000a0000000, 0x00000000a0100000, 0x00000000a0100000|100%| O|  |TAMS 0x00000000a0100000, 0x00000000a0100000| Untracked 
|  65|0x00000000a0100000, 0x00000000a0200000, 0x00000000a0200000|100%| O|  |TAMS 0x00000000a0200000, 0x00000000a0200000| Untracked 
|  66|0x00000000a0200000, 0x00000000a0300000, 0x00000000a0300000|100%| O|  |TAMS 0x00000000a0300000, 0x00000000a0300000| Untracked 
|  67|0x00000000a0300000, 0x00000000a0400000, 0x00000000a0400000|100%| O|  |TAMS 0x00000000a0400000, 0x00000000a0400000| Untracked 
|  68|0x00000000a0400000, 0x00000000a0500000, 0x00000000a0500000|100%| O|  |TAMS 0x00000000a0500000, 0x00000000a0500000| Untracked 
|  69|0x00000000a0500000, 0x00000000a0600000, 0x00000000a0600000|100%| O|  |TAMS 0x00000000a0600000, 0x00000000a0600000| Untracked 
|  70|0x00000000a0600000, 0x00000000a0700000, 0x00000000a0700000|100%| O|  |TAMS 0x00000000a0700000, 0x00000000a0700000| Untracked 
|  71|0x00000000a0700000, 0x00000000a0800000, 0x00000000a0800000|100%| O|  |TAMS 0x00000000a0800000, 0x00000000a0800000| Untracked 
|  72|0x00000000a0800000, 0x00000000a0900000, 0x00000000a0900000|100%| O|  |TAMS 0x00000000a0900000, 0x00000000a0900000| Untracked 
|  73|0x00000000a0900000, 0x00000000a0a00000, 0x00000000a0a00000|100%| O|  |TAMS 0x00000000a0a00000, 0x00000000a0a00000| Untracked 
|  74|0x00000000a0a00000, 0x00000000a0b00000, 0x00000000a0b00000|100%| O|  |TAMS 0x00000000a0b00000, 0x00000000a0b00000| Untracked 
|  75|0x00000000a0b00000, 0x00000000a0c00000, 0x00000000a0c00000|100%| O|  |TAMS 0x00000000a0c00000, 0x00000000a0c00000| Untracked 
|  76|0x00000000a0c00000, 0x00000000a0d00000, 0x00000000a0d00000|100%| O|  |TAMS 0x00000000a0d00000, 0x00000000a0d00000| Untracked 
|  77|0x00000000a0d00000, 0x00000000a0e00000, 0x00000000a0e00000|100%| O|  |TAMS 0x00000000a0e00000, 0x00000000a0e00000| Untracked 
|  78|0x00000000a0e00000, 0x00000000a0f00000, 0x00000000a0f00000|100%| O|  |TAMS 0x00000000a0f00000, 0x00000000a0f00000| Untracked 
|  79|0x00000000a0f00000, 0x00000000a1000000, 0x00000000a1000000|100%| O|  |TAMS 0x00000000a1000000, 0x00000000a1000000| Untracked 
|  80|0x00000000a1000000, 0x00000000a1100000, 0x00000000a1100000|100%| O|  |TAMS 0x00000000a1100000, 0x00000000a1100000| Untracked 
|  81|0x00000000a1100000, 0x00000000a1200000, 0x00000000a1200000|100%| O|  |TAMS 0x00000000a1200000, 0x00000000a1200000| Untracked 
|  82|0x00000000a1200000, 0x00000000a1300000, 0x00000000a1300000|100%| O|  |TAMS 0x00000000a1300000, 0x00000000a1300000| Untracked 
|  83|0x00000000a1300000, 0x00000000a1400000, 0x00000000a1400000|100%| O|  |TAMS 0x00000000a1400000, 0x00000000a1400000| Untracked 
|  84|0x00000000a1400000, 0x00000000a1500000, 0x00000000a1500000|100%| O|  |TAMS 0x00000000a1500000, 0x00000000a1500000| Untracked 
|  85|0x00000000a1500000, 0x00000000a1600000, 0x00000000a1600000|100%| O|  |TAMS 0x00000000a1600000, 0x00000000a1600000| Untracked 
|  86|0x00000000a1600000, 0x00000000a1700000, 0x00000000a1700000|100%| O|  |TAMS 0x00000000a16f4600, 0x00000000a1700000| Untracked 
|  87|0x00000000a1700000, 0x00000000a1800000, 0x00000000a1800000|100%| O|  |TAMS 0x00000000a1700000, 0x00000000a1800000| Untracked 
|  88|0x00000000a1800000, 0x00000000a1900000, 0x00000000a1900000|100%| O|  |TAMS 0x00000000a1800000, 0x00000000a1900000| Untracked 
|  89|0x00000000a1900000, 0x00000000a1a00000, 0x00000000a1a00000|100%| O|  |TAMS 0x00000000a1900000, 0x00000000a1a00000| Untracked 
|  90|0x00000000a1a00000, 0x00000000a1b00000, 0x00000000a1b00000|100%| O|  |TAMS 0x00000000a1a00000, 0x00000000a1b00000| Untracked 
|  91|0x00000000a1b00000, 0x00000000a1c00000, 0x00000000a1c00000|100%| O|  |TAMS 0x00000000a1b00000, 0x00000000a1c00000| Untracked 
|  92|0x00000000a1c00000, 0x00000000a1d00000, 0x00000000a1d00000|100%| O|  |TAMS 0x00000000a1c00000, 0x00000000a1d00000| Untracked 
|  93|0x00000000a1d00000, 0x00000000a1e00000, 0x00000000a1e00000|100%| O|  |TAMS 0x00000000a1d00000, 0x00000000a1e00000| Untracked 
|  94|0x00000000a1e00000, 0x00000000a1f00000, 0x00000000a1f00000|100%| O|  |TAMS 0x00000000a1e00000, 0x00000000a1f00000| Untracked 
|  95|0x00000000a1f00000, 0x00000000a2000000, 0x00000000a2000000|100%| O|  |TAMS 0x00000000a1f00000, 0x00000000a2000000| Untracked 
|  96|0x00000000a2000000, 0x00000000a2100000, 0x00000000a2100000|100%| O|  |TAMS 0x00000000a2000000, 0x00000000a2100000| Untracked 
|  97|0x00000000a2100000, 0x00000000a2200000, 0x00000000a2200000|100%| O|  |TAMS 0x00000000a2100000, 0x00000000a2200000| Untracked 
|  98|0x00000000a2200000, 0x00000000a2300000, 0x00000000a2300000|100%| O|  |TAMS 0x00000000a2200000, 0x00000000a2300000| Untracked 
|  99|0x00000000a2300000, 0x00000000a2400000, 0x00000000a2400000|100%| O|  |TAMS 0x00000000a2300000, 0x00000000a2400000| Untracked 
| 100|0x00000000a2400000, 0x00000000a2500000, 0x00000000a2500000|100%| O|  |TAMS 0x00000000a2400000, 0x00000000a2500000| Untracked 
| 101|0x00000000a2500000, 0x00000000a2600000, 0x00000000a2600000|100%| O|  |TAMS 0x00000000a2500000, 0x00000000a2600000| Untracked 
| 102|0x00000000a2600000, 0x00000000a2672400, 0x00000000a2700000| 44%| O|  |TAMS 0x00000000a2600000, 0x00000000a2672400| Untracked 
| 103|0x00000000a2700000, 0x00000000a2700000, 0x00000000a2800000|  0%| F|  |TAMS 0x00000000a2700000, 0x00000000a2700000| Untracked 
| 104|0x00000000a2800000, 0x00000000a2800000, 0x00000000a2900000|  0%| F|  |TAMS 0x00000000a2800000, 0x00000000a2800000| Untracked 
| 105|0x00000000a2900000, 0x00000000a2900000, 0x00000000a2a00000|  0%| F|  |TAMS 0x00000000a2900000, 0x00000000a2900000| Untracked 
| 106|0x00000000a2a00000, 0x00000000a2a00000, 0x00000000a2b00000|  0%| F|  |TAMS 0x00000000a2a00000, 0x00000000a2a00000| Untracked 
| 107|0x00000000a2b00000, 0x00000000a2b00000, 0x00000000a2c00000|  0%| F|  |TAMS 0x00000000a2b00000, 0x00000000a2b00000| Untracked 
| 108|0x00000000a2c00000, 0x00000000a2c00000, 0x00000000a2d00000|  0%| F|  |TAMS 0x00000000a2c00000, 0x00000000a2c00000| Untracked 
| 109|0x00000000a2d00000, 0x00000000a2d00000, 0x00000000a2e00000|  0%| F|  |TAMS 0x00000000a2d00000, 0x00000000a2d00000| Untracked 
| 110|0x00000000a2e00000, 0x00000000a2e00000, 0x00000000a2f00000|  0%| F|  |TAMS 0x00000000a2e00000, 0x00000000a2e00000| Untracked 
| 111|0x00000000a2f00000, 0x00000000a2f00000, 0x00000000a3000000|  0%| F|  |TAMS 0x00000000a2f00000, 0x00000000a2f00000| Untracked 
| 112|0x00000000a3000000, 0x00000000a3000000, 0x00000000a3100000|  0%| F|  |TAMS 0x00000000a3000000, 0x00000000a3000000| Untracked 
| 113|0x00000000a3100000, 0x00000000a3100000, 0x00000000a3200000|  0%| F|  |TAMS 0x00000000a3100000, 0x00000000a3100000| Untracked 
| 114|0x00000000a3200000, 0x00000000a3200000, 0x00000000a3300000|  0%| F|  |TAMS 0x00000000a3200000, 0x00000000a3200000| Untracked 
| 115|0x00000000a3300000, 0x00000000a3300000, 0x00000000a3400000|  0%| F|  |TAMS 0x00000000a3300000, 0x00000000a3300000| Untracked 
| 116|0x00000000a3400000, 0x00000000a3400000, 0x00000000a3500000|  0%| F|  |TAMS 0x00000000a3400000, 0x00000000a3400000| Untracked 
| 117|0x00000000a3500000, 0x00000000a3500000, 0x00000000a3600000|  0%| F|  |TAMS 0x00000000a3500000, 0x00000000a3500000| Untracked 
| 118|0x00000000a3600000, 0x00000000a3600000, 0x00000000a3700000|  0%| F|  |TAMS 0x00000000a3600000, 0x00000000a3600000| Untracked 
| 119|0x00000000a3700000, 0x00000000a3700000, 0x00000000a3800000|  0%| F|  |TAMS 0x00000000a3700000, 0x00000000a3700000| Untracked 
| 120|0x00000000a3800000, 0x00000000a3800000, 0x00000000a3900000|  0%| F|  |TAMS 0x00000000a3800000, 0x00000000a3800000| Untracked 
| 121|0x00000000a3900000, 0x00000000a3900000, 0x00000000a3a00000|  0%| F|  |TAMS 0x00000000a3900000, 0x00000000a3900000| Untracked 
| 122|0x00000000a3a00000, 0x00000000a3a00000, 0x00000000a3b00000|  0%| F|  |TAMS 0x00000000a3a00000, 0x00000000a3a00000| Untracked 
| 123|0x00000000a3b00000, 0x00000000a3b00000, 0x00000000a3c00000|  0%| F|  |TAMS 0x00000000a3b00000, 0x00000000a3b00000| Untracked 
| 124|0x00000000a3c00000, 0x00000000a3c00000, 0x00000000a3d00000|  0%| F|  |TAMS 0x00000000a3c00000, 0x00000000a3c00000| Untracked 
| 125|0x00000000a3d00000, 0x00000000a3d00000, 0x00000000a3e00000|  0%| F|  |TAMS 0x00000000a3d00000, 0x00000000a3d00000| Untracked 
| 126|0x00000000a3e00000, 0x00000000a3e00000, 0x00000000a3f00000|  0%| F|  |TAMS 0x00000000a3e00000, 0x00000000a3e00000| Untracked 
| 127|0x00000000a3f00000, 0x00000000a3f00000, 0x00000000a4000000|  0%| F|  |TAMS 0x00000000a3f00000, 0x00000000a3f00000| Untracked 
| 128|0x00000000a4000000, 0x00000000a4000000, 0x00000000a4100000|  0%| F|  |TAMS 0x00000000a4000000, 0x00000000a4000000| Untracked 
| 129|0x00000000a4100000, 0x00000000a4100000, 0x00000000a4200000|  0%| F|  |TAMS 0x00000000a4100000, 0x00000000a4100000| Untracked 
| 130|0x00000000a4200000, 0x00000000a4200000, 0x00000000a4300000|  0%| F|  |TAMS 0x00000000a4200000, 0x00000000a4200000| Untracked 
| 131|0x00000000a4300000, 0x00000000a43c9390, 0x00000000a4400000| 78%| S|CS|TAMS 0x00000000a4300000, 0x00000000a4300000| Complete 
| 132|0x00000000a4400000, 0x00000000a4500000, 0x00000000a4500000|100%| S|CS|TAMS 0x00000000a4400000, 0x00000000a4400000| Complete 
| 133|0x00000000a4500000, 0x00000000a4500000, 0x00000000a4600000|  0%| F|  |TAMS 0x00000000a4500000, 0x00000000a4500000| Untracked 
| 134|0x00000000a4600000, 0x00000000a4600000, 0x00000000a4700000|  0%| F|  |TAMS 0x00000000a4600000, 0x00000000a4600000| Untracked 
| 135|0x00000000a4700000, 0x00000000a4700000, 0x00000000a4800000|  0%| F|  |TAMS 0x00000000a4700000, 0x00000000a4700000| Untracked 
| 136|0x00000000a4800000, 0x00000000a4800000, 0x00000000a4900000|  0%| F|  |TAMS 0x00000000a4800000, 0x00000000a4800000| Untracked 
| 137|0x00000000a4900000, 0x00000000a4900000, 0x00000000a4a00000|  0%| F|  |TAMS 0x00000000a4900000, 0x00000000a4900000| Untracked 
| 138|0x00000000a4a00000, 0x00000000a4a00000, 0x00000000a4b00000|  0%| F|  |TAMS 0x00000000a4a00000, 0x00000000a4a00000| Untracked 
| 139|0x00000000a4b00000, 0x00000000a4b00000, 0x00000000a4c00000|  0%| F|  |TAMS 0x00000000a4b00000, 0x00000000a4b00000| Untracked 
| 140|0x00000000a4c00000, 0x00000000a4c00000, 0x00000000a4d00000|  0%| F|  |TAMS 0x00000000a4c00000, 0x00000000a4c00000| Untracked 
| 141|0x00000000a4d00000, 0x00000000a4d00000, 0x00000000a4e00000|  0%| F|  |TAMS 0x00000000a4d00000, 0x00000000a4d00000| Untracked 
| 142|0x00000000a4e00000, 0x00000000a4e00000, 0x00000000a4f00000|  0%| F|  |TAMS 0x00000000a4e00000, 0x00000000a4e00000| Untracked 
| 143|0x00000000a4f00000, 0x00000000a4f00000, 0x00000000a5000000|  0%| F|  |TAMS 0x00000000a4f00000, 0x00000000a4f00000| Untracked 
| 144|0x00000000a5000000, 0x00000000a5000000, 0x00000000a5100000|  0%| F|  |TAMS 0x00000000a5000000, 0x00000000a5000000| Untracked 
| 145|0x00000000a5100000, 0x00000000a5100000, 0x00000000a5200000|  0%| F|  |TAMS 0x00000000a5100000, 0x00000000a5100000| Untracked 
| 146|0x00000000a5200000, 0x00000000a5200000, 0x00000000a5300000|  0%| F|  |TAMS 0x00000000a5200000, 0x00000000a5200000| Untracked 
| 147|0x00000000a5300000, 0x00000000a5300000, 0x00000000a5400000|  0%| F|  |TAMS 0x00000000a5300000, 0x00000000a5300000| Untracked 
| 148|0x00000000a5400000, 0x00000000a5400000, 0x00000000a5500000|  0%| F|  |TAMS 0x00000000a5400000, 0x00000000a5400000| Untracked 
| 149|0x00000000a5500000, 0x00000000a5500000, 0x00000000a5600000|  0%| F|  |TAMS 0x00000000a5500000, 0x00000000a5500000| Untracked 
| 150|0x00000000a5600000, 0x00000000a5600000, 0x00000000a5700000|  0%| F|  |TAMS 0x00000000a5600000, 0x00000000a5600000| Untracked 
| 151|0x00000000a5700000, 0x00000000a5700000, 0x00000000a5800000|  0%| F|  |TAMS 0x00000000a5700000, 0x00000000a5700000| Untracked 
| 152|0x00000000a5800000, 0x00000000a5800000, 0x00000000a5900000|  0%| F|  |TAMS 0x00000000a5800000, 0x00000000a5800000| Untracked 
| 153|0x00000000a5900000, 0x00000000a5900000, 0x00000000a5a00000|  0%| F|  |TAMS 0x00000000a5900000, 0x00000000a5900000| Untracked 
| 154|0x00000000a5a00000, 0x00000000a5a00000, 0x00000000a5b00000|  0%| F|  |TAMS 0x00000000a5a00000, 0x00000000a5a00000| Untracked 
| 155|0x00000000a5b00000, 0x00000000a5b00000, 0x00000000a5c00000|  0%| F|  |TAMS 0x00000000a5b00000, 0x00000000a5b00000| Untracked 
| 156|0x00000000a5c00000, 0x00000000a5c00000, 0x00000000a5d00000|  0%| F|  |TAMS 0x00000000a5c00000, 0x00000000a5c00000| Untracked 
| 157|0x00000000a5d00000, 0x00000000a5d00000, 0x00000000a5e00000|  0%| F|  |TAMS 0x00000000a5d00000, 0x00000000a5d00000| Untracked 
| 158|0x00000000a5e00000, 0x00000000a5e00000, 0x00000000a5f00000|  0%| F|  |TAMS 0x00000000a5e00000, 0x00000000a5e00000| Untracked 
| 159|0x00000000a5f00000, 0x00000000a5f00000, 0x00000000a6000000|  0%| F|  |TAMS 0x00000000a5f00000, 0x00000000a5f00000| Untracked 
| 160|0x00000000a6000000, 0x00000000a6000000, 0x00000000a6100000|  0%| F|  |TAMS 0x00000000a6000000, 0x00000000a6000000| Untracked 
| 161|0x00000000a6100000, 0x00000000a6100000, 0x00000000a6200000|  0%| F|  |TAMS 0x00000000a6100000, 0x00000000a6100000| Untracked 
| 162|0x00000000a6200000, 0x00000000a6200000, 0x00000000a6300000|  0%| F|  |TAMS 0x00000000a6200000, 0x00000000a6200000| Untracked 
| 163|0x00000000a6300000, 0x00000000a6300000, 0x00000000a6400000|  0%| F|  |TAMS 0x00000000a6300000, 0x00000000a6300000| Untracked 
| 164|0x00000000a6400000, 0x00000000a6400000, 0x00000000a6500000|  0%| F|  |TAMS 0x00000000a6400000, 0x00000000a6400000| Untracked 
| 165|0x00000000a6500000, 0x00000000a6500000, 0x00000000a6600000|  0%| F|  |TAMS 0x00000000a6500000, 0x00000000a6500000| Untracked 
| 166|0x00000000a6600000, 0x00000000a6600000, 0x00000000a6700000|  0%| F|  |TAMS 0x00000000a6600000, 0x00000000a6600000| Untracked 
| 167|0x00000000a6700000, 0x00000000a6700000, 0x00000000a6800000|  0%| F|  |TAMS 0x00000000a6700000, 0x00000000a6700000| Untracked 
| 168|0x00000000a6800000, 0x00000000a6800000, 0x00000000a6900000|  0%| F|  |TAMS 0x00000000a6800000, 0x00000000a6800000| Untracked 
| 169|0x00000000a6900000, 0x00000000a6900000, 0x00000000a6a00000|  0%| F|  |TAMS 0x00000000a6900000, 0x00000000a6900000| Untracked 
| 170|0x00000000a6a00000, 0x00000000a6a00000, 0x00000000a6b00000|  0%| F|  |TAMS 0x00000000a6a00000, 0x00000000a6a00000| Untracked 
| 171|0x00000000a6b00000, 0x00000000a6b00000, 0x00000000a6c00000|  0%| F|  |TAMS 0x00000000a6b00000, 0x00000000a6b00000| Untracked 
| 172|0x00000000a6c00000, 0x00000000a6c00000, 0x00000000a6d00000|  0%| F|  |TAMS 0x00000000a6c00000, 0x00000000a6c00000| Untracked 
| 173|0x00000000a6d00000, 0x00000000a6d00000, 0x00000000a6e00000|  0%| F|  |TAMS 0x00000000a6d00000, 0x00000000a6d00000| Untracked 
| 174|0x00000000a6e00000, 0x00000000a6e00000, 0x00000000a6f00000|  0%| F|  |TAMS 0x00000000a6e00000, 0x00000000a6e00000| Untracked 
| 175|0x00000000a6f00000, 0x00000000a6f00000, 0x00000000a7000000|  0%| F|  |TAMS 0x00000000a6f00000, 0x00000000a6f00000| Untracked 
| 176|0x00000000a7000000, 0x00000000a7000000, 0x00000000a7100000|  0%| F|  |TAMS 0x00000000a7000000, 0x00000000a7000000| Untracked 
| 177|0x00000000a7100000, 0x00000000a7100000, 0x00000000a7200000|  0%| F|  |TAMS 0x00000000a7100000, 0x00000000a7100000| Untracked 
| 178|0x00000000a7200000, 0x00000000a7200000, 0x00000000a7300000|  0%| F|  |TAMS 0x00000000a7200000, 0x00000000a7200000| Untracked 
| 179|0x00000000a7300000, 0x00000000a7300000, 0x00000000a7400000|  0%| F|  |TAMS 0x00000000a7300000, 0x00000000a7300000| Untracked 
| 180|0x00000000a7400000, 0x00000000a7400000, 0x00000000a7500000|  0%| F|  |TAMS 0x00000000a7400000, 0x00000000a7400000| Untracked 
| 181|0x00000000a7500000, 0x00000000a7500000, 0x00000000a7600000|  0%| F|  |TAMS 0x00000000a7500000, 0x00000000a7500000| Untracked 
| 182|0x00000000a7600000, 0x00000000a7600000, 0x00000000a7700000|  0%| F|  |TAMS 0x00000000a7600000, 0x00000000a7600000| Untracked 
| 183|0x00000000a7700000, 0x00000000a7700000, 0x00000000a7800000|  0%| F|  |TAMS 0x00000000a7700000, 0x00000000a7700000| Untracked 
| 184|0x00000000a7800000, 0x00000000a7800000, 0x00000000a7900000|  0%| F|  |TAMS 0x00000000a7800000, 0x00000000a7800000| Untracked 
| 185|0x00000000a7900000, 0x00000000a7900000, 0x00000000a7a00000|  0%| F|  |TAMS 0x00000000a7900000, 0x00000000a7900000| Untracked 
| 186|0x00000000a7a00000, 0x00000000a7a00000, 0x00000000a7b00000|  0%| F|  |TAMS 0x00000000a7a00000, 0x00000000a7a00000| Untracked 
| 187|0x00000000a7b00000, 0x00000000a7b00000, 0x00000000a7c00000|  0%| F|  |TAMS 0x00000000a7b00000, 0x00000000a7b00000| Untracked 
| 188|0x00000000a7c00000, 0x00000000a7c00000, 0x00000000a7d00000|  0%| F|  |TAMS 0x00000000a7c00000, 0x00000000a7c00000| Untracked 
| 189|0x00000000a7d00000, 0x00000000a7d00000, 0x00000000a7e00000|  0%| F|  |TAMS 0x00000000a7d00000, 0x00000000a7d00000| Untracked 
| 190|0x00000000a7e00000, 0x00000000a7e00000, 0x00000000a7f00000|  0%| F|  |TAMS 0x00000000a7e00000, 0x00000000a7e00000| Untracked 
| 191|0x00000000a7f00000, 0x00000000a7f00000, 0x00000000a8000000|  0%| F|  |TAMS 0x00000000a7f00000, 0x00000000a7f00000| Untracked 
| 192|0x00000000a8000000, 0x00000000a8000000, 0x00000000a8100000|  0%| F|  |TAMS 0x00000000a8000000, 0x00000000a8000000| Untracked 
|1598|0x00000000ffe00000, 0x00000000ffe75000, 0x00000000fff00000| 45%|OA|  |TAMS 0x00000000ffe75000, 0x00000000ffe75000| Untracked 
|1599|0x00000000fff00000, 0x00000000fff78000, 0x0000000100000000| 46%|CA|  |TAMS 0x00000000fff78000, 0x00000000fff78000| Untracked 

Card table byte_map: [0x00007f2a564fe000,0x00007f2a5681e000] _byte_map_base: 0x00007f2a5601e000

Marking Bits (Prev, Next): (CMBitMap*) 0x00007f2a50068f00, (CMBitMap*) 0x00007f2a50068ec0
 Prev Bits: [0x00007f2a37c11000, 0x00007f2a39511000)
 Next Bits: [0x00007f2a548de000, 0x00007f2a561de000)

Polling page: 0x00007f2a58901000

Metaspace:

Usage:
  Non-class:     88.68 MB used.
      Class:     14.52 MB used.
       Both:    103.20 MB used.

Virtual space:
  Non-class space:      128.00 MB reserved,      89.12 MB ( 70%) committed,  2 nodes.
      Class space:      320.00 MB reserved,      14.94 MB (  5%) committed,  1 nodes.
             Both:      448.00 MB reserved,     104.06 MB ( 23%) committed. 

Chunk freelists:
   Non-Class:  6.53 MB
       Class:  960.00 KB
        Both:  7.47 MB

MaxMetaspaceSize: 384.00 MB
CompressedClassSpaceSize: 320.00 MB
Initial GC threshold: 21.00 MB
Current GC threshold: 151.81 MB
CDS: on
MetaspaceReclaimPolicy: balanced
 - commit_granule_bytes: 65536.
 - commit_granule_words: 8192.
 - virtual_space_node_default_size: 8388608.
 - enlarge_chunks_in_place: 1.
 - new_chunks_are_fully_committed: 0.
 - uncommit_free_chunks: 1.
 - use_allocation_guard: 0.
 - handle_deallocations: 1.


Internal statistics:

num_allocs_failed_limit: 0.
num_arena_births: 1266.
num_arena_deaths: 0.
num_vsnodes_births: 3.
num_vsnodes_deaths: 0.
num_space_committed: 1664.
num_space_uncommitted: 0.
num_chunks_returned_to_freelist: 0.
num_chunks_taken_from_freelist: 5736.
num_chunk_merges: 0.
num_chunk_splits: 3778.
num_chunks_enlarged: 2542.
num_inconsistent_stats: 0.

CodeHeap 'non-profiled nmethods': size=120036Kb used=5484Kb max_used=5484Kb free=114551Kb
 bounds [0x00007f2a40fd8000, 0x00007f2a41538000, 0x00007f2a48511000]
CodeHeap 'profiled nmethods': size=120032Kb used=21342Kb max_used=21342Kb free=98689Kb
 bounds [0x00007f2a39511000, 0x00007f2a3a9f1000, 0x00007f2a40a49000]
CodeHeap 'non-nmethods': size=5692Kb used=1750Kb max_used=1812Kb free=3941Kb
 bounds [0x00007f2a40a49000, 0x00007f2a40cb9000, 0x00007f2a40fd8000]
 total_blobs=12587 nmethods=11752 adapters=747
 compilation: enabled
              stopped_count=0, restarted_count=0
 full_count=0

Compilation events (20 events):
Event: 65.735 Thread 0x00007f2a500d0f80 nmethod 13621 0x00007f2a41531d90 code [0x00007f2a41531f20, 0x00007f2a41531ff0]
Event: 65.735 Thread 0x00007f2a500d0f80 13609       2       com.android.tools.r8.internal.dg::<init> (6 bytes)
Event: 65.735 Thread 0x00007f2a500d0f80 nmethod 13609 0x00007f2a3a9e7b10 code [0x00007f2a3a9e7cc0, 0x00007f2a3a9e7de0]
Event: 65.736 Thread 0x00007f2a500d0f80 13624       1       com.android.tools.r8.internal.uP::G2 (3 bytes)
Event: 65.736 Thread 0x00007f2a500d0f80 nmethod 13624 0x00007f2a41532090 code [0x00007f2a41532220, 0x00007f2a415322f0]
Event: 65.736 Thread 0x00007f2a500d0f80 13626       1       com.android.tools.r8.internal.uP::F2 (3 bytes)
Event: 65.736 Thread 0x00007f2a500d0f80 nmethod 13626 0x00007f2a41532390 code [0x00007f2a41532520, 0x00007f2a415325f0]
Event: 65.736 Thread 0x00007f2a500d0f80 13636       1       java.util.TreeMap::comparator (5 bytes)
Event: 65.736 Thread 0x00007f2a500d0f80 nmethod 13636 0x00007f2a41532690 code [0x00007f2a41532820, 0x00007f2a415328f0]
Event: 65.736 Thread 0x00007f2a500d0f80 13606       2       com.android.tools.r8.internal.Vw::m (18 bytes)
Event: 65.736 Thread 0x00007f2a500d0f80 nmethod 13606 0x00007f2a3a9e7e90 code [0x00007f2a3a9e8040, 0x00007f2a3a9e81d0]
Event: 65.736 Thread 0x00007f2a500d0f80 13605       2       com.android.tools.r8.internal.ul0::c (64 bytes)
Event: 65.736 Thread 0x00007f2a500d0f80 nmethod 13605 0x00007f2a3a9e8290 code [0x00007f2a3a9e84a0, 0x00007f2a3a9e87b0]
Event: 65.736 Thread 0x00007f2a500d0f80 13617       1       com.android.tools.r8.internal.T5::a (2 bytes)
Event: 65.736 Thread 0x00007f2a500d0f80 nmethod 13617 0x00007f2a41532990 code [0x00007f2a41532b20, 0x00007f2a41532bd0]
Event: 65.736 Thread 0x00007f2a500d0f80 13601       1       com.android.tools.r8.internal.ng::L2 (5 bytes)
Event: 65.736 Thread 0x00007f2a500d0f80 nmethod 13601 0x00007f2a41532c90 code [0x00007f2a41532e20, 0x00007f2a41532ef0]
Event: 65.736 Thread 0x00007f2a500d0f80 13618       1       com.android.tools.r8.internal.Ru::b (2 bytes)
Event: 65.736 Thread 0x00007f2a500d0f80 nmethod 13618 0x00007f2a41532f90 code [0x00007f2a41533120, 0x00007f2a415331f0]
Event: 65.736 Thread 0x00007f2a500d0f80 13640 %     3       com.android.tools.r8.ir.regalloc.b::b @ 1867 (4458 bytes)

GC Heap History (20 events):
Event: 20.146 GC heap after
{Heap after GC invocations=54 (full 0):
 garbage-first heap   total 153600K, used 79351K [0x000000009c000000, 0x0000000100000000)
  region size 1024K, 3 young (3072K), 3 survivors (3072K)
 Metaspace       used 68261K, committed 68928K, reserved 393216K
  class space    used 9441K, committed 9792K, reserved 327680K
}
Event: 21.301 GC heap before
{Heap before GC invocations=55 (full 0):
 garbage-first heap   total 153600K, used 126455K [0x000000009c000000, 0x0000000100000000)
  region size 1024K, 48 young (49152K), 3 survivors (3072K)
 Metaspace       used 71837K, committed 72448K, reserved 393216K
  class space    used 10117K, committed 10432K, reserved 327680K
}
Event: 21.316 GC heap after
{Heap after GC invocations=56 (full 0):
 garbage-first heap   total 153600K, used 80702K [0x000000009c000000, 0x0000000100000000)
  region size 1024K, 5 young (5120K), 5 survivors (5120K)
 Metaspace       used 71837K, committed 72448K, reserved 393216K
  class space    used 10117K, committed 10432K, reserved 327680K
}
Event: 21.337 GC heap before
{Heap before GC invocations=56 (full 0):
 garbage-first heap   total 153600K, used 82750K [0x000000009c000000, 0x0000000100000000)
  region size 1024K, 7 young (7168K), 5 survivors (5120K)
 Metaspace       used 71983K, committed 72640K, reserved 393216K
  class space    used 10146K, committed 10496K, reserved 327680K
}
Event: 21.397 GC heap after
{Heap after GC invocations=57 (full 0):
 garbage-first heap   total 199680K, used 80991K [0x000000009c000000, 0x0000000100000000)
  region size 1024K, 1 young (1024K), 1 survivors (1024K)
 Metaspace       used 71983K, committed 72640K, reserved 393216K
  class space    used 10146K, committed 10496K, reserved 327680K
}
Event: 23.912 GC heap before
{Heap before GC invocations=57 (full 0):
 garbage-first heap   total 199680K, used 163935K [0x000000009c000000, 0x0000000100000000)
  region size 1024K, 82 young (83968K), 1 survivors (1024K)
 Metaspace       used 77816K, committed 78464K, reserved 458752K
  class space    used 10958K, committed 11264K, reserved 327680K
}
Event: 23.929 GC heap after
{Heap after GC invocations=58 (full 0):
 garbage-first heap   total 199680K, used 85532K [0x000000009c000000, 0x0000000100000000)
  region size 1024K, 6 young (6144K), 6 survivors (6144K)
 Metaspace       used 77816K, committed 78464K, reserved 458752K
  class space    used 10958K, committed 11264K, reserved 327680K
}
Event: 25.906 GC heap before
{Heap before GC invocations=58 (full 0):
 garbage-first heap   total 199680K, used 160284K [0x000000009c000000, 0x0000000100000000)
  region size 1024K, 79 young (80896K), 6 survivors (6144K)
 Metaspace       used 83692K, committed 84416K, reserved 458752K
  class space    used 11779K, committed 12096K, reserved 327680K
}
Event: 25.999 GC heap after
{Heap after GC invocations=59 (full 0):
 garbage-first heap   total 199680K, used 90286K [0x000000009c000000, 0x0000000100000000)
  region size 1024K, 5 young (5120K), 5 survivors (5120K)
 Metaspace       used 83692K, committed 84416K, reserved 458752K
  class space    used 11779K, committed 12096K, reserved 327680K
}
Event: 29.193 GC heap before
{Heap before GC invocations=59 (full 0):
 garbage-first heap   total 199680K, used 160941K [0x000000009c000000, 0x0000000100000000)
  region size 1024K, 75 young (76800K), 5 survivors (5120K)
 Metaspace       used 86498K, committed 87232K, reserved 458752K
  class space    used 12204K, committed 12544K, reserved 327680K
}
Event: 29.237 GC heap after
{Heap after GC invocations=60 (full 0):
 garbage-first heap   total 199680K, used 95032K [0x000000009c000000, 0x0000000100000000)
  region size 1024K, 10 young (10240K), 10 survivors (10240K)
 Metaspace       used 86498K, committed 87232K, reserved 458752K
  class space    used 12204K, committed 12544K, reserved 327680K
}
Event: 31.122 GC heap before
{Heap before GC invocations=60 (full 0):
 garbage-first heap   total 199680K, used 161592K [0x000000009c000000, 0x0000000100000000)
  region size 1024K, 76 young (77824K), 10 survivors (10240K)
 Metaspace       used 90100K, committed 90816K, reserved 458752K
  class space    used 12647K, committed 12992K, reserved 327680K
}
Event: 31.220 GC heap after
{Heap after GC invocations=61 (full 0):
 garbage-first heap   total 199680K, used 99717K [0x000000009c000000, 0x0000000100000000)
  region size 1024K, 10 young (10240K), 10 survivors (10240K)
 Metaspace       used 90100K, committed 90816K, reserved 458752K
  class space    used 12647K, committed 12992K, reserved 327680K
}
Event: 61.926 GC heap before
{Heap before GC invocations=61 (full 0):
 garbage-first heap   total 199680K, used 153989K [0x000000009c000000, 0x0000000100000000)
  region size 1024K, 65 young (66560K), 10 survivors (10240K)
 Metaspace       used 91445K, committed 92224K, reserved 458752K
  class space    used 12860K, committed 13248K, reserved 327680K
}
Event: 61.995 GC heap after
{Heap after GC invocations=62 (full 0):
 garbage-first heap   total 199680K, used 102836K [0x000000009c000000, 0x0000000100000000)
  region size 1024K, 8 young (8192K), 8 survivors (8192K)
 Metaspace       used 91445K, committed 92224K, reserved 458752K
  class space    used 12860K, committed 13248K, reserved 327680K
}
Event: 63.974 GC heap before
{Heap before GC invocations=63 (full 0):
 garbage-first heap   total 199680K, used 169396K [0x000000009c000000, 0x0000000100000000)
  region size 1024K, 69 young (70656K), 8 survivors (8192K)
 Metaspace       used 99773K, committed 100608K, reserved 458752K
  class space    used 13973K, committed 14400K, reserved 327680K
}
Event: 63.996 GC heap after
{Heap after GC invocations=64 (full 0):
 garbage-first heap   total 199680K, used 104884K [0x000000009c000000, 0x0000000100000000)
  region size 1024K, 5 young (5120K), 5 survivors (5120K)
 Metaspace       used 99773K, committed 100608K, reserved 458752K
  class space    used 13973K, committed 14400K, reserved 327680K
}
Event: 64.053 GC heap before
{Heap before GC invocations=64 (full 0):
 garbage-first heap   total 199680K, used 108980K [0x000000009c000000, 0x0000000100000000)
  region size 1024K, 9 young (9216K), 5 survivors (5120K)
 Metaspace       used 100355K, committed 101184K, reserved 458752K
  class space    used 14045K, committed 14464K, reserved 327680K
}
Event: 64.097 GC heap after
{Heap after GC invocations=65 (full 0):
 garbage-first heap   total 199680K, used 105832K [0x000000009c000000, 0x0000000100000000)
  region size 1024K, 1 young (1024K), 1 survivors (1024K)
 Metaspace       used 100355K, committed 101184K, reserved 458752K
  class space    used 14045K, committed 14464K, reserved 327680K
}
Event: 65.790 GC heap before
{Heap before GC invocations=65 (full 0):
 garbage-first heap   total 199680K, used 166248K [0x000000009c000000, 0x0000000100000000)
  region size 1024K, 60 young (61440K), 1 survivors (1024K)
 Metaspace       used 105674K, committed 106560K, reserved 458752K
  class space    used 14863K, committed 15296K, reserved 327680K
}

Dll operation events (16 events):
Event: 0.002 Loaded shared library /usr/lib/jvm/java-17-openjdk-amd64/lib/libjava.so
Event: 0.026 Loaded shared library /usr/lib/jvm/java-17-openjdk-amd64/lib/libjsvml.so
Event: 0.112 Loaded shared library /usr/lib/jvm/java-17-openjdk-amd64/lib/libzip.so
Event: 0.114 Loaded shared library /usr/lib/jvm/java-17-openjdk-amd64/lib/libinstrument.so
Event: 0.116 Loaded shared library /usr/lib/jvm/java-17-openjdk-amd64/lib/libnio.so
Event: 0.119 Loaded shared library /usr/lib/jvm/java-17-openjdk-amd64/lib/libzip.so
Event: 0.324 Loaded shared library /usr/lib/jvm/java-17-openjdk-amd64/lib/libjimage.so
Event: 0.417 Loaded shared library /usr/lib/jvm/java-17-openjdk-amd64/lib/libverify.so
Event: 0.706 Loaded shared library /usr/lib/jvm/java-17-openjdk-amd64/lib/libnet.so
Event: 0.708 Loaded shared library /root/.gradle/native/c067742578af261105cb4f569cf0c3c89f3d7b1fecec35dd04571415982c5e48/linux-amd64/libnative-platform.so
Event: 0.714 Loaded shared library /root/.gradle/native/38dada09dfb8b06ba9b0570ebf7e218e3eb74d4ef43ca46872605cf95ebc2f47/linux-amd64/libnative-platform-file-events.so
Event: 2.489 Loaded shared library /usr/lib/jvm/java-17-openjdk-amd64/lib/libmanagement.so
Event: 2.492 Loaded shared library /usr/lib/jvm/java-17-openjdk-amd64/lib/libmanagement_ext.so
Event: 2.716 Loaded shared library /usr/lib/jvm/java-17-openjdk-amd64/lib/libextnet.so
Event: 31.299 Loaded shared library /usr/lib/jvm/java-17-openjdk-amd64/lib/librmi.so
Event: 31.496 Loaded shared library /tmp/native-platform15992928547253882606dir/libnative-platform.so

Deoptimization events (20 events):
Event: 64.795 Thread 0x00007f2a201caa70 DEOPT PACKING pc=0x00007f2a39dbb0b4 sp=0x00007f2a050dc990
Event: 64.795 Thread 0x00007f2a201caa70 DEOPT UNPACKING pc=0x00007f2a40aa364f sp=0x00007f2a050dbe18 mode 0
Event: 65.019 Thread 0x00007f2a201caa70 Uncommon trap: trap_request=0xffffff45 fr.pc=0x00007f2a41459390 relative=0x0000000000001310
Event: 65.019 Thread 0x00007f2a201caa70 Uncommon trap: reason=unstable_if action=reinterpret pc=0x00007f2a41459390 method=java.util.HashMap.computeIfAbsent(Ljava/lang/Object;Ljava/util/function/Function;)Ljava/lang/Object; @ 145 c2
Event: 65.019 Thread 0x00007f2a201caa70 DEOPT PACKING pc=0x00007f2a41459390 sp=0x00007f2a050dc760
Event: 65.019 Thread 0x00007f2a201caa70 DEOPT UNPACKING pc=0x00007f2a40aa2b19 sp=0x00007f2a050dc730 mode 2
Event: 65.130 Thread 0x00007f2a201caa70 DEOPT PACKING pc=0x00007f2a3a3775cc sp=0x00007f2a050dc8d0
Event: 65.130 Thread 0x00007f2a201caa70 DEOPT UNPACKING pc=0x00007f2a40aa364f sp=0x00007f2a050dbee0 mode 0
Event: 65.224 Thread 0x00007f2a201caa70 Uncommon trap: trap_request=0xffffffde fr.pc=0x00007f2a410eb850 relative=0x0000000000000810
Event: 65.224 Thread 0x00007f2a201caa70 Uncommon trap: reason=class_check action=maybe_recompile pc=0x00007f2a410eb850 method=java.security.MessageDigest$Delegate.clone()Ljava/lang/Object; @ 15 c2
Event: 65.224 Thread 0x00007f2a201caa70 DEOPT PACKING pc=0x00007f2a410eb850 sp=0x00007f2a050dbb10
Event: 65.224 Thread 0x00007f2a201caa70 DEOPT UNPACKING pc=0x00007f2a40aa2b19 sp=0x00007f2a050dbae8 mode 2
Event: 65.225 Thread 0x00007f2a201caa70 Uncommon trap: trap_request=0xffffffde fr.pc=0x00007f2a410eb850 relative=0x0000000000000810
Event: 65.225 Thread 0x00007f2a201caa70 Uncommon trap: reason=class_check action=maybe_recompile pc=0x00007f2a410eb850 method=java.security.MessageDigest$Delegate.clone()Ljava/lang/Object; @ 15 c2
Event: 65.225 Thread 0x00007f2a201caa70 DEOPT PACKING pc=0x00007f2a410eb850 sp=0x00007f2a050dc280
Event: 65.225 Thread 0x00007f2a201caa70 DEOPT UNPACKING pc=0x00007f2a40aa2b19 sp=0x00007f2a050dc258 mode 2
Event: 65.724 Thread 0x00007f2a201caa70 Uncommon trap: trap_request=0xffffff45 fr.pc=0x00007f2a410ab97c relative=0x000000000000005c
Event: 65.724 Thread 0x00007f2a201caa70 Uncommon trap: reason=unstable_if action=reinterpret pc=0x00007f2a410ab97c method=java.util.Objects.equals(Ljava/lang/Object;Ljava/lang/Object;)Z @ 6 c2
Event: 65.724 Thread 0x00007f2a201caa70 DEOPT PACKING pc=0x00007f2a410ab97c sp=0x00007f2a050dc4a0
Event: 65.724 Thread 0x00007f2a201caa70 DEOPT UNPACKING pc=0x00007f2a40aa2b19 sp=0x00007f2a050dc460 mode 2

Classes loaded (20 events):
Event: 64.538 Loading class java/util/IdentityHashMap$IdentityHashMapSpliterator done
Event: 64.538 Loading class java/util/IdentityHashMap$EntrySpliterator done
Event: 64.539 Loading class java/util/stream/SortedOps$RefSortingSink
Event: 64.539 Loading class java/util/stream/SortedOps$RefSortingSink done
Event: 64.598 Loading class java/util/SortedSet$1
Event: 64.598 Loading class java/util/SortedSet$1 done
Event: 64.600 Loading class java/util/stream/SliceOps
Event: 64.601 Loading class java/util/stream/SliceOps done
Event: 64.601 Loading class java/util/stream/SliceOps$1
Event: 64.601 Loading class java/util/stream/SliceOps$1 done
Event: 64.601 Loading class java/util/stream/SliceOps$1$1
Event: 64.601 Loading class java/util/stream/SliceOps$1$1 done
Event: 64.613 Loading class java/util/PriorityQueue
Event: 64.614 Loading class java/util/PriorityQueue done
Event: 64.648 Loading class java/util/IdentityHashMap$ValueIterator
Event: 64.649 Loading class java/util/IdentityHashMap$ValueIterator done
Event: 64.721 Loading class java/util/AbstractList$SubList
Event: 64.721 Loading class java/util/AbstractList$SubList done
Event: 64.721 Loading class java/util/AbstractList$SubList$1
Event: 64.721 Loading class java/util/AbstractList$SubList$1 done

Classes unloaded (0 events):
No events

Classes redefined (0 events):
No events

Internal exceptions (20 events):
Event: 62.324 Thread 0x00007f2a200163b0 Exception <a 'sun/nio/fs/UnixException'{0x00000000a7cf2a68}> (0x00000000a7cf2a68) 
thrown [./src/hotspot/share/prims/jni.cpp, line 516]
Event: 62.324 Thread 0x00007f2a200163b0 Exception <a 'sun/nio/fs/UnixException'{0x00000000a7cf3408}> (0x00000000a7cf3408) 
thrown [./src/hotspot/share/prims/jni.cpp, line 516]
Event: 62.398 Thread 0x00007f2a200163b0 Exception <a 'java/lang/NoSuchMethodError'{0x00000000a7a0f8d0}: static Lcom/android/build/gradle/internal/tasks/DexArchiveBuilderTaskDelegate$ClasspathServiceKey;.<clinit>()V> (0x00000000a7a0f8d0) 
thrown [./src/hotspot/share/prims/jni.cpp, line 1112]
Event: 63.101 Thread 0x00007f2a201caa70 Exception <a 'java/lang/NoSuchMethodError'{0x00000000a65eda50}: 'java.lang.Object java.lang.invoke.DirectMethodHandle$Holder.invokeStaticInit(java.lang.Object, java.lang.Object, java.lang.Object, java.lang.Object, java.lang.Object, java.lang.Object, java.lang.Object, java.lang.Object, java.lang.Object, java.lang.Object, java.lang.Object, java.lang.Object, java.lang.Object, java.lang.Object, java.lang.Object, java.lang.Object, java.lang.Object, java.lang.Object, java.lang.Object, java.lang.Object, int, java
Event: 63.145 Thread 0x00007f2a201caa70 Exception <a 'java/lang/IncompatibleClassChangeError'{0x00000000a63c4100}: Found class java.lang.Object, but interface was expected> (0x00000000a63c4100) 
thrown [./src/hotspot/share/interpreter/linkResolver.cpp, line 826]
Event: 63.326 Thread 0x00007f2a201caa70 Exception <a 'java/lang/NoSuchMethodError'{0x00000000a5ea8b78}: 'java.lang.Object java.lang.invoke.DirectMethodHandle$Holder.newInvokeSpecial(java.lang.Object, long)'> (0x00000000a5ea8b78) 
thrown [./src/hotspot/share/interpreter/linkResolver.cpp, line 758]
Event: 63.664 Thread 0x00007f2a201caa70 Exception <a 'java/lang/IncompatibleClassChangeError'{0x00000000a536fc50}: Found class java.lang.Object, but interface was expected> (0x00000000a536fc50) 
thrown [./src/hotspot/share/interpreter/linkResolver.cpp, line 826]
Event: 63.665 Thread 0x00007f2a201caa70 Exception <a 'java/lang/NoSuchMethodError'{0x00000000a5377a10}: 'void java.lang.invoke.DirectMethodHandle$Holder.invokeInterface(java.lang.Object, java.lang.Object, java.lang.Object, int)'> (0x00000000a5377a10) 
thrown [./src/hotspot/share/interpreter/linkResolver.cpp, line 758]
Event: 64.043 Thread 0x00007f2a201caa70 Exception <a 'java/lang/NoSuchMethodError'{0x00000000a7d41448}: 'java.lang.Object java.lang.invoke.DirectMethodHandle$Holder.invokeStatic(java.lang.Object, int, java.lang.Object, java.lang.Object)'> (0x00000000a7d41448) 
thrown [./src/hotspot/share/interpreter/linkResolver.cpp, line 758]
Event: 64.044 Thread 0x00007f2a201caa70 Exception <a 'java/lang/NoSuchMethodError'{0x00000000a7d55c20}: 'java.lang.Object java.lang.invoke.DirectMethodHandle$Holder.invokeStatic(java.lang.Object, java.lang.Object, int, java.lang.Object, java.lang.Object)'> (0x00000000a7d55c20) 
thrown [./src/hotspot/share/interpreter/linkResolver.cpp, line 758]
Event: 64.099 Thread 0x00007f2a201caa70 Implicit null exception at 0x00007f2a414bacc0 to 0x00007f2a414bf1fc
Event: 64.394 Thread 0x00007f2a201caa70 Exception <a 'java/lang/IncompatibleClassChangeError'{0x00000000a771ad00}: Found class java.lang.Object, but interface was expected> (0x00000000a771ad00) 
thrown [./src/hotspot/share/interpreter/linkResolver.cpp, line 826]
Event: 64.394 Thread 0x00007f2a201caa70 Exception <a 'java/lang/IncompatibleClassChangeError'{0x00000000a771f7a0}: Found class java.lang.Object, but interface was expected> (0x00000000a771f7a0) 
thrown [./src/hotspot/share/interpreter/linkResolver.cpp, line 826]
Event: 64.512 Thread 0x00007f2a201caa70 Exception <a 'java/lang/NoSuchMethodError'{0x00000000a7235e30}: 'void java.lang.invoke.DirectMethodHandle$Holder.invokeSpecial(java.lang.Object, java.lang.Object, int, java.lang.Object)'> (0x00000000a7235e30) 
thrown [./src/hotspot/share/interpreter/linkResolver.cpp, line 758]
Event: 64.621 Thread 0x00007f2a201caa70 Exception <a 'java/lang/NoSuchMethodError'{0x00000000a6db4210}: 'int java.lang.invoke.DirectMethodHandle$Holder.invokeSpecial(java.lang.Object, java.lang.Object, java.lang.Object, int)'> (0x00000000a6db4210) 
thrown [./src/hotspot/share/interpreter/linkResolver.cpp, line 758]
Event: 64.626 Thread 0x00007f2a201caa70 Exception <a 'java/lang/NoSuchMethodError'{0x00000000a6c34dd0}: 'int java.lang.invoke.DirectMethodHandle$Holder.invokeSpecial(java.lang.Object, java.lang.Object, java.lang.Object, int, java.lang.Object)'> (0x00000000a6c34dd0) 
thrown [./src/hotspot/share/interpreter/linkResolver.cpp, line 758]
Event: 64.712 Thread 0x00007f2a201caa70 Exception <a 'java/lang/NoSuchMethodError'{0x00000000a694cb38}: 'java.lang.Object java.lang.invoke.DirectMethodHandle$Holder.invokeInterface(java.lang.Object, java.lang.Object, int)'> (0x00000000a694cb38) 
thrown [./src/hotspot/share/interpreter/linkResolver.cpp, line 758]
Event: 64.797 Thread 0x00007f2a201caa70 Exception <a 'java/lang/NoSuchMethodError'{0x00000000a67ea740}: 'int java.lang.invoke.DirectMethodHandle$Holder.invokeSpecial(java.lang.Object, java.lang.Object, int)'> (0x00000000a67ea740) 
thrown [./src/hotspot/share/interpreter/linkResolver.cpp, line 758]
Event: 64.927 Thread 0x00007f2a201caa70 Exception <a 'java/lang/NoSuchMethodError'{0x00000000a6427550}: 'void java.lang.invoke.DirectMethodHandle$Holder.invokeStatic(java.lang.Object, java.lang.Object, java.lang.Object, java.lang.Object, java.lang.Object, java.lang.Object, java.lang.Object)'> (0x00000000a6427550) 
thrown [./src/hotspot/share/interpreter/linkResolver.cpp, line 758]
Event: 65.225 Thread 0x00007f2a201caa70 Exception <a 'java/lang/IncompatibleClassChangeError'{0x00000000a5b77110}: Found class java.lang.Object, but interface was expected> (0x00000000a5b77110) 
thrown [./src/hotspot/share/interpreter/linkResolver.cpp, line 826]

VM Operations (20 events):
Event: 64.600 Executing VM operation: HandshakeAllThreads done
Event: 64.794 Executing VM operation: HandshakeAllThreads
Event: 64.795 Executing VM operation: HandshakeAllThreads done
Event: 64.904 Executing VM operation: ICBufferFull
Event: 64.904 Executing VM operation: ICBufferFull done
Event: 65.031 Executing VM operation: HandshakeAllThreads
Event: 65.031 Executing VM operation: HandshakeAllThreads done
Event: 65.098 Executing VM operation: ICBufferFull
Event: 65.098 Executing VM operation: ICBufferFull done
Event: 65.129 Executing VM operation: HandshakeAllThreads
Event: 65.129 Executing VM operation: HandshakeAllThreads done
Event: 65.227 Executing VM operation: HandshakeAllThreads
Event: 65.227 Executing VM operation: HandshakeAllThreads done
Event: 65.336 Executing VM operation: ICBufferFull
Event: 65.336 Executing VM operation: ICBufferFull done
Event: 65.438 Executing VM operation: HandshakeAllThreads
Event: 65.438 Executing VM operation: HandshakeAllThreads done
Event: 65.594 Executing VM operation: ICBufferFull
Event: 65.594 Executing VM operation: ICBufferFull done
Event: 65.738 Executing VM operation: G1CollectForAllocation

Memory protections (20 events):
Event: 29.716 Protecting memory [0x00007f2a053e5000,0x00007f2a053e9000] with protection modes 0
Event: 29.831 Protecting memory [0x00007f2a052e4000,0x00007f2a052e8000] with protection modes 0
Event: 29.936 Protecting memory [0x00007f2a051e3000,0x00007f2a051e7000] with protection modes 0
Event: 29.994 Protecting memory [0x00007f2a050e2000,0x00007f2a050e6000] with protection modes 0
Event: 30.801 Protecting memory [0x00007f2a04fe1000,0x00007f2a04fe5000] with protection modes 0
Event: 30.828 Protecting memory [0x00007f2a04ee0000,0x00007f2a04ee4000] with protection modes 0
Event: 31.101 Protecting memory [0x00007f2a04ddf000,0x00007f2a04de3000] with protection modes 0
Event: 31.293 Protecting memory [0x00007f2a04cde000,0x00007f2a04ce2000] with protection modes 0
Event: 31.299 Protecting memory [0x00007f2a04bdd000,0x00007f2a04be1000] with protection modes 0
Event: 31.301 Protecting memory [0x00007f2a04adc000,0x00007f2a04ae0000] with protection modes 0
Event: 31.535 Protecting memory [0x00007f2a34cb9000,0x00007f2a34cbd000] with protection modes 0
Event: 31.537 Protecting memory [0x00007f2a04700000,0x00007f2a04704000] with protection modes 0
Event: 31.743 Protecting memory [0x00007f2a045ff000,0x00007f2a04603000] with protection modes 0
Event: 32.624 Protecting memory [0x00007f2a044fe000,0x00007f2a04502000] with protection modes 0
Event: 33.312 Protecting memory [0x00007f2a04700000,0x00007f2a04704000] with protection modes 0
Event: 33.436 Protecting memory [0x00007f2a043fd000,0x00007f2a04401000] with protection modes 0
Event: 33.627 Protecting memory [0x00007f2a042fc000,0x00007f2a04300000] with protection modes 0
Event: 33.630 Protecting memory [0x00007f2a041fb000,0x00007f2a041ff000] with protection modes 0
Event: 33.804 Protecting memory [0x00007f2a040fa000,0x00007f2a040fe000] with protection modes 0
Event: 62.407 Protecting memory [0x00007f2a04bdd000,0x00007f2a04be1000] with protection modes 0

Nmethod flushes (20 events):
Event: 33.220 Thread 0x00007f2a500d23f0 flushing  nmethod 0x00007f2a3a5af410
Event: 33.220 Thread 0x00007f2a500d23f0 flushing  nmethod 0x00007f2a3a5e7710
Event: 33.220 Thread 0x00007f2a500d23f0 flushing  nmethod 0x00007f2a3a61b490
Event: 33.220 Thread 0x00007f2a500d23f0 flushing  nmethod 0x00007f2a3a622010
Event: 33.220 Thread 0x00007f2a500d23f0 flushing  nmethod 0x00007f2a3a633310
Event: 33.220 Thread 0x00007f2a500d23f0 flushing  nmethod 0x00007f2a3a642c90
Event: 33.220 Thread 0x00007f2a500d23f0 flushing  nmethod 0x00007f2a3a644d10
Event: 33.220 Thread 0x00007f2a500d23f0 flushing  nmethod 0x00007f2a3a648910
Event: 33.220 Thread 0x00007f2a500d23f0 flushing  nmethod 0x00007f2a3a659f90
Event: 33.220 Thread 0x00007f2a500d23f0 flushing  nmethod 0x00007f2a3a671d10
Event: 33.221 Thread 0x00007f2a500d23f0 flushing  nmethod 0x00007f2a3a6c6890
Event: 33.221 Thread 0x00007f2a500d23f0 flushing  nmethod 0x00007f2a3a761510
Event: 33.221 Thread 0x00007f2a500d23f0 flushing  nmethod 0x00007f2a3a762110
Event: 33.221 Thread 0x00007f2a500d23f0 flushing  nmethod 0x00007f2a3a767e90
Event: 33.221 Thread 0x00007f2a500d23f0 flushing  nmethod 0x00007f2a3a768790
Event: 33.221 Thread 0x00007f2a500d23f0 flushing  nmethod 0x00007f2a3a76a290
Event: 33.221 Thread 0x00007f2a500d23f0 flushing  nmethod 0x00007f2a3a76bd10
Event: 33.221 Thread 0x00007f2a500d23f0 flushing  nmethod 0x00007f2a3a76e210
Event: 33.222 Thread 0x00007f2a500d23f0 flushing  nmethod 0x00007f2a3a7b1390
Event: 33.222 Thread 0x00007f2a500d23f0 flushing  nmethod 0x00007f2a3a7b1890

Events (20 events):
Event: 30.800 Thread 0x00007f2a2636b760 Thread added: 0x00007f2a201caa70
Event: 30.825 Thread 0x00007f2a200163b0 Thread added: 0x00007f2a2c0a6070
Event: 31.100 Thread 0x00007f2a200163b0 Thread added: 0x00007f2a2c0a4f30
Event: 31.292 Thread 0x00007f2a201caa70 Thread added: 0x00007f2a256c6540
Event: 31.298 Thread 0x00007f2a201caa70 Thread added: 0x00007f2a256cd1c0
Event: 31.300 Thread 0x00007f2a201caa70 Thread added: 0x00007f2a2599e4b0
Event: 31.532 Thread 0x00007f2a201caa70 Thread added: 0x00007f2a25986640
Event: 31.537 Thread 0x00007f2a201caa70 Thread added: 0x00007f2a25b13da0
Event: 31.739 Thread 0x00007f2a200163b0 Thread added: 0x00007f2a2c0b7770
Event: 32.620 Thread 0x00007f2a200163b0 Thread added: 0x00007f2a2c0b4f90
Event: 33.301 Thread 0x00007f2a25b13da0 Thread exited: 0x00007f2a25b13da0
Event: 33.311 Thread 0x00007f2a201caa70 Thread added: 0x00007f2a25b24500
Event: 33.436 Thread 0x00007f2a201caa70 Thread added: 0x00007f2a25b13da0
Event: 33.627 Thread 0x00007f2a201caa70 Thread added: 0x00007f2a25a218b0
Event: 33.627 Thread 0x00007f2a201caa70 Thread added: 0x00007f2a25a22af0
Event: 33.804 Thread 0x00007f2a25a218b0 Thread added: 0x00007f29f000d6c0
Event: 62.001 Thread 0x00007f2a25b13da0 Thread exited: 0x00007f2a25b13da0
Event: 62.001 Thread 0x00007f2a25b24500 Thread exited: 0x00007f2a25b24500
Event: 62.003 Thread 0x00007f2a256cd1c0 Thread exited: 0x00007f2a256cd1c0
Event: 62.407 Thread 0x00007f2a200163b0 Thread added: 0x00007f2a2c0cb980


Dynamic libraries:
9c000000-a8100000 rw-p 00000000 00:00 0 
c0700000-ffe00000 ---p 00000000 00:00 0 
ffe00000-ffe75000 rw-p 00c7a000 00:25 13853                              /usr/lib/jvm/java-17-openjdk-amd64/lib/server/classes.jsa
ffe75000-fff00000 rw-p 00000000 00:00 0 
fff00000-fff78000 rw-p 00c02000 00:25 13853                              /usr/lib/jvm/java-17-openjdk-amd64/lib/server/classes.jsa
fff78000-100000000 rw-p 00000000 00:00 0 
55a94d2ca000-55a94d2cb000 r--p 00000000 00:25 13495                      /usr/lib/jvm/java-17-openjdk-amd64/bin/java
55a94d2cb000-55a94d2cc000 r-xp 00001000 00:25 13495                      /usr/lib/jvm/java-17-openjdk-amd64/bin/java
55a94d2cc000-55a94d2cd000 r--p 00002000 00:25 13495                      /usr/lib/jvm/java-17-openjdk-amd64/bin/java
55a94d2cd000-55a94d2ce000 r--p 00002000 00:25 13495                      /usr/lib/jvm/java-17-openjdk-amd64/bin/java
55a94d2ce000-55a94d2cf000 rw-p 00003000 00:25 13495                      /usr/lib/jvm/java-17-openjdk-amd64/bin/java
55a94e38c000-55a94e3d3000 rw-p 00000000 00:00 0                          [heap]
7f29dbd72000-7f29dc3e0000 rw-p 00000000 00:00 0 
7f29dc3e0000-7f29dc400000 rw-p 00000000 00:00 0 
7f29dc400000-7f29dc500000 rw-p 00000000 00:00 0 
7f29dc500000-7f29dc600000 rw-p 00000000 00:00 0 
7f29dc600000-7f29dcbc0000 rw-p 00000000 00:00 0 
7f29dcbc0000-7f29dcd00000 rw-p 00000000 00:00 0 
7f29dcd00000-7f29dcda0000 rw-p 00000000 00:00 0 
7f29dcda0000-7f29dce00000 ---p 00000000 00:00 0 
7f29dce00000-7f29dd980000 rw-p 00000000 00:00 0 
7f29dd980000-7f29e0000000 ---p 00000000 00:00 0 
7f29e0000000-7f29e09dc000 rw-p 00000000 00:00 0 
7f29e09dc000-7f29e4000000 ---p 00000000 00:00 0 
7f29e4000000-7f29e4021000 rw-p 00000000 00:00 0 
7f29e4021000-7f29e8000000 ---p 00000000 00:00 0 
7f29e8000000-7f29e802a000 rw-p 00000000 00:00 0 
7f29e802a000-7f29ec000000 ---p 00000000 00:00 0 
7f29ec000000-7f29edbf0000 rw-p 00000000 00:00 0 
7f29edbf0000-7f29f0000000 ---p 00000000 00:00 0 
7f29f0000000-7f29f0021000 rw-p 00000000 00:00 0 
7f29f0021000-7f29f4000000 ---p 00000000 00:00 0 
7f29f4000000-7f29f4054000 rw-p 00000000 00:00 0 
7f29f4054000-7f29f8000000 ---p 00000000 00:00 0 
7f29f8000000-7f29f8052000 rw-p 00000000 00:00 0 
7f29f8052000-7f29fc000000 ---p 00000000 00:00 0 
7f29fc000000-7f29fc027000 rw-p 00000000 00:00 0 
7f29fc027000-7f2a00000000 ---p 00000000 00:00 0 
7f2a00000000-7f2a001f1000 rw-p 00000000 00:00 0 
7f2a001f1000-7f2a04000000 ---p 00000000 00:00 0 
7f2a040f9000-7f2a040fa000 ---p 00000000 00:00 0 
7f2a040fa000-7f2a040fe000 ---p 00000000 00:00 0 
7f2a040fe000-7f2a041fa000 rw-p 00000000 00:00 0 
7f2a041fa000-7f2a041fb000 ---p 00000000 00:00 0 
7f2a041fb000-7f2a041ff000 ---p 00000000 00:00 0 
7f2a041ff000-7f2a042fb000 rw-p 00000000 00:00 0 
7f2a042fb000-7f2a042fc000 ---p 00000000 00:00 0 
7f2a042fc000-7f2a04300000 ---p 00000000 00:00 0 
7f2a04300000-7f2a043fc000 rw-p 00000000 00:00 0 
7f2a043fc000-7f2a043fd000 ---p 00000000 00:00 0 
7f2a043fd000-7f2a04401000 ---p 00000000 00:00 0 
7f2a04401000-7f2a044fd000 rw-p 00000000 00:00 0 
7f2a044fd000-7f2a044fe000 ---p 00000000 00:00 0 
7f2a044fe000-7f2a04502000 ---p 00000000 00:00 0 
7f2a04502000-7f2a045fe000 rw-p 00000000 00:00 0 
7f2a045fe000-7f2a045ff000 ---p 00000000 00:00 0 
7f2a045ff000-7f2a04603000 ---p 00000000 00:00 0 
7f2a04603000-7f2a046ff000 rw-p 00000000 00:00 0 
7f2a046ff000-7f2a04700000 ---p 00000000 00:00 0 
7f2a04700000-7f2a04704000 ---p 00000000 00:00 0 
7f2a04704000-7f2a04800000 rw-p 00000000 00:00 0 
7f2a04800000-7f2a04805000 r-xp 00000000 fe:00 525806                     /tmp/native-platform15992928547253882606dir/libnative-platform.so
7f2a04805000-7f2a04a04000 ---p 00005000 fe:00 525806                     /tmp/native-platform15992928547253882606dir/libnative-platform.so
7f2a04a04000-7f2a04a05000 rw-p 00004000 fe:00 525806                     /tmp/native-platform15992928547253882606dir/libnative-platform.so
7f2a04adb000-7f2a04adc000 ---p 00000000 00:00 0 
7f2a04adc000-7f2a04ae0000 ---p 00000000 00:00 0 
7f2a04ae0000-7f2a04bdc000 rw-p 00000000 00:00 0 
7f2a04bdc000-7f2a04bdd000 ---p 00000000 00:00 0 
7f2a04bdd000-7f2a04be1000 ---p 00000000 00:00 0 
7f2a04be1000-7f2a04cdd000 rw-p 00000000 00:00 0 
7f2a04cdd000-7f2a04cde000 ---p 00000000 00:00 0 
7f2a04cde000-7f2a04ce2000 ---p 00000000 00:00 0 
7f2a04ce2000-7f2a04dde000 rw-p 00000000 00:00 0 
7f2a04dde000-7f2a04ddf000 ---p 00000000 00:00 0 
7f2a04ddf000-7f2a04de3000 ---p 00000000 00:00 0 
7f2a04de3000-7f2a04edf000 rw-p 00000000 00:00 0 
7f2a04edf000-7f2a04ee0000 ---p 00000000 00:00 0 
7f2a04ee0000-7f2a04ee4000 ---p 00000000 00:00 0 
7f2a04ee4000-7f2a04fe0000 rw-p 00000000 00:00 0 
7f2a04fe0000-7f2a04fe1000 ---p 00000000 00:00 0 
7f2a04fe1000-7f2a04fe5000 ---p 00000000 00:00 0 
7f2a04fe5000-7f2a050e1000 rw-p 00000000 00:00 0 
7f2a050e1000-7f2a050e2000 ---p 00000000 00:00 0 
7f2a050e2000-7f2a050e6000 ---p 00000000 00:00 0 
7f2a050e6000-7f2a051e2000 rw-p 00000000 00:00 0 
7f2a051e2000-7f2a051e3000 ---p 00000000 00:00 0 
7f2a051e3000-7f2a051e7000 ---p 00000000 00:00 0 
7f2a051e7000-7f2a052e3000 rw-p 00000000 00:00 0 
7f2a052e3000-7f2a052e4000 ---p 00000000 00:00 0 
7f2a052e4000-7f2a052e8000 ---p 00000000 00:00 0 
7f2a052e8000-7f2a053e4000 rw-p 00000000 00:00 0 
7f2a053e4000-7f2a053e5000 ---p 00000000 00:00 0 
7f2a053e5000-7f2a053e9000 ---p 00000000 00:00 0 
7f2a053e9000-7f2a054e5000 rw-p 00000000 00:00 0 
7f2a054e5000-7f2a054e6000 ---p 00000000 00:00 0 
7f2a054e6000-7f2a054ea000 ---p 00000000 00:00 0 
7f2a054ea000-7f2a055e6000 rw-p 00000000 00:00 0 
7f2a055e6000-7f2a055e7000 ---p 00000000 00:00 0 
7f2a055e7000-7f2a055eb000 ---p 00000000 00:00 0 
7f2a055eb000-7f2a056e7000 rw-p 00000000 00:00 0 
7f2a056e7000-7f2a056e8000 ---p 00000000 00:00 0 
7f2a056e8000-7f2a056ec000 ---p 00000000 00:00 0 
7f2a056ec000-7f2a057e8000 rw-p 00000000 00:00 0 
7f2a057e8000-7f2a057e9000 ---p 00000000 00:00 0 
7f2a057e9000-7f2a057ed000 ---p 00000000 00:00 0 
7f2a057ed000-7f2a058e9000 rw-p 00000000 00:00 0 
7f2a058e9000-7f2a058ea000 ---p 00000000 00:00 0 
7f2a058ea000-7f2a058ee000 ---p 00000000 00:00 0 
7f2a058ee000-7f2a059ea000 rw-p 00000000 00:00 0 
7f2a059ea000-7f2a059eb000 ---p 00000000 00:00 0 
7f2a059eb000-7f2a059ef000 ---p 00000000 00:00 0 
7f2a059ef000-7f2a05aeb000 rw-p 00000000 00:00 0 
7f2a05aeb000-7f2a05aec000 ---p 00000000 00:00 0 
7f2a05aec000-7f2a05af0000 ---p 00000000 00:00 0 
7f2a05af0000-7f2a05bec000 rw-p 00000000 00:00 0 
7f2a05bec000-7f2a05bed000 ---p 00000000 00:00 0 
7f2a05bed000-7f2a05bf1000 ---p 00000000 00:00 0 
7f2a05bf1000-7f2a05ced000 rw-p 00000000 00:00 0 
7f2a05ced000-7f2a05cee000 ---p 00000000 00:00 0 
7f2a05cee000-7f2a05cf2000 ---p 00000000 00:00 0 
7f2a05cf2000-7f2a05dee000 rw-p 00000000 00:00 0 
7f2a05dee000-7f2a05def000 ---p 00000000 00:00 0 
7f2a05def000-7f2a05df3000 ---p 00000000 00:00 0 
7f2a05df3000-7f2a05eef000 rw-p 00000000 00:00 0 
7f2a05eef000-7f2a05ef0000 ---p 00000000 00:00 0 
7f2a05ef0000-7f2a05ef4000 ---p 00000000 00:00 0 
7f2a05ef4000-7f2a05ff0000 rw-p 00000000 00:00 0 
7f2a05ff0000-7f2a05ff1000 ---p 00000000 00:00 0 
7f2a05ff1000-7f2a05ff5000 ---p 00000000 00:00 0 
7f2a05ff5000-7f2a060f1000 rw-p 00000000 00:00 0 
7f2a060f1000-7f2a060f2000 ---p 00000000 00:00 0 
7f2a060f2000-7f2a060f6000 ---p 00000000 00:00 0 
7f2a060f6000-7f2a061f2000 rw-p 00000000 00:00 0 
7f2a061f2000-7f2a061f3000 ---p 00000000 00:00 0 
7f2a061f3000-7f2a061f7000 ---p 00000000 00:00 0 
7f2a061f7000-7f2a062f3000 rw-p 00000000 00:00 0 
7f2a062f3000-7f2a062f4000 ---p 00000000 00:00 0 
7f2a062f4000-7f2a062f8000 ---p 00000000 00:00 0 
7f2a062f8000-7f2a063f4000 rw-p 00000000 00:00 0 
7f2a063f4000-7f2a063f5000 ---p 00000000 00:00 0 
7f2a063f5000-7f2a063f9000 ---p 00000000 00:00 0 
7f2a063f9000-7f2a064f5000 rw-p 00000000 00:00 0 
7f2a064f5000-7f2a064f6000 ---p 00000000 00:00 0 
7f2a064f6000-7f2a064fa000 ---p 00000000 00:00 0 
7f2a064fa000-7f2a065f6000 rw-p 00000000 00:00 0 
7f2a065f6000-7f2a065f7000 ---p 00000000 00:00 0 
7f2a065f7000-7f2a065fb000 ---p 00000000 00:00 0 
7f2a065fb000-7f2a066f7000 rw-p 00000000 00:00 0 
7f2a066f7000-7f2a066f8000 ---p 00000000 00:00 0 
7f2a066f8000-7f2a066fc000 ---p 00000000 00:00 0 
7f2a066fc000-7f2a067f8000 rw-p 00000000 00:00 0 
7f2a067f8000-7f2a067f9000 ---p 00000000 00:00 0 
7f2a067f9000-7f2a067fd000 ---p 00000000 00:00 0 
7f2a067fd000-7f2a068f9000 rw-p 00000000 00:00 0 
7f2a068f9000-7f2a068fa000 ---p 00000000 00:00 0 
7f2a068fa000-7f2a068fe000 ---p 00000000 00:00 0 
7f2a068fe000-7f2a069fa000 rw-p 00000000 00:00 0 
7f2a069fa000-7f2a069fb000 ---p 00000000 00:00 0 
7f2a069fb000-7f2a069ff000 ---p 00000000 00:00 0 
7f2a069ff000-7f2a06afb000 rw-p 00000000 00:00 0 
7f2a06afb000-7f2a06afc000 ---p 00000000 00:00 0 
7f2a06afc000-7f2a06b00000 ---p 00000000 00:00 0 
7f2a06b00000-7f2a06bfc000 rw-p 00000000 00:00 0 
7f2a06bfc000-7f2a06bfd000 ---p 00000000 00:00 0 
7f2a06bfd000-7f2a06c01000 ---p 00000000 00:00 0 
7f2a06c01000-7f2a06cfd000 rw-p 00000000 00:00 0 
7f2a06cfd000-7f2a06cfe000 ---p 00000000 00:00 0 
7f2a06cfe000-7f2a06d02000 ---p 00000000 00:00 0 
7f2a06d02000-7f2a06dfe000 rw-p 00000000 00:00 0 
7f2a06dfe000-7f2a06dff000 ---p 00000000 00:00 0 
7f2a06dff000-7f2a06e03000 ---p 00000000 00:00 0 
7f2a06e03000-7f2a06eff000 rw-p 00000000 00:00 0 
7f2a06eff000-7f2a06f00000 ---p 00000000 00:00 0 
7f2a06f00000-7f2a06f04000 ---p 00000000 00:00 0 
7f2a06f04000-7f2a07400000 rw-p 00000000 00:00 0 
7f2a07400000-7f2a07800000 rw-p 00000000 00:00 0 
7f2a07800000-7f2a07900000 rw-p 00000000 00:00 0 
7f2a07900000-7f2a07a00000 rw-p 00000000 00:00 0 
7f2a07a00000-7f2a08700000 rw-p 00000000 00:00 0 
7f2a08700000-7f2a08900000 rw-p 00000000 00:00 0 
7f2a08900000-7f2a08a00000 rw-p 00000000 00:00 0 
7f2a08a00000-7f2a093c0000 rw-p 00000000 00:00 0 
7f2a093c0000-7f2a09400000 rw-p 00000000 00:00 0 
7f2a09400000-7f2a09900000 rw-p 00000000 00:00 0 
7f2a09900000-7f2a09a00000 rw-p 00000000 00:00 0 
7f2a09a00000-7f2a09c00000 rw-p 00000000 00:00 0 
7f2a09c00000-7f2a0a000000 rw-p 00000000 00:00 0 
7f2a0a000000-7f2a0a100000 rw-p 00000000 00:00 0 
7f2a0a100000-7f2a0a200000 rw-p 00000000 00:00 0 
7f2a0a200000-7f2a0b000000 rw-p 00000000 00:00 0 
7f2a0b000000-7f2a0b455000 rw-p 00001000 00:25 13853                      /usr/lib/jvm/java-17-openjdk-amd64/lib/server/classes.jsa
7f2a0b455000-7f2a0bbca000 rw-p 00456000 00:25 13853                      /usr/lib/jvm/java-17-openjdk-amd64/lib/server/classes.jsa
7f2a0bbca000-7f2a0c000000 ---p 00000000 00:00 0 
7f2a0c000000-7f2a0c040000 rw-p 00000000 00:00 0 
7f2a0c040000-7f2a0c080000 rw-p 00000000 00:00 0 
7f2a0c080000-7f2a0c140000 rw-p 00000000 00:00 0 
7f2a0c140000-7f2a0c180000 rw-p 00000000 00:00 0 
7f2a0c180000-7f2a0c440000 rw-p 00000000 00:00 0 
7f2a0c440000-7f2a0c740000 rw-p 00000000 00:00 0 
7f2a0c740000-7f2a0c780000 rw-p 00000000 00:00 0 
7f2a0c780000-7f2a0c840000 rw-p 00000000 00:00 0 
7f2a0c840000-7f2a0cce0000 rw-p 00000000 00:00 0 
7f2a0cce0000-7f2a0cd00000 ---p 00000000 00:00 0 
7f2a0cd00000-7f2a0cf10000 rw-p 00000000 00:00 0 
7f2a0cf10000-7f2a20000000 ---p 00000000 00:00 0 
7f2a20000000-7f2a201dd000 rw-p 00000000 00:00 0 
7f2a201dd000-7f2a24000000 ---p 00000000 00:00 0 
7f2a24000000-7f2a264d9000 rw-p 00000000 00:00 0 
7f2a264d9000-7f2a28000000 ---p 00000000 00:00 0 
7f2a28000000-7f2a28034000 rw-p 00000000 00:00 0 
7f2a28034000-7f2a2c000000 ---p 00000000 00:00 0 
7f2a2c000000-7f2a2c28b000 rw-p 00000000 00:00 0 
7f2a2c28b000-7f2a30000000 ---p 00000000 00:00 0 
7f2a30000000-7f2a30089000 rw-p 00000000 00:00 0 
7f2a30089000-7f2a34000000 ---p 00000000 00:00 0 
7f2a340fb000-7f2a340fc000 ---p 00000000 00:00 0 
7f2a340fc000-7f2a34100000 ---p 00000000 00:00 0 
7f2a34100000-7f2a341fc000 rw-p 00000000 00:00 0 
7f2a341fc000-7f2a341fd000 ---p 00000000 00:00 0 
7f2a341fd000-7f2a34201000 ---p 00000000 00:00 0 
7f2a34201000-7f2a342fd000 rw-p 00000000 00:00 0 
7f2a342fd000-7f2a342fe000 ---p 00000000 00:00 0 
7f2a342fe000-7f2a34302000 ---p 00000000 00:00 0 
7f2a34302000-7f2a343fe000 rw-p 00000000 00:00 0 
7f2a343fe000-7f2a343ff000 ---p 00000000 00:00 0 
7f2a343ff000-7f2a34403000 ---p 00000000 00:00 0 
7f2a34403000-7f2a344ff000 rw-p 00000000 00:00 0 
7f2a344ff000-7f2a34500000 ---p 00000000 00:00 0 
7f2a34500000-7f2a34504000 ---p 00000000 00:00 0 
7f2a34504000-7f2a34600000 rw-p 00000000 00:00 0 
7f2a34600000-7f2a34653000 r-xp 00000000 fe:00 402                        /root/.gradle/native/38dada09dfb8b06ba9b0570ebf7e218e3eb74d4ef43ca46872605cf95ebc2f47/linux-amd64/libnative-platform-file-events.so
7f2a34653000-7f2a34852000 ---p 00053000 fe:00 402                        /root/.gradle/native/38dada09dfb8b06ba9b0570ebf7e218e3eb74d4ef43ca46872605cf95ebc2f47/linux-amd64/libnative-platform-file-events.so
7f2a34852000-7f2a34853000 r--p 00052000 fe:00 402                        /root/.gradle/native/38dada09dfb8b06ba9b0570ebf7e218e3eb74d4ef43ca46872605cf95ebc2f47/linux-amd64/libnative-platform-file-events.so
7f2a34853000-7f2a34855000 rw-p 00053000 fe:00 402                        /root/.gradle/native/38dada09dfb8b06ba9b0570ebf7e218e3eb74d4ef43ca46872605cf95ebc2f47/linux-amd64/libnative-platform-file-events.so
7f2a348ff000-7f2a34900000 ---p 00000000 00:00 0 
7f2a34900000-7f2a34904000 ---p 00000000 00:00 0 
7f2a34904000-7f2a34a00000 rw-p 00000000 00:00 0 
7f2a34a00000-7f2a34a05000 r-xp 00000000 fe:00 525894                     /root/.gradle/native/c067742578af261105cb4f569cf0c3c89f3d7b1fecec35dd04571415982c5e48/linux-amd64/libnative-platform.so
7f2a34a05000-7f2a34c05000 ---p 00005000 fe:00 525894                     /root/.gradle/native/c067742578af261105cb4f569cf0c3c89f3d7b1fecec35dd04571415982c5e48/linux-amd64/libnative-platform.so
7f2a34c05000-7f2a34c06000 r--p 00005000 fe:00 525894                     /root/.gradle/native/c067742578af261105cb4f569cf0c3c89f3d7b1fecec35dd04571415982c5e48/linux-amd64/libnative-platform.so
7f2a34c06000-7f2a34c07000 rw-p 00006000 fe:00 525894                     /root/.gradle/native/c067742578af261105cb4f569cf0c3c89f3d7b1fecec35dd04571415982c5e48/linux-amd64/libnative-platform.so
7f2a34cb8000-7f2a34cb9000 ---p 00000000 00:00 0 
7f2a34cb9000-7f2a34cbd000 ---p 00000000 00:00 0 
7f2a34cbd000-7f2a34cdb000 rw-p 00000000 00:00 0 
7f2a34cdb000-7f2a34cdc000 ---p 00000000 00:00 0 
7f2a34cdc000-7f2a34ce0000 ---p 00000000 00:00 0 
7f2a34ce0000-7f2a34ddc000 rw-p 00000000 00:00 0 
7f2a34ddc000-7f2a34ddd000 ---p 00000000 00:00 0 
7f2a34ddd000-7f2a34edd000 rw-p 00000000 00:00 0 
7f2a34edd000-7f2a34ede000 ---p 00000000 00:00 0 
7f2a34ede000-7f2a34fde000 rw-p 00000000 00:00 0 
7f2a34fde000-7f2a34fdf000 ---p 00000000 00:00 0 
7f2a34fdf000-7f2a34fe3000 ---p 00000000 00:00 0 
7f2a34fe3000-7f2a350df000 rw-p 00000000 00:00 0 
7f2a350df000-7f2a350e0000 ---p 00000000 00:00 0 
7f2a350e0000-7f2a350e4000 ---p 00000000 00:00 0 
7f2a350e4000-7f2a351e0000 rw-p 00000000 00:00 0 
7f2a351e0000-7f2a351e1000 ---p 00000000 00:00 0 
7f2a351e1000-7f2a351e5000 ---p 00000000 00:00 0 
7f2a351e5000-7f2a352e1000 rw-p 00000000 00:00 0 
7f2a352e1000-7f2a352e2000 ---p 00000000 00:00 0 
7f2a352e2000-7f2a352e6000 ---p 00000000 00:00 0 
7f2a352e6000-7f2a353e2000 rw-p 00000000 00:00 0 
7f2a353e2000-7f2a353e3000 ---p 00000000 00:00 0 
7f2a353e3000-7f2a353e7000 ---p 00000000 00:00 0 
7f2a353e7000-7f2a354e3000 rw-p 00000000 00:00 0 
7f2a354e3000-7f2a354e4000 ---p 00000000 00:00 0 
7f2a354e4000-7f2a354e8000 ---p 00000000 00:00 0 
7f2a354e8000-7f2a355e4000 rw-p 00000000 00:00 0 
7f2a355e4000-7f2a355e5000 ---p 00000000 00:00 0 
7f2a355e5000-7f2a355e9000 ---p 00000000 00:00 0 
7f2a355e9000-7f2a356e5000 rw-p 00000000 00:00 0 
7f2a356e5000-7f2a356e6000 ---p 00000000 00:00 0 
7f2a356e6000-7f2a356ea000 ---p 00000000 00:00 0 
7f2a356ea000-7f2a357e6000 rw-p 00000000 00:00 0 
7f2a357e6000-7f2a3583d000 r--p 00000000 00:25 13893                      /usr/lib/locale/C.utf8/LC_CTYPE
7f2a3583d000-7f2a3583e000 ---p 00000000 00:00 0 
7f2a3583e000-7f2a35842000 ---p 00000000 00:00 0 
7f2a35842000-7f2a3593e000 rw-p 00000000 00:00 0 
7f2a3593e000-7f2a3593f000 ---p 00000000 00:00 0 
7f2a3593f000-7f2a35943000 ---p 00000000 00:00 0 
7f2a35943000-7f2a35a3f000 rw-p 00000000 00:00 0 
7f2a35a3f000-7f2a35a40000 ---p 00000000 00:00 0 
7f2a35a40000-7f2a35b40000 rw-p 00000000 00:00 0 
7f2a35b40000-7f2a35b45000 r--p 00000000 00:25 13828                      /usr/lib/jvm/java-17-openjdk-amd64/lib/libjsvml.so
7f2a35b45000-7f2a35b86000 r-xp 00005000 00:25 13828                      /usr/lib/jvm/java-17-openjdk-amd64/lib/libjsvml.so
7f2a35b86000-7f2a35c0f000 r--p 00046000 00:25 13828                      /usr/lib/jvm/java-17-openjdk-amd64/lib/libjsvml.so
7f2a35c0f000-7f2a35c10000 r--p 000ce000 00:25 13828                      /usr/lib/jvm/java-17-openjdk-amd64/lib/libjsvml.so
7f2a35c10000-7f2a35c11000 rw-p 000cf000 00:25 13828                      /usr/lib/jvm/java-17-openjdk-amd64/lib/libjsvml.so
7f2a35c11000-7f2a37f15000 rw-p 00000000 00:00 0 
7f2a37f15000-7f2a39509000 ---p 00000000 00:00 0 
7f2a39509000-7f2a39511000 rw-p 00000000 00:00 0 
7f2a39511000-7f2a3a9f1000 rwxp 00000000 00:00 0 
7f2a3a9f1000-7f2a40a49000 ---p 00000000 00:00 0 
7f2a40a49000-7f2a40cb9000 rwxp 00000000 00:00 0 
7f2a40cb9000-7f2a40fd8000 ---p 00000000 00:00 0 
7f2a40fd8000-7f2a41538000 rwxp 00000000 00:00 0 
7f2a41538000-7f2a48511000 ---p 00000000 00:00 0 
7f2a48511000-7f2a50000000 r--s 00000000 00:25 13844                      /usr/lib/jvm/java-17-openjdk-amd64/lib/modules
7f2a50000000-7f2a5136a000 rw-p 00000000 00:00 0 
7f2a5136a000-7f2a54000000 ---p 00000000 00:00 0 
7f2a5400e000-7f2a5400f000 r--p 00000000 00:25 13837                      /usr/lib/jvm/java-17-openjdk-amd64/lib/librmi.so
7f2a5400f000-7f2a54010000 r-xp 00001000 00:25 13837                      /usr/lib/jvm/java-17-openjdk-amd64/lib/librmi.so
7f2a54010000-7f2a54011000 r--p 00002000 00:25 13837                      /usr/lib/jvm/java-17-openjdk-amd64/lib/librmi.so
7f2a54011000-7f2a54012000 r--p 00002000 00:25 13837                      /usr/lib/jvm/java-17-openjdk-amd64/lib/librmi.so
7f2a54012000-7f2a54013000 rw-p 00003000 00:25 13837                      /usr/lib/jvm/java-17-openjdk-amd64/lib/librmi.so
7f2a54013000-7f2a54014000 r--p 00000000 00:25 13813                      /usr/lib/jvm/java-17-openjdk-amd64/lib/libextnet.so
7f2a54014000-7f2a54015000 r-xp 00001000 00:25 13813                      /usr/lib/jvm/java-17-openjdk-amd64/lib/libextnet.so
7f2a54015000-7f2a54016000 r--p 00002000 00:25 13813                      /usr/lib/jvm/java-17-openjdk-amd64/lib/libextnet.so
7f2a54016000-7f2a54017000 r--p 00002000 00:25 13813                      /usr/lib/jvm/java-17-openjdk-amd64/lib/libextnet.so
7f2a54017000-7f2a54018000 rw-p 00003000 00:25 13813                      /usr/lib/jvm/java-17-openjdk-amd64/lib/libextnet.so
7f2a54018000-7f2a5401a000 r--p 00000000 00:25 13832                      /usr/lib/jvm/java-17-openjdk-amd64/lib/libmanagement_ext.so
7f2a5401a000-7f2a5401d000 r-xp 00002000 00:25 13832                      /usr/lib/jvm/java-17-openjdk-amd64/lib/libmanagement_ext.so
7f2a5401d000-7f2a5401e000 r--p 00005000 00:25 13832                      /usr/lib/jvm/java-17-openjdk-amd64/lib/libmanagement_ext.so
7f2a5401e000-7f2a5401f000 r--p 00006000 00:25 13832                      /usr/lib/jvm/java-17-openjdk-amd64/lib/libmanagement_ext.so
7f2a5401f000-7f2a54020000 rw-p 00007000 00:25 13832                      /usr/lib/jvm/java-17-openjdk-amd64/lib/libmanagement_ext.so
7f2a54020000-7f2a54021000 r--p 00000000 00:25 18162                      /usr/lib/x86_64-linux-gnu/libpthread.so.0
7f2a54021000-7f2a54022000 r-xp 00001000 00:25 18162                      /usr/lib/x86_64-linux-gnu/libpthread.so.0
7f2a54022000-7f2a54023000 r--p 00002000 00:25 18162                      /usr/lib/x86_64-linux-gnu/libpthread.so.0
7f2a54023000-7f2a54024000 r--p 00002000 00:25 18162                      /usr/lib/x86_64-linux-gnu/libpthread.so.0
7f2a54024000-7f2a54025000 rw-p 00003000 00:25 18162                      /usr/lib/x86_64-linux-gnu/libpthread.so.0
7f2a54025000-7f2a54029000 r--p 00000000 00:25 13842                      /usr/lib/jvm/java-17-openjdk-amd64/lib/libverify.so
7f2a54029000-7f2a54030000 r-xp 00004000 00:25 13842                      /usr/lib/jvm/java-17-openjdk-amd64/lib/libverify.so
7f2a54030000-7f2a54032000 r--p 0000b000 00:25 13842                      /usr/lib/jvm/java-17-openjdk-amd64/lib/libverify.so
7f2a54032000-7f2a54034000 r--p 0000c000 00:25 13842                      /usr/lib/jvm/java-17-openjdk-amd64/lib/libverify.so
7f2a54034000-7f2a54035000 rw-p 0000e000 00:25 13842                      /usr/lib/jvm/java-17-openjdk-amd64/lib/libverify.so
7f2a54035000-7f2a54039000 r--p 00000000 00:25 13834                      /usr/lib/jvm/java-17-openjdk-amd64/lib/libnet.so
7f2a54039000-7f2a54047000 r-xp 00004000 00:25 13834                      /usr/lib/jvm/java-17-openjdk-amd64/lib/libnet.so
7f2a54047000-7f2a5404b000 r--p 00012000 00:25 13834                      /usr/lib/jvm/java-17-openjdk-amd64/lib/libnet.so
7f2a5404b000-7f2a5404c000 r--p 00015000 00:25 13834                      /usr/lib/jvm/java-17-openjdk-amd64/lib/libnet.so
7f2a5404c000-7f2a5404d000 rw-p 00016000 00:25 13834                      /usr/lib/jvm/java-17-openjdk-amd64/lib/libnet.so
7f2a5404d000-7f2a5416a000 rw-p 00000000 00:00 0 
7f2a5416d000-7f2a5416f000 r--p 00000000 00:25 13830                      /usr/lib/jvm/java-17-openjdk-amd64/lib/libmanagement.so
7f2a5416f000-7f2a54170000 r-xp 00002000 00:25 13830                      /usr/lib/jvm/java-17-openjdk-amd64/lib/libmanagement.so
7f2a54170000-7f2a54171000 r--p 00003000 00:25 13830                      /usr/lib/jvm/java-17-openjdk-amd64/lib/libmanagement.so
7f2a54171000-7f2a54172000 r--p 00003000 00:25 13830                      /usr/lib/jvm/java-17-openjdk-amd64/lib/libmanagement.so
7f2a54172000-7f2a54173000 rw-p 00004000 00:25 13830                      /usr/lib/jvm/java-17-openjdk-amd64/lib/libmanagement.so
7f2a54173000-7f2a5417a000 r--p 00000000 00:25 13835                      /usr/lib/jvm/java-17-openjdk-amd64/lib/libnio.so
7f2a5417a000-7f2a54183000 r-xp 00007000 00:25 13835                      /usr/lib/jvm/java-17-openjdk-amd64/lib/libnio.so
7f2a54183000-7f2a54187000 r--p 00010000 00:25 13835                      /usr/lib/jvm/java-17-openjdk-amd64/lib/libnio.so
7f2a54187000-7f2a54188000 r--p 00014000 00:25 13835                      /usr/lib/jvm/java-17-openjdk-amd64/lib/libnio.so
7f2a54188000-7f2a54189000 rw-p 00015000 00:25 13835                      /usr/lib/jvm/java-17-openjdk-amd64/lib/libnio.so
7f2a54189000-7f2a5418b000 r--p 00000000 00:25 13843                      /usr/lib/jvm/java-17-openjdk-amd64/lib/libzip.so
7f2a5418b000-7f2a5418f000 r-xp 00002000 00:25 13843                      /usr/lib/jvm/java-17-openjdk-amd64/lib/libzip.so
7f2a5418f000-7f2a54191000 r--p 00006000 00:25 13843                      /usr/lib/jvm/java-17-openjdk-amd64/lib/libzip.so
7f2a54191000-7f2a54192000 r--p 00007000 00:25 13843                      /usr/lib/jvm/java-17-openjdk-amd64/lib/libzip.so
7f2a54192000-7f2a54193000 rw-p 00008000 00:25 13843                      /usr/lib/jvm/java-17-openjdk-amd64/lib/libzip.so
7f2a54193000-7f2a54194000 r--p 00000000 00:25 13899                      /usr/lib/locale/C.utf8/LC_NUMERIC
7f2a54194000-7f2a54195000 r--p 00000000 00:25 13902                      /usr/lib/locale/C.utf8/LC_TIME
7f2a54195000-7f2a54196000 r--p 00000000 00:25 13892                      /usr/lib/locale/C.utf8/LC_COLLATE
7f2a54196000-7f2a54197000 r--p 00000000 00:25 13897                      /usr/lib/locale/C.utf8/LC_MONETARY
7f2a54197000-7f2a54198000 r--p 00000000 00:25 13896                      /usr/lib/locale/C.utf8/LC_MESSAGES/SYS_LC_MESSAGES
7f2a54198000-7f2a54199000 r--p 00000000 00:25 13900                      /usr/lib/locale/C.utf8/LC_PAPER
7f2a54199000-7f2a5419a000 r--p 00000000 00:25 13898                      /usr/lib/locale/C.utf8/LC_NAME
7f2a5419a000-7f2a541a1000 r--s 00000000 00:25 17585                      /usr/lib/x86_64-linux-gnu/gconv/gconv-modules.cache
7f2a541a1000-7f2a541a2000 ---p 00000000 00:00 0 
7f2a541a2000-7f2a542a2000 rw-p 00000000 00:00 0 
7f2a542a2000-7f2a542a3000 ---p 00000000 00:00 0 
7f2a542a3000-7f2a545a5000 rw-p 00000000 00:00 0 
7f2a545a5000-7f2a545a6000 ---p 00000000 00:00 0 
7f2a545a6000-7f2a546a6000 rw-p 00000000 00:00 0 
7f2a546a6000-7f2a546a7000 ---p 00000000 00:00 0 
7f2a546a7000-7f2a547a7000 rw-p 00000000 00:00 0 
7f2a547a7000-7f2a547a8000 ---p 00000000 00:00 0 
7f2a547a8000-7f2a54be2000 rw-p 00000000 00:00 0 
7f2a54be2000-7f2a561d6000 ---p 00000000 00:00 0 
7f2a561d6000-7f2a5623f000 rw-p 00000000 00:00 0 
7f2a5623f000-7f2a564fd000 ---p 00000000 00:00 0 
7f2a564fd000-7f2a5655f000 rw-p 00000000 00:00 0 
7f2a5655f000-7f2a5681d000 ---p 00000000 00:00 0 
7f2a5681d000-7f2a5687f000 rw-p 00000000 00:00 0 
7f2a5687f000-7f2a56b3d000 ---p 00000000 00:00 0 
7f2a56b3d000-7f2a56d4b000 rw-p 00000000 00:00 0 
7f2a56d4b000-7f2a56e2b000 ---p 00000000 00:00 0 
7f2a56e2b000-7f2a56e55000 rw-p 00000000 00:00 0 
7f2a56e55000-7f2a56f16000 ---p 00000000 00:00 0 
7f2a56f16000-7f2a56f1b000 rw-p 00000000 00:00 0 
7f2a56f1b000-7f2a56f22000 ---p 00000000 00:00 0 
7f2a56f22000-7f2a56f2a000 rw-s 00000000 fe:00 525804                     /tmp/hsperfdata_root/2848
7f2a56f2a000-7f2a56f36000 r--p 00000000 00:25 13820                      /usr/lib/jvm/java-17-openjdk-amd64/lib/libjava.so
7f2a56f36000-7f2a56f47000 r-xp 0000c000 00:25 13820                      /usr/lib/jvm/java-17-openjdk-amd64/lib/libjava.so
7f2a56f47000-7f2a56f4d000 r--p 0001d000 00:25 13820                      /usr/lib/jvm/java-17-openjdk-amd64/lib/libjava.so
7f2a56f4d000-7f2a56f4e000 r--p 00022000 00:25 13820                      /usr/lib/jvm/java-17-openjdk-amd64/lib/libjava.so
7f2a56f4e000-7f2a56f4f000 rw-p 00023000 00:25 13820                      /usr/lib/jvm/java-17-openjdk-amd64/lib/libjava.so
7f2a56f4f000-7f2a56f50000 rw-p 00000000 00:00 0 
7f2a56f50000-7f2a56f51000 r--p 00000000 00:25 13815                      /usr/lib/jvm/java-17-openjdk-amd64/lib/libinstrument.so
7f2a56f51000-7f2a56f57000 r-xp 00001000 00:25 13815                      /usr/lib/jvm/java-17-openjdk-amd64/lib/libinstrument.so
7f2a56f57000-7f2a56f5a000 r--p 00007000 00:25 13815                      /usr/lib/jvm/java-17-openjdk-amd64/lib/libinstrument.so
7f2a56f5a000-7f2a56f5b000 r--p 00009000 00:25 13815                      /usr/lib/jvm/java-17-openjdk-amd64/lib/libinstrument.so
7f2a56f5b000-7f2a56f5c000 rw-p 0000a000 00:25 13815                      /usr/lib/jvm/java-17-openjdk-amd64/lib/libinstrument.so
7f2a56f5c000-7f2a56f5e000 r--p 00000000 00:25 13824                      /usr/lib/jvm/java-17-openjdk-amd64/lib/libjimage.so
7f2a56f5e000-7f2a56f61000 r-xp 00002000 00:25 13824                      /usr/lib/jvm/java-17-openjdk-amd64/lib/libjimage.so
7f2a56f61000-7f2a56f62000 r--p 00005000 00:25 13824                      /usr/lib/jvm/java-17-openjdk-amd64/lib/libjimage.so
7f2a56f62000-7f2a56f63000 r--p 00006000 00:25 13824                      /usr/lib/jvm/java-17-openjdk-amd64/lib/libjimage.so
7f2a56f63000-7f2a56f64000 rw-p 00007000 00:25 13824                      /usr/lib/jvm/java-17-openjdk-amd64/lib/libjimage.so
7f2a56f64000-7f2a56f68000 ---p 00000000 00:00 0 
7f2a56f68000-7f2a57064000 rw-p 00000000 00:00 0 
7f2a57064000-7f2a57067000 r--p 00000000 00:25 17971                      /usr/lib/x86_64-linux-gnu/libgcc_s.so.1
7f2a57067000-7f2a5707e000 r-xp 00003000 00:25 17971                      /usr/lib/x86_64-linux-gnu/libgcc_s.so.1
7f2a5707e000-7f2a57082000 r--p 0001a000 00:25 17971                      /usr/lib/x86_64-linux-gnu/libgcc_s.so.1
7f2a57082000-7f2a57083000 r--p 0001d000 00:25 17971                      /usr/lib/x86_64-linux-gnu/libgcc_s.so.1
7f2a57083000-7f2a57084000 rw-p 0001e000 00:25 17971                      /usr/lib/x86_64-linux-gnu/libgcc_s.so.1
7f2a57084000-7f2a57094000 r--p 00000000 00:25 18072                      /usr/lib/x86_64-linux-gnu/libm.so.6
7f2a57094000-7f2a57108000 r-xp 00010000 00:25 18072                      /usr/lib/x86_64-linux-gnu/libm.so.6
7f2a57108000-7f2a57162000 r--p 00084000 00:25 18072                      /usr/lib/x86_64-linux-gnu/libm.so.6
7f2a57162000-7f2a57163000 r--p 000dd000 00:25 18072                      /usr/lib/x86_64-linux-gnu/libm.so.6
7f2a57163000-7f2a57164000 rw-p 000de000 00:25 18072                      /usr/lib/x86_64-linux-gnu/libm.so.6
7f2a57164000-7f2a571fd000 r--p 00000000 00:25 18239                      /usr/lib/x86_64-linux-gnu/libstdc++.so.6.0.30
7f2a571fd000-7f2a572fe000 r-xp 00099000 00:25 18239                      /usr/lib/x86_64-linux-gnu/libstdc++.so.6.0.30
7f2a572fe000-7f2a5736d000 r--p 0019a000 00:25 18239                      /usr/lib/x86_64-linux-gnu/libstdc++.so.6.0.30
7f2a5736d000-7f2a57378000 r--p 00209000 00:25 18239                      /usr/lib/x86_64-linux-gnu/libstdc++.so.6.0.30
7f2a57378000-7f2a5737b000 rw-p 00214000 00:25 18239                      /usr/lib/x86_64-linux-gnu/libstdc++.so.6.0.30
7f2a5737b000-7f2a5737e000 rw-p 00000000 00:00 0 
7f2a5737e000-7f2a575cf000 r--p 00000000 00:25 13856                      /usr/lib/jvm/java-17-openjdk-amd64/lib/server/libjvm.so
7f2a575cf000-7f2a58321000 r-xp 00251000 00:25 13856                      /usr/lib/jvm/java-17-openjdk-amd64/lib/server/libjvm.so
7f2a58321000-7f2a585a3000 r--p 00fa3000 00:25 13856                      /usr/lib/jvm/java-17-openjdk-amd64/lib/server/libjvm.so
7f2a585a3000-7f2a5865b000 r--p 01225000 00:25 13856                      /usr/lib/jvm/java-17-openjdk-amd64/lib/server/libjvm.so
7f2a5865b000-7f2a58690000 rw-p 012dd000 00:25 13856                      /usr/lib/jvm/java-17-openjdk-amd64/lib/server/libjvm.so
7f2a58690000-7f2a586ec000 rw-p 00000000 00:00 0 
7f2a586ec000-7f2a58712000 r--p 00000000 00:25 17860                      /usr/lib/x86_64-linux-gnu/libc.so.6
7f2a58712000-7f2a58868000 r-xp 00026000 00:25 17860                      /usr/lib/x86_64-linux-gnu/libc.so.6
7f2a58868000-7f2a588bb000 r--p 0017c000 00:25 17860                      /usr/lib/x86_64-linux-gnu/libc.so.6
7f2a588bb000-7f2a588bf000 r--p 001cf000 00:25 17860                      /usr/lib/x86_64-linux-gnu/libc.so.6
7f2a588bf000-7f2a588c1000 rw-p 001d3000 00:25 17860                      /usr/lib/x86_64-linux-gnu/libc.so.6
7f2a588c1000-7f2a588ce000 rw-p 00000000 00:00 0 
7f2a588ce000-7f2a588d0000 r--p 00000000 00:25 13825                      /usr/lib/jvm/java-17-openjdk-amd64/lib/libjli.so
7f2a588d0000-7f2a588d9000 r-xp 00002000 00:25 13825                      /usr/lib/jvm/java-17-openjdk-amd64/lib/libjli.so
7f2a588d9000-7f2a588dc000 r--p 0000b000 00:25 13825                      /usr/lib/jvm/java-17-openjdk-amd64/lib/libjli.so
7f2a588dc000-7f2a588dd000 r--p 0000d000 00:25 13825                      /usr/lib/jvm/java-17-openjdk-amd64/lib/libjli.so
7f2a588dd000-7f2a588de000 rw-p 0000e000 00:25 13825                      /usr/lib/jvm/java-17-openjdk-amd64/lib/libjli.so
7f2a588de000-7f2a588e1000 r--p 00000000 00:25 1006                       /usr/lib/x86_64-linux-gnu/libz.so.1.2.13
7f2a588e1000-7f2a588f4000 r-xp 00003000 00:25 1006                       /usr/lib/x86_64-linux-gnu/libz.so.1.2.13
7f2a588f4000-7f2a588fb000 r--p 00016000 00:25 1006                       /usr/lib/x86_64-linux-gnu/libz.so.1.2.13
7f2a588fb000-7f2a588fc000 r--p 0001c000 00:25 1006                       /usr/lib/x86_64-linux-gnu/libz.so.1.2.13
7f2a588fc000-7f2a588fd000 rw-p 0001d000 00:25 1006                       /usr/lib/x86_64-linux-gnu/libz.so.1.2.13
7f2a588fd000-7f2a588fe000 r--p 00000000 00:25 13891                      /usr/lib/locale/C.utf8/LC_ADDRESS
7f2a588fe000-7f2a588ff000 r--p 00000000 00:25 13901                      /usr/lib/locale/C.utf8/LC_TELEPHONE
7f2a588ff000-7f2a58900000 r--p 00000000 00:25 13895                      /usr/lib/locale/C.utf8/LC_MEASUREMENT
7f2a58900000-7f2a58901000 r--p 00000000 00:25 13894                      /usr/lib/locale/C.utf8/LC_IDENTIFICATION
7f2a58901000-7f2a58902000 ---p 00000000 00:00 0 
7f2a58902000-7f2a58903000 r--p 00000000 00:00 0 
7f2a58903000-7f2a58904000 ---p 00000000 00:00 0 
7f2a58904000-7f2a58906000 rw-p 00000000 00:00 0 
7f2a58906000-7f2a58907000 r--p 00000000 00:25 17646                      /usr/lib/x86_64-linux-gnu/ld-linux-x86-64.so.2
7f2a58907000-7f2a5892d000 r-xp 00001000 00:25 17646                      /usr/lib/x86_64-linux-gnu/ld-linux-x86-64.so.2
7f2a5892d000-7f2a58937000 r--p 00027000 00:25 17646                      /usr/lib/x86_64-linux-gnu/ld-linux-x86-64.so.2
7f2a58937000-7f2a58939000 r--p 00031000 00:25 17646                      /usr/lib/x86_64-linux-gnu/ld-linux-x86-64.so.2
7f2a58939000-7f2a5893b000 rw-p 00033000 00:25 17646                      /usr/lib/x86_64-linux-gnu/ld-linux-x86-64.so.2
7fffacd39000-7fffacd5a000 rw-p 00000000 00:00 0                          [stack]
7fffacde3000-7fffacde6000 r--p 00000000 00:00 0                          [vvar]
7fffacde6000-7fffacde8000 r-xp 00000000 00:00 0                          [vdso]
ffffffffff600000-ffffffffff601000 r-xp 00000000 00:00 0                  [vsyscall]


VM Arguments:
jvm_args: -XX:MaxMetaspaceSize=384m --add-opens=java.base/java.util=ALL-UNNAMED --add-opens=java.base/java.lang=ALL-UNNAMED --add-opens=java.base/java.lang.invoke=ALL-UNNAMED --add-opens=java.prefs/java.util.prefs=ALL-UNNAMED --add-opens=java.base/java.nio.charset=ALL-UNNAMED --add-opens=java.base/java.net=ALL-UNNAMED --add-opens=java.base/java.util.concurrent.atomic=ALL-UNNAMED -Xmx1600m -Dfile.encoding=UTF-8 -Duser.country -Duser.language=en -Duser.variant -javaagent:/root/.gradle/wrapper/dists/gradle-8.7-bin/bhs2wmbdwecv87pi65oeuq5iu/gradle-8.7/lib/agents/gradle-instrumentation-agent-8.7.jar 
java_command: org.gradle.launcher.daemon.bootstrap.GradleDaemon 8.7
java_class_path (initial): /root/.gradle/wrapper/dists/gradle-8.7-bin/bhs2wmbdwecv87pi65oeuq5iu/gradle-8.7/lib/gradle-launcher-8.7.jar
Launcher Type: SUN_STANDARD

[Global flags]
     intx CICompilerCount                          = 2                                         {product} {ergonomic}
   size_t CompressedClassSpaceSize                 = 335544320                                 {product} {ergonomic}
     uint ConcGCThreads                            = 1                                         {product} {ergonomic}
     uint G1ConcRefinementThreads                  = 2                                         {product} {ergonomic}
   size_t G1HeapRegionSize                         = 1048576                                   {product} {ergonomic}
    uintx GCDrainStackTargetSize                   = 64                                        {product} {ergonomic}
   size_t InitialHeapSize                          = 33554432                                  {product} {ergonomic}
   size_t MarkStackSize                            = 4194304                                   {product} {ergonomic}
   size_t MaxHeapSize                              = 1677721600                                {product} {command line}
   size_t MaxMetaspaceSize                         = 402653184                                 {product} {command line}
   size_t MaxNewSize                               = 1006632960                                {product} {ergonomic}
   size_t MinHeapDeltaBytes                        = 1048576                                   {product} {ergonomic}
   size_t MinHeapSize                              = 8388608                                   {product} {ergonomic}
    uintx NonNMethodCodeHeapSize                   = 5826188                                {pd product} {ergonomic}
    uintx NonProfiledCodeHeapSize                  = 122916026                              {pd product} {ergonomic}
    uintx ProfiledCodeHeapSize                     = 122916026                              {pd product} {ergonomic}
    uintx ReservedCodeCacheSize                    = 251658240                              {pd product} {ergonomic}
     bool SegmentedCodeCache                       = true                                      {product} {ergonomic}
   size_t SoftMaxHeapSize                          = 1677721600                             {manageable} {ergonomic}
     bool UseCompressedClassPointers               = true                           {product lp64_product} {ergonomic}
     bool UseCompressedOops                        = true                           {product lp64_product} {ergonomic}
     bool UseG1GC                                  = true                                      {product} {ergonomic}

Logging:
Log output configuration:
 #0: stdout all=warning uptime,level,tags
 #1: stderr all=off uptime,level,tags

Environment Variables:
PATH=/usr/local/sbin:/usr/local/bin:/usr/sbin:/usr/bin:/sbin:/bin
SHELL=/bin/bash
LANG=C.UTF-8
LC_ALL=C.UTF-8
TERM=tmux-256color

Active Locale:
LC_ALL=C.UTF-8
LC_COLLATE=C.UTF-8
LC_CTYPE=C.UTF-8
LC_MESSAGES=C.UTF-8
LC_MONETARY=C.UTF-8
LC_NUMERIC=C.UTF-8
LC_TIME=C.UTF-8

Signal Handlers:
   SIGSEGV: crash_handler in libjvm.so, mask=11100100010111111101111111111110, flags=SA_RESTART|SA_SIGINFO, unblocked
    SIGBUS: crash_handler in libjvm.so, mask=11100100010111111101111111111110, flags=SA_RESTART|SA_SIGINFO, unblocked
    SIGFPE: crash_handler in libjvm.so, mask=11100100010111111101111111111110, flags=SA_RESTART|SA_SIGINFO, unblocked
   SIGPIPE: javaSignalHandler in libjvm.so, mask=11100100010111111101111111111110, flags=SA_RESTART|SA_SIGINFO, unblocked
   SIGXFSZ: javaSignalHandler in libjvm.so, mask=11100100010111111101111111111110, flags=SA_RESTART|SA_SIGINFO, unblocked
    SIGILL: crash_handler in libjvm.so, mask=11100100010111111101111111111110, flags=SA_RESTART|SA_SIGINFO, unblocked
   SIGUSR2: SR_handler in libjvm.so, mask=00100000000000000000000000000000, flags=SA_RESTART|SA_SIGINFO, unblocked
    SIGHUP: UserHandler in libjvm.so, mask=11100100010111111101111111111110, flags=SA_RESTART|SA_SIGINFO, unblocked
    SIGINT: UserHandler in libjvm.so, mask=11100100010111111101111111111110, flags=SA_RESTART|SA_SIGINFO, unblocked
   SIGTERM: UserHandler in libjvm.so, mask=11100100010111111101111111111110, flags=SA_RESTART|SA_SIGINFO, unblocked
   SIGQUIT: UserHandler in libjvm.so, mask=11100100010111111101111111111110, flags=SA_RESTART|SA_SIGINFO, unblocked
   SIGTRAP: crash_handler in libjvm.so, mask=11100100010111111101111111111110, flags=SA_RESTART|SA_SIGINFO, unblocked


Periodic native trim disabled


---------------  S Y S T E M  ---------------

OS:
PRETTY_NAME="Debian GNU/Linux 12 (bookworm)"
NAME="Debian GNU/Linux"
VERSION_ID="12"
VERSION="12 (bookworm)"
VERSION_CODENAME=bookworm
ID=debian
HOME_URL="https://www.debian.org/"
SUPPORT_URL="https://www.debian.org/support"
BUG_REPORT_URL="https://bugs.debian.org/"
uname: Linux 4.19.91-c8dfc93.al7.x86_64 #1 SMP Tue Sep 26 10:25:51 UTC 2023 x86_64
OS uptime: 0 days 0:23 hours
libc: glibc 2.36 NPTL 2.36 
rlimit (soft/hard): STACK 8192k/infinity , CORE 0k/0k , NPROC 100000/100000 , NOFILE 100000/100000 , AS infinity/infinity , CPU infinity/infinity , DATA infinity/infinity , FSIZE infinity/infinity , MEMLOCK 64k/64k
load average: 1.88 2.54 1.66

/proc/meminfo:
MemTotal:        2152516 kB
MemFree:           41684 kB
MemAvailable:     309084 kB
Buffers:           21860 kB
Cached:           290360 kB
SwapCached:            0 kB
Active:          1854280 kB
Inactive:         158072 kB
Active(anon):    1700240 kB
Inactive(anon):       16 kB
Active(file):     154040 kB
Inactive(file):   158056 kB
Unevictable:           0 kB
Mlocked:               0 kB
SwapTotal:             0 kB
SwapFree:              0 kB
Dirty:              1536 kB
Writeback:             0 kB
AnonPages:       1700208 kB
Mapped:            31968 kB
Shmem:                32 kB
Slab:              47012 kB
SReclaimable:      33732 kB
SUnreclaim:        13280 kB
KernelStack:        3904 kB
PageTables:         5288 kB
NFS_Unstable:          0 kB
Bounce:                0 kB
WritebackTmp:          0 kB
CommitLimit:     1076256 kB
Committed_AS:    2123808 kB
VmallocTotal:   34359738367 kB
VmallocUsed:           0 kB
VmallocChunk:          0 kB
Percpu:              384 kB
AnonHugePages:    440320 kB
ShmemHugePages:        0 kB
ShmemPmdMapped:        0 kB
HugePages_Total:       0
HugePages_Free:        0
HugePages_Rsvd:        0
HugePages_Surp:        0
Hugepagesize:       2048 kB
Hugetlb:               0 kB
DirectMap4k:        8192 kB
DirectMap2M:     2523136 kB
DirectMap1G:           0 kB

/sys/kernel/mm/transparent_hugepage/enabled: [always] madvise never
/sys/kernel/mm/transparent_hugepage/hpage_pmd_size: 2097152
/sys/kernel/mm/transparent_hugepage/defrag (defrag/compaction efforts parameter): always defer defer+madvise madvise [never]

Process Memory:
Virtual Size: 3278868K (peak: 3675612K)
Resident Set Size: 470660K (peak: 470660K) (anon: 446248K, file: 24412K, shmem: 0K)
Swapped out: 0K
C-Heap outstanding allocations: 77800K, retained: 33019K
glibc malloc tunables: (default)

/proc/sys/kernel/threads-max (system-wide limit on the number of threads): 1129
/proc/sys/vm/max_map_count (maximum number of memory map areas a process may have): 65530
/proc/sys/vm/swappiness (control to define how aggressively the kernel swaps out anonymous memory): 60
/proc/sys/kernel/pid_max (system-wide limit on number of process identifiers): 32768

container (cgroup) information:
container_type: cgroupv1
cpu_cpuset_cpus: 0-1
cpu_memory_nodes: 0
active_processor_count: 2
cpu_quota: no quota
cpu_period: 100000
cpu_shares: 12288
memory_limit_in_bytes: 2097152 k
memory_and_swap_limit_in_bytes: unlimited
memory_soft_limit_in_bytes: unlimited
memory_usage_in_bytes: 2046780 k
memory_max_usage_in_bytes: 2061512 k
rss_usage_in_bytes: 1691736 k
cache_usage_in_bytes: 312076 k
kernel_memory_limit_in_bytes: unlimited
kernel_memory_usage_in_bytes: 42716 k
kernel_memory_max_usage_in_bytes: 81324 k
maximum number of tasks: unlimited
current number of tasks: 168

KVM virtualization detected
Steal ticks since vm start: 5655
Steal ticks percentage since vm start:  0.418

CPU: total 2 (initial active 2) (2 cores per cpu, 1 threads per core) family 6 model 85 stepping 7 microcode 0x1, cx8, cmov, fxsr, mmx, 3dnowpref, sse, sse2, sse3, ssse3, sse4.1, sse4.2, popcnt, lzcnt, tsc, tscinvbit, avx, avx2, aes, erms, clmul, bmi1, bmi2, adx, avx512f, avx512dq, avx512cd, avx512bw, avx512vl, fma, vzeroupper, avx512_vnni, clflush, clflushopt, clwb, hv
CPU Model and flags from /proc/cpuinfo:
model name	: Intel(R) Xeon(R) Processor @ 2.50GHz
flags		: fpu vme de pse tsc msr pae mce cx8 apic sep mtrr pge mca cmov pat pse36 clflush mmx fxsr sse sse2 ss ht syscall nx pdpe1gb rdtscp lm constant_tsc rep_good nopl xtopology nonstop_tsc cpuid tsc_known_freq pni pclmulqdq ssse3 fma cx16 pcid sse4_1 sse4_2 x2apic movbe popcnt tsc_deadline_timer aes xsave avx f16c rdrand hypervisor lahf_lm abm 3dnowprefetch cpuid_fault invpcid_single ssbd ibrs ibpb stibp ibrs_enhanced fsgsbase tsc_adjust bmi1 avx2 smep bmi2 erms invpcid mpx avx512f avx512dq rdseed adx smap clflushopt clwb avx512cd avx512bw avx512vl xsaveopt xsavec xgetbv1 xsaves umip avx512_vnni md_clear arch_capabilities

Online cpus: 0-1
Offline cpus: 
BIOS frequency limitation: <Not Available>
Frequency switch latency (ns): <Not Available>
Available cpu frequencies: <Not Available>
Current governor: <Not Available>
Core performance/turbo boost: <Not Available>

Memory: 4k page, physical 2097152k(50372k free), swap 0k(0k free)
Page Sizes: 4k

vm_info: OpenJDK 64-Bit Server VM (17.0.20+8-1-deb12u1-Debian) for linux-amd64 JRE (17.0.20+8-1-deb12u1-Debian), built on Jul 28 2026 07:08:51 by "buildd" with gcc 12.2.0

END.
